ability,能力,əˈbɪləti,名詞(n.),
able,〜することができる,ˈeɪbəl,形容詞(adj.),
about,～について,əˈbaʊt,前置詞(prep.),
above,〜の上に,əˈbʌv,副詞(adv),
absolute,絶対的な；完全な,ˈæbsəˌlut,形容詞(adj.),
absolutely,完全に,ˌæbsəˈlutli,副詞(adv),
accept,受け入れる；受け取る,ækˈsɛpt,動詞(verb),
acceptable,許容できる,ækˈsɛptəbəl,形容詞(adj.),
account,(預金)口座,əˈkaʊnt,名詞(n.),
across,横切って；交差して,əˈkrɔs,副詞(adv),
act,行動する,ækt,動詞(verb),
action,行動,ˈækʃən,名詞(n.),
actual,実際の,ˈækʧuəl,形容詞(adj.),
actually,実際は,ˈækʧuəli,副詞(adv),
add,加える,æd,動詞(verb),
addition,追加,əˈdɪʃən,名詞(n.),
additional,追加の,əˈdɪʃənəl,形容詞(adj.),
address,住所； アドレス,ˈæˌdrɛs,名詞(n.),
admit,認める,ədˈmɪt,動詞(verb),
advertise,宣伝する,ˈædvərˌtaɪz,動詞(verb),
advertisement,広告,ədˈvɜrtəzmənt,名詞(n.),
afford,～する余裕がある,əˈfɔrd,動詞(verb),
afraid,怖がって,əˈfreɪd,形容詞(adj.),
after,～後で；～を追って,ˈæftər,副詞(adv),
afternoon,午後,ˌæftərˈnun,名詞(n.),
again,再び；その上,əˈgɛn,副詞(adv),
against,～に反対して,əˈgɛnst,前置詞(prep.),
age,年齢,eɪʤ,名詞(n.),
ago,～前に,əˈgoʊ,副詞(adv),
agree,同意する；一致する；合う,əˈgri,動詞(verb),
agreement,合意；協定；一致,əˈgrimənt,名詞(n.),
ahead,前方に；先に,əˈhɛd,副詞(adv),
air,空気,ɛr,名詞(n.),
all,すべて,ɔl,副詞(adv),
allow,許可する,əˈlaʊ,動詞(verb),
almost,ほとんど,ˈɔlˌmoʊst,副詞(adv),
alone,独りで；ただ～だけ,əˈloʊn,副詞(adv),
along,～に沿って,əˈlɔŋ,前置詞(prep.),
already,すでに,ɔlˈrɛdi,副詞(adv),
alright,申し分ない；大丈夫である；了解した,ˌɔlˈraɪt,副詞(adv),
also,～もまた；同様に；その上,ˈɔlsoʊ,副詞(adv),
although,〜だけれども,ˌɔlˈðoʊ,接続詞(conj.),
always,いつも,ˈɔlˌweɪz,副詞(adv),
amaze,びっくりさせる,əˈmeɪz,動詞(verb),
among,〜の間に；～の中の,əˈmʌŋ,前置詞(prep.),
amount,量；総計，合計に達する；結局～なる,əˈmaʊnt,名詞(n.),
and,～と・・・,ænd,接続詞(conj.),
angry,腹を立てている,ˈæŋgri,形容詞(adj.),
animal,動物,ˈænəməl,名詞(n.),
another,もう一つの；別の,əˈnʌðər,限定詞(det.),
answer,答え,ˈænsər,名詞(n.),
any,（疑問文で）何か；いくらか，（否定文で）どれも；少しも，（肯定文で）どれでも,ˈɛni,限定詞(det.),
anybody,（疑問文で）誰か，（否定文で）誰も，（肯定文で）誰でも,ˈɛnibədi,代名詞(pron.),
anymore,もはやこれ以上～しない,ˌɛniˈmɔr,副詞(adv),
anyone,（疑問文で）誰か，（否定文で）誰も，（肯定文で）誰でも,ˈɛniˌwʌn,代名詞(pron.),
anything,（疑問文で）何か，（否定文で）何も，（肯定文で）何でも,ˈɛniˌθɪŋ,名詞(n.),
anyway,とにかく；いずれにせよ,ˈɛniˌweɪ,副詞(adv),
anywhere,（疑問文で）どこかへ，（否定文で）どこにも，（肯定文で）どこでも,ˈɛniˌwɛr,副詞(adv),
apart,離れて；別々に,əˈpɑrt,副詞(adv),
apparent,明白な,əˈpɛrənt,形容詞(adj.),
apparently,明白に；見掛けは,əˈpɛrəntli,副詞(adv),
appear,現れる,əˈpɪr,動詞(verb),
appearance,外観；出現；状況,əˈpɪrəns,名詞(n.),
area,地域；場所,ˈɛriə,名詞(n.),
arm,腕,ɑrm,名詞(n.),
around,～の周りに,əˈraʊnd,副詞(adv),
arrival,到着,əˈraɪvəl,名詞(n.),
arrive,到着する,əˈraɪv,動詞(verb),
art,芸術,ɑrt,名詞(n.),
artist,芸術家；アーティスト,ˈɑrtəst,名詞(n.),
as,同じぐらい；～のように,æz,前置詞(prep.),
ashamed,恥じている,əˈʃeɪmd,形容詞(adj.),
ask,尋ねる；求める；頼む,æsk,動詞(verb),
at,～の所で；～に,æt,前置詞(prep.),
autumn,秋,ˈɔtəm,名詞(n.),
aware,気づいている,əˈwɛr,形容詞(adj.),
awareness,認識,əˈwɛrnəs,名詞(n.),
away,離れて,əˈweɪ,副詞(adv),
awful,恐ろしい；ひどい,ˈɑfəl,形容詞(adj.),
baby,赤ん坊,ˈbeɪbi,名詞(n.),
back,もとに戻って,bæk,副詞(adv),
bad,悪い,bæd,形容詞(adj.),
badly,悪く,ˈbædli,副詞(adv),
bag,かばん；バッグ；袋,bæg,名詞(n.),
ball,ボール；球,bɔl,名詞(n.),
bank,銀行,bæŋk,名詞(n.),
bar,妨げる; (道を)ふさぐ,bɑr,動詞(verb),
basic,基本的な,ˈbeɪsɪk,形容詞(adj.),
basically,基本的には,ˈbeɪsɪkli,副詞(adv),
bath,浴槽,bæθ,名詞(n.),
be,～である,bi,動詞(verb),
beach,砂浜,biʧ,名詞(n.),
bear,熊,bɛr,名詞(n.),
beat,打ち負かす,bit,動詞(verb),
beautiful,美しい,ˈbjutəfəl,形容詞(adj.),
beauty,美人,ˈbjuti,名詞(n.),
because,なぜなら～だから,bɪˈkɔz,接続詞(conj.),
become,～になる,bɪˈkʌm,動詞(verb),
bed,ベッド,bɛd,名詞(n.),
before,以前に,bɪˈfɔr,副詞(adv),
begin,始まる；始める,bɪˈgɪn,動詞(verb),
behind,～の後ろに,bɪˈhaɪnd,副詞(adv),
believe,信じる,bɪˈliv,動詞(verb),
below,下に；低く,bɪˈloʊ,副詞(adv),
beneath,～の下に,bɪˈniθ,前置詞(prep.),
beside,～の近くに;～の 隣に,bɪˈsaɪd,前置詞(prep.),
besides,～のほか；～を除いて，その上,bɪˈsaɪdz,前置詞(prep.),
bet,賭ける,bɛt,動詞(verb),
between,～の間に,bɪˈtwin,前置詞(prep.),
beyond,～の向こうに；～を超えて；～のほかに,bɪˈɑnd,副詞(adv),
big,大きい,bɪg,形容詞(adj.),
bill,請求書,bɪl,名詞(n.),
billion,十億,ˈbɪljən,数詞(num.),
bird,鳥,bɜrd,名詞(n.),
birth,誕生,bɜrθ,名詞(n.),
bit,少し；部分,bɪt,名詞(n.),
black,黒い,blæk,形容詞(adj.),
blood,血,blʌd,名詞(n.),
bloody,血がついた，ひどく,ˈblʌdi,形容詞(adj.),
blow,吹き飛ばす,bloʊ,動詞(verb),
blue,青い,blu,形容詞(adj.),
boat,ボート；船,boʊt,名詞(n.),
body,体；人,ˈbɑdi,名詞(n.),
bone,骨,boʊn,名詞(n.),
book,本,bʊk,名詞(n.),
both,両方,boʊθ,形容詞(adj.),
bother,悩ませる；思い悩む,ˈbɑðər,動詞(verb),
bottle,ボトル；瓶,ˈbɑtəl,名詞(n.),
bottom,底,ˈbɑtəm,名詞(n.),
box,箱；ボックス,bɑks,名詞(n.),
boy,男の子,bɔɪ,名詞(n.),
bread,パン,brɛd,名詞(n.),
break,壊す；折る,breɪk,動詞(verb),
breakfast,朝食,ˈbrɛkfəst,名詞(n.),
breath,息；呼吸,brɛθ,名詞(n.),
bright,明るい; まぶしい,braɪt,形容詞(adj.),
bring,持ってくる；もたらす；至らせる,brɪŋ,動詞(verb),
brother,兄弟；仲間,ˈbrʌðər,名詞(n.),
brown,茶色の,braʊn,形容詞(adj.),
build,建てる；作る,bɪld,動詞(verb),
burn,燃える；焼く,bɜrn,動詞(verb),
bus,バス,bʌs,名詞(n.),
business,会社,ˈbɪznəs,名詞(n.),
busy,忙しい,ˈbɪzi,形容詞(adj.),
but,でも,bʌt,接続詞(conj.),
buy,買う,baɪ,動詞(verb),
buyer,買い手,ˈbaɪər,名詞(n.),
by,～の近くに,baɪ,前置詞(prep.),
cake,ケーキ,keɪk,名詞(n.),
camp,キャンプ,kæmp,名詞(n.),
can,〜することができる,kæn,助動詞(aux.),
car,車,kɑr,名詞(n.),
card,カード,kɑrd,名詞(n.),
care,世話をする,kɛr,動詞(verb),
careful,注意深い,ˈkɛrfəl,形容詞(adj.),
carefully,注意深く,ˈkɛrfəli,副詞(adv),
carry,運ぶ；持つ,ˈkæri,動詞(verb),
case,場合,keɪs,名詞(n.),
cat,猫,kæt,名詞(n.),
catch,捕まえる,kæʧ,動詞(verb),
cause,～の原因となる；引き起こす；～させる,kɑz,動詞(verb),
center,中心,ˈsɛntər,名詞(n.),
central,中央の； 主要な,ˈsɛntrəl,形容詞(adj.),
certain,確信している；必ず～する；明白である；若干の,ˈsɜrtən,形容詞(adj.),
certainly,確かに,ˈsɜrtənli,副詞(adv),
chair,椅子,ʧɛr,名詞(n.),
chance,機会；可能性；偶然,ʧæns,名詞(n.),
change,変える； 変わる,ʧeɪnʤ,動詞(verb),
charge,請求する,ʧɑrʤ,動詞(verb),
cheap,安い,ʧip,形容詞(adj.),
check,確認する,ʧɛk,動詞(verb),
chicken,ニワトリ,ˈʧɪkən,名詞(n.),
child,子ども,ʧaɪld,名詞(n.),
childhood,子供時代,ˈʧaɪldˌhʊd,名詞(n.),
chip,削り取る,ʧɪp,動詞(verb),
choice,選択,ʧɔɪs,名詞(n.),
choose,選ぶ,ʧuz,動詞(verb),
church,教会,ʧɜrʧ,名詞(n.),
city,市；都市,ˈsɪti,名詞(n.),
class,階級； ランク,klæs,名詞(n.),
clean,きれいな；清潔な,klin,形容詞(adj.),
clear,はっきりした,klɪr,形容詞(adj.),
clearly,はっきりと,ˈklɪrli,副詞(adv),
climb,登る,klaɪm,動詞(verb),
clock,時計,klɑk,名詞(n.),
close,近い,kloʊs,副詞(adv),
closely,密接に,ˈkloʊsli,副詞(adv),
clothes,衣服,kloʊðz,名詞(n.) 複数形(pl.),
clothing,衣類,ˈkloʊðɪŋ,名詞(n.),
club,クラブ； 同好会； 会員制組織，,klʌb,名詞(n.),
coat,上着; コート,koʊt,名詞(n.),
coffee,コーヒー,ˈkɑfi,名詞(n.),
cold,冷たい；寒い,koʊld,形容詞(adj.),
collect,集める,kəˈlɛkt,動詞(verb),
collection,収集物(品); コレクション,kəˈlɛkʃən,名詞(n.),
college,大学；（米）単科大学,ˈkɑlɪʤ,名詞(n.),
color,色,ˈkʌlər,名詞(n.),
come,行く,kʌm,動詞(verb),
comfort,快適さ； 安楽,ˈkʌmfərt,名詞(n.),
comfortable,快適な； 心地よい,ˈkʌmfərtəbəl,形容詞(adj.),
company,会社,ˈkʌmpəni,名詞(n.),
complete,完全にする；完成させる,kəmˈplit,動詞(verb),
completely,完全に,kəmˈplitli,副詞(adv),
compute,計算する,kəmˈpjut,動詞(verb),
computer,コンピュータ,kəmˈpjutər,名詞(n.),
concern,心配；懸念；配慮；関心の対象；関係；関係する,kənˈsɜrn,名詞(n.),
consider,考慮する；みなす,kənˈsɪdər,動詞(verb),
consideration,考慮事項,kənˌsɪdəˈreɪʃən,名詞(n.),
continue,続く,kənˈtɪnju,動詞(verb),
continuous,連続的な,kənˈtɪnjuəs,形容詞(adj.),
control,支配する；管理する；抑制する；照査する,kənˈtroʊl,動詞(verb),
conversation,会話; 対談,ˌkɑnvərˈseɪʃən,名詞(n.),
cook,料理する,kʊk,動詞(verb),
cool,涼しい；冷たい,kul,形容詞(adj.),
corner,コーナー；角；地域；窮地,ˈkɔrnər,名詞(n.),
cost,費用,kɑst,名詞(n.),
could,～できた,kʊd,動詞(verb),
count,数える；重要である,kaʊnt,動詞(verb),
country,国,ˈkʌntri,名詞(n.),
couple,ペア；カップル,ˈkʌpəl,名詞(n.),
course,方向; 進路,kɔrs,名詞(n.),
court,(テニスなどの)コート,kɔrt,名詞(n.),
cover,蓋; 覆う,ˈkʌvər,名詞(n.),
coverage,"報道, 取材; 報道[取材]規模；受信地域；補償額；取り扱い範囲.",ˈkʌvərəʤ,名詞(n.),
crazy,気が狂った；夢中である,ˈkreɪzi,形容詞(adj.),
crime,犯罪,kraɪm,名詞(n.),
cross,横断する；交差する，交差している,krɔs,動詞(verb),
cry,泣く,kraɪ,動詞(verb),
cup,カップ,kʌp,名詞(n.),
cut,切る,kʌt,動詞(verb),
daily,日々,ˈdeɪli,副詞(adv),
dance,踊る,dæns,動詞(verb),
danger,危険,ˈdeɪnʤər,名詞(n.),
dangerous,危険な,ˈdeɪnʤərəs,形容詞(adj.),
dark,暗い,dɑrk,形容詞(adj.),
darkness,暗さ；黒さ,ˈdɑrknəs,名詞(n.),
date,日付,deɪt,名詞(n.),
daughter,娘,ˈdɔtər,名詞(n.),
day,日,deɪ,名詞(n.),
dead,死んでいる,dɛd,形容詞(adj.),
deal,分け与える；配る,dil,動詞(verb),
dealer,販売業者,ˈdilər,名詞(n.),
dear,親愛な,dɪr,形容詞(adj.),
death,死；死亡,dɛθ,名詞(n.),
decide,決める,ˌdɪˈsaɪd,動詞(verb),
deep,深い,dip,形容詞(adj.),
deeply,深く；深刻に,ˈdipli,副詞(adv),
definitely,明確に,ˈdɛfənətli,副詞(adv),
degree,度; 程度；レベル,dɪˈgri,名詞(n.),
depend,"〖on [upon] A〗A 次第である, Aによって決まる,依存する, 頼る",dɪˈpɛnd,動詞(verb),
dependent,他人に頼っている,dɪˈpɛndənt,形容詞(adj.),
depth,深さ,dɛpθ,名詞(n.),
die,死ぬ,daɪ,動詞(verb),
difference,相違,ˈdɪfərəns,名詞(n.),
different,異なる；いろいろな；変わった,ˈdɪfərənt,形容詞(adj.),
differently,異なって,ˈdɪfrəntli,副詞(adv),
difficult,難しい,ˈdɪfəkəlt,形容詞(adj.),
difficulty,難しさ；困難,ˈdɪfəkəlti,名詞(n.),
dig,掘る,dɪg,動詞(verb),
dinner,夕食,ˈdɪnər,名詞(n.),
dirty,汚い,ˈdɜrti,形容詞(adj.),
discover,発見する,dɪˈskʌvər,動詞(verb),
discovery,発見,dɪˈskʌvəri,名詞(n.),
do,する,du,動詞(verb),
dog,犬,dɔg,名詞(n.),
door,ドア,dɔr,名詞(n.),
double,二倍，二倍の,ˈdʌbəl,前置詞(prep.),
doubt,疑い,daʊt,名詞(n.),
down,下へ；下って,daʊn,前置詞(prep.),
draw,線を引く；描く,drɔ,動詞(verb),
dream,夢,drim,名詞(n.),
dress,ドレス；ワンピース；服装,drɛs,名詞(n.),
drink,飲む,drɪŋk,動詞(verb),
drive,運転する,draɪv,動詞(verb),
driver,運転手,ˈdraɪvər,名詞(n.),
drop,落とす,drɑp,動詞(verb),
drug,薬,drʌg,名詞(n.),
dry,乾いた,draɪ,形容詞(adj.),
during,"〈特定の期間･出来事･行為など〉の間じゅう, の間を通して, …の間に",ˈdʊrɪŋ,前置詞(prep.),"duringはある事が「特定の期間中に」起きる･行われることを, forはそれが「どのくらいの期間」継続するかを表す."
each,各；1つ1つの,iʧ,限定詞(det.),
ear,耳,ir,名詞(n.),
early,早い；初期の,ˈɜrli,形容詞(adj.),
earth,地球,ɜrθ,名詞(n.),
easily,簡単に,ˈizəli,副詞(adv),
east,東,ist,名詞(n.),
easy,簡単な；ゆったりした,ˈizi,形容詞(adj.),
eat,食べる,it,動詞(verb),
edge,端；ふち,ɛʤ,名詞(n.),
educate,教育する,ˈɛʤəˌkeɪt,動詞(verb),
educational,教育の,ˌɛʤəˈkeɪʃənəl,形容詞(adj.),
egg,卵,ɛg,名詞(n.),
eight,8,eɪt,数詞(num.),
eighteen,18,eɪˈtin,数詞(num.),
eighty,80,ˈeɪti,数詞(num.),
either,どちらか,ˈiðər,形容詞(adj.),
else,その他に；さもないと,ɛls,副詞(adv),
elsewhere,どこか他の所で,ˈɛlˌswɛr,副詞(adv),
employ,雇う,ɛmˈplɔɪ,動詞(verb),
employee,従業員,ɛmˈplɔɪi,名詞(n.),
employer,雇用主,ɛmˈplɔɪər,名詞(n.),
employment,雇用,ɛmˈplɔɪmənt,名詞(n.),
empty,空っぽの,ˈɛmpti,形容詞(adj.),
engine,エンジン,ˈɛnʤən,名詞(n.),
enjoy,楽しむ,ɛnˈʤɔɪ,動詞(verb),
enough,十分な，十分に,ɪˈnʌf,形容詞(adj.),
enter,入る,ˈɛntər,動詞(verb),
especially,特に,əˈspɛʃli,副詞(adv),
even,更に,ˈivɪn,副詞(adv),
evening,夕方；晩,ˈivnɪŋ,n,
ever,今までに；絶対に；ずっと；いつか；いったい,ˈɛvər,副詞(adv),
every,すべての；毎～,ˈɛvəri,限定詞(det.),
everybody,みんな；誰でも,ˈɛvriˌbɑdi,代名詞(pron.),
everyday,毎日；日常の,ˈɛvriˈdeɪ,形容詞(adj.),
everyone,みんな；誰でも,ˈɛvriˌwʌn,代名詞(pron.),
everything,すべてのこと・もの,ˈɛvriˌθɪŋ,代名詞(pron.),
everywhere,どこでも；どこで～しても,ˈɛvriˌwɛr,副詞(adv),
exact,正確な,ɪgˈzækt,形容詞(adj.),
exactly,正確に,ɪgˈzæktli,副詞(adv),
except,～を除いて；～以外,ɪkˈsɛpt,前置詞(prep.),
excite,刺激する；興奮させる,ɪkˈsaɪt,動詞(verb),
excitement,興奮；刺激,ɪkˈsaɪtmənt,名詞(n.),
excuse,免除する,ɪkˈskjus,動詞(verb),
expect,予期する；期待する,ɪkˈspɛkt,動詞(verb),
expectation,予想；期待,ˌɛkspɛkˈteɪʃən,名詞(n.),
expensive,値段が高い,ɪkˈspɛnsɪv,形容詞(adj.),
experience,経験,ɪkˈspɪriəns,名詞(n.),
explain,説明する,ɪkˈspleɪn,動詞(verb),
explanation,説明,ˌɛkspləˈneɪʃən,名詞(n.),
express,表す；述べる,ɪkˈsprɛs,動詞(verb),
expression,表現；表情,ɪkˈsprɛʃən,名詞(n.),
extra,余分の，余分なもの,ˈɛkstrə,形容詞(adj.),
eye,目,aɪ,名詞(n.),
face,顔,feɪs,名詞(n.),
fact,事実,fækt,名詞(n.),
fair,公正な；公平な,fɛr,形容詞(adj.),
fairly,かなり,ˈfɛrli,副詞(adv),
family,家族,ˈfæməli,名詞(n.),
far,遠い,fɑr,形容詞(adj.),
farm,農場,fɑrm,名詞(n.),
farmer,農家の人,ˈfɑrmər,名詞(n.),
fast,速い,fæst,形容詞(adj.),
fat,脂肪,fæt,名詞(n.),
father,父,ˈfɑðər,名詞(n.),
favorite,お気に入りの,ˈfeɪvərɪt,形容詞(adj.),
fear,恐れ,fɪr,名詞(n.),
feed,食べ物を与える,fid,動詞(verb),
feel,感じる,fil,動詞(verb),
few,少ない；ほとんどない,fju,形容詞(adj.),
field,野原,fild,名詞(n.),
fifteen,15,fɪfˈtin,数詞(num.),
fifty,50,ˈfɪfti,数詞(num.),
fight,けんか；戦い,faɪt,名詞(n.),
figure,～と考える,ˈfɪgjər,動詞(verb),
fill,いっぱいにする；満たす,fɪl,動詞(verb),
film,映画,fɪlm,名詞(n.),
final,最後の,ˈfaɪnəl,形容詞(adj.),
finally,最後に；やっと,ˈfaɪnəli,副詞(adv),
find,発見する,faɪnd,動詞(verb),
fine,すばらしい；上等[上品]な；元気な；都合がいい；十分な；晴天,faɪn,形容詞(adj.),
finger,指,ˈfɪŋgər,名詞(n.),
finish,終わり,ˈfɪnɪʃ,名詞(n.),
fire,火；火事,ˈfaɪər,名詞(n.),
firstly,まず第一に,ˈfɜrstli,副詞(adv),
fish,魚,fɪʃ,名詞(n.),
fit,適している,fɪt,形容詞(adj.),
five,5,faɪv,数詞(num.),
fix,直す,fɪks,動詞(verb),
flat,平らな,flæt,形容詞(adj.),
floor,床,flɔr,名詞(n.),
flower,花,ˈflaʊər,名詞(n.),
fly,羽ばたいて飛ぶ,flaɪ,動詞(verb),
follow,後について行く；従う,ˈfɑloʊ,動詞(verb),
food,食物,fud,名詞(n.),
foot,足,fʊt,名詞(n.),
football,サッカー,ˈfʊtˌbɔl,名詞(n.),
force,強制する,fɔrs,動詞(verb),
forest,森林,ˈfɔrəst,名詞(n.),
forget,忘れる,fərˈgɛt,動詞(verb),
form,形,fɔrm,名詞(n.),
fortunate,幸運な,ˈfɔrʧənət,形容詞(adj.),
forty,40,ˈfɔrti,数詞(num.),
forward,前方の,ˈfɔrwərd,副詞(adv),
found,見つけられた；発見された,faʊnd,動詞(verb),
four,4,fɔr,数詞(num.),
fourteen,14,ˈfɔrˈtin,数詞(num.),
free,無料の,fri,形容詞(adj.),
freedom,自由,ˈfridəm,名詞(n.),
freeze,凍る,friz,動詞(verb),
fresh,新しい,frɛʃ,形容詞(adj.),
friday,金曜日,ˈfraɪdi,名詞(n.),
friendly,友好的な,ˈfrɛndli,副詞(adv),
friendship,友情,ˈfrɛndʃɪp,名詞(n.),
frighten,怖がらせる,ˈfraɪtən,動詞(verb),
from,～から；～出身の,frʌm,前置詞(prep.),
front,前面,frʌnt,形容詞(adj.),
full,いっぱいの；満ちた,fʊl,形容詞(adj.),
fully,完全に；十分に,ˈfʊli,副詞(adv),
funny,おかしい；妙な,ˈfʌni,形容詞(adj.),
further,さらに先へ；さらにまた,ˈfɜrðər,形容詞(adj.),
game,ゲーム,geɪm,名詞(n.),
garden,庭,ˈgɑrdən,名詞(n.),
gas,ガス；気体,gæs,名詞(n.),
general,一般的な；全般的な,ˈʤɛnərəl,形容詞(adj.),
generally,一般に,ˈʤɛnərəli,副詞(adv),
gentle,優しい；穏やかな,ˈʤɛntəl,形容詞(adj.),
gently,優しく；穏やかに,ˈʤɛntli,副詞(adv),
get,得る；受ける,gɛt,動詞(verb),
girl,女の子,gɜrl,名詞(n.),
give,"与える；渡す；伝える；...する；もたらす；許し与える；弾力性；柔軟性, 順応性",gɪv,動詞(verb),
glad,うれしい,glæd,形容詞(adj.),
glance,ちらりと見ること,glæns,名詞(n.),
glass,ガラス,glæs,名詞(n.),
go,行く,goʊ,動詞(verb),
god,神,gɑd,名詞(n.),
gold,金,goʊld,名詞(n.),
golden,黄金の,ˈgoʊldən,形容詞(adj.),
good,良い,gʊd,形容詞(adj.),
govern,統治する；影響を与える,ˈgʌvərn,動詞(verb),
government,政府,ˈgʌvərmənt,名詞(n.),
governor,知事,ˈgʌvərnər,名詞(n.),
grass,草,græs,名詞(n.),
greatly,非常に,ˈgreɪtli,副詞(adv),
green,緑色,grin,名詞(n.),
ground,地面；土,graʊnd,動詞(verb),
group,グループ；集団,grup,名詞(n.),
grow,成長する,groʊ,動詞(verb),
growth,成長；増殖；腫瘍,groʊθ,名詞(n.),
guess,推測する,gɛs,動詞(verb),
gun,銃,gʌn,名詞(n.),
guy,男；やつ,gaɪ,名詞(n.),
hair,髪；毛,hɛr,名詞(n.),
hall,ホール；会場,hɔl,名詞(n.),
hand,手,hænd,名詞(n.),
handle,扱う,ˈhændəl,動詞(verb),
hang,かける；吊るす,hæŋ,動詞(verb),
happen,起こる；たまたま～する,ˈhæpən,動詞(verb),
happiness,幸福；喜び；適切さ,ˈhæpinəs,名詞(n.),
happy,幸せ；嬉しい,ˈhæpi,形容詞(adj.),
hard,かたい,hɑrd,形容詞(adj.),
hardly,ほとんど～ない,ˈhɑrdli,副詞(adv),
hat,帽子,hæt,名詞(n.),
hate,憎む；ひどく嫌う,heɪt,動詞(verb),
have,持っている,hæv,助動詞(aux.),
head,頭,hɛd,名詞(n.),
health,健康,hɛlθ,名詞(n.),
healthy,健康な,ˈhɛlθi,形容詞(adj.),
hear,聞く；聞こえる,hir,動詞(verb),
heart,心臓,hɑrt,名詞(n.),
heat,熱，熱くする；興奮する,hit,動詞(verb),
heavily,重く,ˈhɛvəli,副詞(adv),
heavy,重い,ˈhɛvi,形容詞(adj.),
hell,地獄,hɛl,名詞(n.),
hello,こんにちは,həˈloʊ,感動詞(itj.),
help,助ける,hɛlp,動詞(verb),
helpful,役立つ,ˈhɛlpfəl,形容詞(adj.),
her,彼女の；彼女を,hɜr,代名詞(pron.),
here,ここに,hir,副詞(adv),
herself,彼女自身,hərˈsɛlf,代名詞(pron.),
hi,やあ；こんにちは,haɪ,感動詞(itj.),
hide,隠す,haɪd,動詞(verb),
high,高い,haɪ,形容詞(adj.),
highly,非常に,ˈhaɪli,副詞(adv),
hill,丘,hɪl,名詞(n.),
him,彼を,hɪm,代名詞(pron.),
himself,彼自身,hɪmˈsɛlf,代名詞(pron.),
his,彼の；彼のもの,hɪz,代名詞(pron.),
historian,歴史家,hɪˈstɔriən,名詞(n.),
historic,歴史的な,hɪˈstɔrɪk,形容詞(adj.),
historical,歴史的な,hɪˈstɔrɪkəl,形容詞(adj.),
history,歴史,ˈhɪstəri,名詞(n.),
hit,打つ；たたく,hɪt,動詞(verb),
hold,持つ；抱く,hoʊld,動詞(verb),
holder,所有者,ˈhoʊldər,名詞(n.),
hole,穴,hoʊl,名詞(n.),
holiday,休日；祝日,ˈhɑləˌdeɪ,名詞(n.),
home,家庭；自宅,hoʊm,名詞(n.),
honest,正直,ˈɑnəst,形容詞(adj.),
hope,希望,hoʊp,名詞(n.),
hopefully,願わくは；うまくいけば,ˈhoʊpfəli,副詞(adv),
horrible,恐ろしい,ˈhɔrəbəl,形容詞(adj.),
horse,馬,hɔrs,名詞(n.),
hospital,病院,ˈhɑˌspɪtəl,名詞(n.),
hot,熱い；暑い,hɑt,形容詞(adj.),
hour,時間,ˈaʊər,名詞(n.),
house,家,haʊs,名詞(n.),
how,どのように,haʊ,副詞(adv),
however,しかしながら；どんなに～でも；一体どうやって,ˌhaʊˈɛvər,接続詞(conj.),
huge,巨大な,hjuʤ,形容詞(adj.),
human,人間,ˈhjumən,名詞(n.),
hundred,100,ˈhʌndrəd,数詞(num.),
hunger,飢え,ˈhʌŋgər,名詞(n.),
hunt,狩る，狩り,hʌnt,動詞(verb),
hurry,急ぐ，急ぐこと,ˈhɜri,動詞(verb),
hurt,痛む；傷つける,hɜrt,動詞(verb),
husband,夫,ˈhʌzbənd,名詞(n.),
ice,氷,aɪs,名詞(n.),
idea,考え；アイデア,aɪˈdiə,名詞(n.),
if,もし～なら；～かどうか,ɪf,接続詞(conj.),
imagination,想像力;,ɪˌmæʤəˈneɪʃən,名詞(n.),
imagine,想像する,ɪˈmæʤən,動詞(verb),
important,重要な,ɪmˈpɔrtənt,形容詞(adj.),
impossible,不可能な,ɪmˈpɑsəbəl,形容詞(adj.),
indeed,確かに,ɪnˈdid,副詞(adv),
inform,知らせる,ɪnˈfɔrm,動詞(verb),
information,情報,ˌɪnfərˈmeɪʃən,名詞(n.),
inner,内側の,ˈɪnər,形容詞(adj.),
inside,内部；内側；内情，内側の，内側に,ɪnˈsaɪd,形容詞(adj.),
instead,その代わりに,ɪnˈstɛd,副詞(adv),
insurance,保険,ɪnˈʃʊrəns,名詞(n.),
insure,保険をかける；確実にする,ɪnˈʃʊr,動詞(verb),
interest,興味を持たせる,ˈɪntrəst,動詞(verb),
into,～の中へ,ˈɪntu,前置詞(prep.),
involve,含む；関わる；巻き込む,ɪnˈvɑlv,動詞(verb),
involvement,関与,ɪnˈvɑlvmənt,名詞(n.),
island,島,ˈaɪlənd,名詞(n.),
issue,問題；論争点,ˈɪʃu,名詞(n.),
it,(先行するものを指して)それ,ɪt,代名詞(pron.),
its,それの,ɪts,形容詞(adj.),
itself,それ自体,ɪtˈsɛlf,代名詞(pron.),
job,仕事,ʤɑb,名詞(n.),
join,加わる；つなぎ合わせる,ʤɔɪn,動詞(verb),
joke,冗談，冗談を言う,ʤoʊk,動詞(verb),
judge,審理する；審査する；判断する,ʤʌʤ,動詞(verb),
judgment,判断；判決,ˈʤʌʤmənt,名詞(n.),
jump,跳ぶ；跳ね上がる,ʤʌmp,動詞(verb),
just,正確に,ʤʌst,副詞(adv),
keep,保つ,kip,動詞(verb),
key,かぎ，重要な,ki,名詞(n.),
kick,蹴る,kɪk,名詞(n.),
kid,子ども，冗談を言う,kɪd,名詞(n.),
kill,殺す,kɪl,動詞(verb),
kind,種類,kaɪnd,名詞(n.),
king,王,kɪŋ,名詞(n.),
kiss,キスをする，キス,kɪs,動詞(verb),
kitchen,台所,ˈkɪʧən,名詞(n.),
knock,ノックする,nɑk,動詞(verb),
know,知っている,noʊ,動詞(verb),
lady,女性；婦人,ˈleɪdi,名詞(n.),
lake,湖,leɪk,名詞(n.),
land,陸；土地,lænd,名詞(n.),
large,大きい；広い,lɑrʤ,形容詞(adj.),
largely,主として；大部分は,ˈlɑrʤli,副詞(adv),
last,最後の,læst,名詞(n.),
late,遅い,leɪt,形容詞(adj.),
laugh,笑う，笑い,læf,動詞(verb),
law,法律；法則,lɔ,名詞(n.),
lay,置く；横たえる,leɪ,動詞(verb),
lazy,怠惰な,ˈleɪzi,形容詞(adj.),
lead,導く,lid,動詞(verb),
leader,リーダー,ˈlidər,名詞(n.),
leadership,リーダーシップ,ˈlidərˌʃɪp,名詞(n.),
learn,学ぶ,lɜrn,動詞(verb),
least,最も小さい；最も少ない，最も小さい；最も少ない,list,副詞(adv),
leave,去る,liv,動詞(verb),
left,左,lɛft,名詞(n.),
leg,脚,lɛg,名詞(n.),
less,より少ない，～差し引いて,lɛs,形容詞(adj.),
let,～させる；許可する,lɛt,動詞(verb),
letter,手紙,ˈlɛtər,名詞(n.),
level,程度；水準；観点；平らな；同程度の；平らにする,ˈlɛvəl,動詞(verb),
lie,嘘，嘘をつく,laɪ,動詞(verb),
life,生命；人生；生活,laɪf,名詞(n.),
lift,持ち上げる,lɪft,動詞(verb),
like,好む,laɪk,動詞(verb),
line,線，並ぶ；線を引く；覆い隠す,laɪn,名詞(n.),
lip,唇,lɪp,名詞(n.),
list,表；リスト,lɪst,名詞(n.),
listen,聞く,ˈlɪsən,動詞(verb),
listener,聞き手,ˈlɪsənər,名詞(n.),
little,小さい,ˈlɪtəl,形容詞(adj.),
live,生きる,lɪv,動詞(verb),
load,重荷；負荷，積み込む,loʊd,名詞(n.),
local,地元の；局部の，地元の人；局部,ˈloʊkəl,形容詞(adj.),
lock,錠やロック；鍵をかける,lɑk,動詞(verb),
long,長い,lɔŋ,形容詞(adj.),
look at,見る，見ること,lʊk æt,動詞(v.) 熟語(phr.),
lose,失う,luz,動詞(verb),
lot,たくさん,lɑt,名詞(n.),
loud,音が大きい；うるさい；派手な,laʊd,形容詞(adj.),
love,愛する，愛,lʌv,動詞(verb),
lovely,素敵な；愛らしい,ˈlʌvli,形容詞(adj.),
lover,恋人；愛好家,ˈlʌvər,名詞(n.),
low,低い,loʊ,形容詞(adj.),
luck,運,lʌk,名詞(n.),
lucky,運のよい,ˈlʌki,形容詞(adj.),
lunch,昼食,lʌnʧ,名詞(n.),
machine,機械,məˈʃin,名詞(n.),
mad,怒った,mæd,形容詞(adj.),
main,主要な,meɪn,形容詞(adj.),
mainly,主に,ˈmeɪnli,副詞(adv),
major,主要な；重要な,ˈmeɪʤər,形容詞(adj.),
make,作る,meɪk,動詞(verb),
maker,作る人；メーカー,ˈmeɪkər,名詞(n.),
man,男,mən,名詞(n.),
manage,経営する；管理する,ˈmænəʤ,動詞(verb),
management,管理；経営,ˈmænəʤmənt,名詞(n.),
manager,経営者；～長；マネージャー,ˈmænəʤər,名詞(n.),
many,多くの，多数,ˈmɛni,限定詞(det.),
mark,印；記号；評価，印を付ける；成績を付ける,mɑrk,動詞(verb),
market,市場；マーケット,ˈmɑrkət,名詞(n.),
marriage,結婚,ˈmɛrɪʤ,名詞(n.),
marry,結婚する,ˈmɛri,動詞(verb),
master,"上達な,熟練な",ˈmæstər,形容詞(adj.),
matter,事柄；問題；原因,ˈmætər,名詞(n.),
maybe,もしかすると；たぶん,ˈmeɪbi,副詞(adv),
me,私を,mi,代名詞(pron.),
meal,食事,mil,名詞(n.),
meet,会合する,mit,動詞(verb),
member,一員；メンバー,ˈmɛmbər,名詞(n.),
membership,会員；メンバーシップ,ˈmɛmbərˌʃɪp,名詞(n.),
mention,述べる；話に出す，言及する,ˈmɛnʃən,動詞(verb),
mess,混乱，散らかす；混乱させる,mɛs,名詞(n.),
middle,中心；中間，真ん中の；中央の,ˈmɪdəl,名詞(n.),
might,～かもしれない；～してもよい,maɪt,助動詞(aux.),
mile,マイル,maɪl,名詞(n.),
milk,乳,mɪlk,名詞(n.),
million,百万,ˈmɪljən,数詞(num.),
mind,心；精神,maɪnd,名詞(n.),
mine,私のもの,maɪn,代名詞(pron.),
minute,分；,ˈmɪnət,名詞(n.),
miss,逃す；～し損なう,mɪs,動詞(verb),
mistake,間違い,mɪsˈteɪk,名詞(n.),
moment,瞬間,ˈmoʊmənt,名詞(n.),
money,お金；金銭；財産,ˈmʌni,名詞(n.),
month,"月,1ヶ月",mʌnθ,名詞(n.),
monthly,毎月に,ˈmʌnθli,副詞(adv),
more,より多くの， もっと,mɔr,形容詞(adj.),
morning,朝；午前,ˈmɔrnɪŋ,名詞(n.),
most,最も多くの；たいていの，最も,moʊst,代名詞(pron.),
mostly,主に；ほとんど,ˈmoʊstli,副詞(adv),
mountain,山,ˈmaʊntən,名詞(n.),
mouth,口，言う,maʊθ,名詞(n.),
move,動かす；移動する,muv,動詞(verb),
movement,楽章,ˈmuvmənt,名詞(n.),
movie,映画,ˈmuvi,名詞(n.),
much,たくさんの，非常に；だいたい,mʌʧ,代名詞(pron.),
music,音楽,ˈmjuzɪk,名詞(n.),
musical,ミュージカル,ˈmjuzɪkəl,名詞(n.),
musician,音楽家；ミュージシャン,mjuˈzɪʃən,名詞(n.),
must,〜しなければならない；〜に違いない,mʌst,助動詞(aux.),
my,私の,maɪ,限定詞(det.),
myself,私自身,ˌmaɪˈsɛlf,代名詞(pron.),
name,名前；評判；有名人，名前をつける,neɪm,名詞(n.),
nation,国家,ˈneɪʃən,名詞(n.),
national,国立；国の,ˈnæʃənəl,形容詞(adj.),
natural,自然の,ˈnæʧərəl,形容詞(adj.),
naturally,自然に,ˈnæʧərəli,副詞(adv),
nature,自然,ˈneɪʧər,名詞(n.),
near,近い，近くに,nɪr,形容詞(adj.),
nearby,近くの，近くに,ˈnɪrˈbaɪ,形容詞(adj.),
nearly," ほとんど, だいたい; 危うく；密接に, 親密に",ˈnɪrli,副詞(adv),
necessarily,必ずしも,ˌnɛsəˈsɛrəli,副詞(adv),
necessary,必要な,ˈnɛsəˌsɛri,形容詞(adj.),
neck,首,nɛk,名詞(n.),
need,必要がある,nid,動詞(verb),
neighbor,隣人；近所の人,ˈneɪbər,名詞(n.),
neighborhood,近所,ˈneɪbərˌhʊd,名詞(n.),
never,決して〜ない；〜したことがない;,ˈnɛvər,副詞(adv),
newly,新しく,ˈnuli,副詞(adv),
next,次の,nɛkst,形容詞(adj.),
nice,よい；すてきな；親切な；立派な；微細な,naɪs,形容詞(adj.),
night,夜,naɪt,名詞(n.),
nine,9,naɪn,数詞(num.),
nineteen,19,ˈnaɪnˈtin,数詞(num.),
ninety,90,ˈnaɪnti,数詞(num.),
nobody,誰も～ない,ˈnoʊˌbɑˌdi,代名詞(pron.),
noise,音；騒音； 雑音,nɔɪz,名詞(n.),
none,何も～ない；誰も～ない,nʌn,代名詞(pron.),
normal,標準の；正常な,ˈnɔrməl,形容詞(adj.),
normally,普通は；正常に,ˈnɔrməli,副詞(adv),
nose,鼻,noʊz,名詞(n.),
not,～ではない,nɑt,副詞(adv),
note,注意する；気づく,noʊt,動詞(verb),
nothing,何も～ない,ˈnʌθɪŋ,代名詞(pron.),
notice,気づく,ˈnoʊtəs,動詞(verb),
now,今；すぐに；これから；さて；いまや～だから,naʊ,副詞(adv),
number,数字；番号,ˈnʌmbər,名詞(n.),
nurse,看護師,nɜrs,名詞(n.),
obvious,明らかな,ˈɑbviəs,形容詞(adj.),
obviously,明らかに,ˈɑbviəsli,副詞(adv),
of,～の；～から；～について,ʌv,前置詞(prep.),
off,～から離れて；休みの；停止して,ɔf,形容詞(adj.),
offer,提供する；申し出る,ˈɔfər,動詞(verb),
office,事務所；オフィス,ˈɔfəs,名詞(n.),
officer,役人；将校,ˈɔfəsər,名詞(n.),
often,しばしば,ˈɔfən,副詞(adv),
oil,油,ɔɪl,名詞(n.),
okay,よし；わかった，まあまあ，承認する,ˌoʊˈkeɪ,感動詞(itj.),
old,古い；年とった；昔の；～歳の,oʊld,形容詞(adj.),
once,一度；昔の，いったん～すると,wʌns,副詞(adv),
one,一つ；人・もの,wʌn,数詞(num.),
only,唯一の；最良の，ただ～だけ；つい～，ただし；～だがしかし,ˈoʊnli,副詞(adv),
onto,～の上に；～に向けられて,ˈɑntu,前置詞(prep.),
open,開放された,ˈoʊpən,形容詞(adj.),
orange,オレンジ色,ˈɔrənʤ,形容詞(adj.),
order,注文，注文する,ˈɔrdər,動詞(verb),
other,もう一方の；別の；他の，もう一方の人・物；別の人・物；その他,ˈʌðər,限定詞(det.),
ought,～するべきである；～するはずである,ɔt,助動詞(aux.),
our,私たちの,ˈaʊər,限定詞(det.),
ourselves,私たち自身,aʊərˈsɛlvz,代名詞(pron.),
out,外に；外に出て；外れて,aʊt,副詞(adv),
outside,外側，外側の，外側に,ˈaʊtˈsaɪd,名詞(n.),
over,～の上に,ˈoʊvər,前置詞(prep.),
own,自身の；特有の,oʊn,限定詞(det.),
owner,持ち主；オーナー,ˈoʊnər,名詞(n.),
ownership,所有権,ˈoʊnərˌʃɪp,名詞(n.),
pack,包む；詰める,pæk,動詞(verb),
package,小包；包装；パッケージ,ˈpækəʤ,名詞(n.),
page,ページ,peɪʤ,名詞(n.),
pain,痛み,peɪn,名詞(n.),
paint,ペンキ，ペンキを塗る；描く,peɪnt,動詞(verb),
pair,一組；ペア,pɛr,名詞(n.),
paper,紙，紙で包む；壁紙を貼る,ˈpeɪpər,名詞(n.),
parent,親,ˈpɛrənt,名詞(n.),
particular,特定の；特有の，項目；詳細,pərˈtɪkjələr,形容詞(adj.),
particularly,特に,ˌpɑrˈtɪkjələrli,副詞(adv),
partly,一部分は；少しは,ˈpɑrtli,副詞(adv),
party,パーティー,ˈpɑrti,名詞(n.),
pass,通り過ぎる；渡す,pæs,動詞(verb),
past,過ぎた；過去の，過ぎて,pæst,名詞(n.),
pay,払う；支払い,peɪ,動詞(verb),
payment,支払い,ˈpeɪmənt,名詞(n.),
people,人々,ˈpipəl,名詞(n.),
perfect,完全な；完璧な,ˈpɜrˌfɪkt,形容詞(adj.),
perfectly,完璧に,ˈpɜrfəktli,副詞(adv),
perhaps,ひょっとすると；おそらく,pərˈhæps,副詞(adv),
person,人,ˈpɜrsən,名詞(n.),
personal,個人的な,ˈpɜrsɪnɪl,形容詞(adj.),
personally,個人的に；自ら,ˈpɜrsənəli,副詞(adv),
phone,電話をかける,foʊn,動詞(verb),
photo,写真,ˈfoʊˌtoʊ,名詞(n.),
photograph,写真を撮る,ˈfoʊtəˌgræf,動詞(verb),
pick,選ぶ,pɪk,動詞(verb),
picture,絵；写真；映像,ˈpɪkʧər,名詞(n.),
piece,一かけら；破片,pis,名詞(n.),
place,置く；設置する,pleɪs,動詞(verb),
plan,計画；段取り,plæn,名詞(n.),
plant,植物,plænt,名詞(n.),
player,選手；プレーヤー,ˈpleɪər,名詞(n.),
please,どうぞ；どうか；ぜひ,pliz,副詞(adv),
plenty,たくさん,ˈplɛnti,代名詞(pron.),
plus,正数,plʌs,前置詞(prep.),
police,警察,pəˈlis,名詞(n.),
poor,貧しい,pur,形容詞(adj.),
pop,ポンとはじける；現れる；飛び出す,pɑp,動詞(verb),
position,位置,pəˈzɪʃən,名詞(n.),
possibility,可能性,ˌpɑsəˈbɪləti,名詞(n.),
possible,可能な；可能性がある,ˈpɑsəbəl,形容詞(adj.),
possibly,考えようによっては；～かも知れない,ˈpɑsəbli,副詞(adv),
pot,鍋；容器,pɑt,名詞(n.),
pound,常用ポンド；16オンス，0.4536kgに相当,paʊnd,名詞(n.),
power,権力；支配権,ˈpaʊər,名詞(n.),
powerful,強力な；効力のある,ˈpaʊərfəl,形容詞(adj.),
preparation,準備,ˌprɛpəˈreɪʃən,名詞(n.),
prepare,準備する,priˈpɛr,動詞(verb),
present,プレゼント；贈り物,ˈprɛzənt,名詞(n.),
presentation,発表；プレゼンテーション,ˌprɛzənˈteɪʃən,名詞(n.),
press,押す；押しつける,prɛs,動詞(verb),
pretty,かわいい；すてきな,ˈprɪti,形容詞(adj.),
price,値段をつける,praɪs,動詞(verb),
prison,刑務所,ˈprɪzən,名詞(n.),
prisoner,囚人,ˈprɪzənər,名詞(n.),
probability,可能性；確率,ˌprɑbəˈbɪləti,名詞(n.),
probably,おそらく,ˈprɑbəbli,副詞(adv),
problem,問題,ˈprɑbləm,名詞(n.),
program,計画；予定,ˈproʊˌgræm,名詞(n.),
promise,約束する,ˈprɑməs,動詞(verb),
proper,適切な,ˈprɑpər,形容詞(adj.),
properly,適切に,ˈprɑpərli,副詞(adv),
protect,保護する,prəˈtɛkt,動詞(verb),
protection,保護,prəˈtɛkʃən,名詞(n.),
public,公の；公的な,ˈpʌblɪk,形容詞(adj.),
pull,引く；引っ張る,pʊl,動詞(verb),
push,押しのける,pʊʃ,動詞(verb),
put,置く,pʊt,動詞(verb),
quarter,4分の1,ˈkwɔrtər,名詞(n.),
question,質問する；疑問に思う,ˈkwɛsʧən,動詞(verb),
quick,素早い；速い,kwɪk,形容詞(adj.),
quickly,速く；すぐに,ˈkwɪkli,副詞(adv),
quiet,静かな,ˈkwaɪət,形容詞(adj.),
quietly,静かに,ˈkwaɪətli,副詞(adv),
quite,全く；かなり,kwaɪt,副詞(adv),
race,競争，競争する,reɪs,名詞(n.),
radio,ラジオ,ˈreɪdiˌoʊ,名詞(n.),
rain,雨,reɪn,名詞(n.),
raise,高める,reɪz,動詞(verb),
rate,速度；割合；比率,reɪt,名詞(n.),
rather,かなり；いくぶん；どちらかといえば；それどころか,ˈræðər,副詞(adv),
reach,伸びる；及ぶ；届く；到着する，伸ばすこと；届く範囲,riʧ,動詞(verb),
reader,読者,ˈridər,名詞(n.),
ready,用意のできた；～しがち；即座の,ˈrɛdi,形容詞(adj.),
real,現実の；本物の,riəl,形容詞(adj.),
reality,現実,ˌriˈæləˌti,名詞(n.),
realize,認識する；悟る；気づく；理解する；実現する；現金に換える,ˈriəˌlaɪz,動詞(verb),
really,本当に；実に,ˈrɪli,副詞(adv),
reason,理由；原因；根拠,ˈrizən,名詞(n.),
reasonable,理性的な；合理的,ˈrizənəbəl,形容詞(adj.),
reasonably,理性的に；合理的に,ˈrizənəbli,副詞(adv),
recent,最近の,ˈrisənt,形容詞(adj.),
recently,最近；近年,ˈrisəntli,副詞(adv),
record,レコード,ˈrɛkərd,名詞(n.),
red,赤；血の色のような,rɛd,形容詞(adj.),
relate,関係づける；関連する,rɪˈleɪt,動詞(verb),
relation,～に関する,riˈleɪʃən,名詞(n.),
relationship,関係,riˈleɪʃənˌʃɪp,名詞(n.),
remember,思い出す,rɪˈmɛmbər,動詞(verb),
rent,家賃，賃借りする,rɛnt,動詞(verb),
reply,答える，返信,rɪˈplaɪ,名詞(n.),
report,報告書； レポート,rɪˈpɔrt,名詞(n.),
reporter,報告書；記者；レポーター,rɪˈpɔrtər,名詞(n.),
responsibility,責任,riˌspɑnsəˈbɪləti,名詞(n.),
responsible,責任がある；信頼できる,riˈspɑnsəbəl,形容詞(adj.),
rest,休憩,rɛst,名詞(n.),
rich,金持ち；豊かな,rɪʧ,形容詞(adj.),
rid,除去する；解放する,rɪd,動詞(verb),
ride,乗る，乗車,raɪd,動詞(verb),
right,右の；右に,raɪt,形容詞(adj.),
ring,ベルやアラームの音が鳴る；響く,rɪŋ,動詞(verb),
rise,上がる；起立する，上昇,raɪz,動詞(verb),
river,川,ˈrɪvər,名詞(n.),
road,道路,roʊd,名詞(n.),
rock,岩；石,rɑk,名詞(n.),
roll,転がる,roʊl,動詞(verb),
room,部屋,rum,名詞(n.),
rough,大ざっぱな；おおよその,rʌf,形容詞(adj.),
roughly,粗雑に；手荒く,ˈrʌfli,副詞(adv),
round,丸い，円形,raʊnd,形容詞(adj.),
rule,規則；ルール；習慣，決定する,rul,名詞(n.),
run,走る,rʌn,動詞(verb),
sad,悲しい,sæd,形容詞(adj.),
safe,安全な,seɪf,形容詞(adj.),
safety,安全,ˈseɪfti,名詞(n.),
sail,帆，航行する,seɪl,動詞(verb),
same,同じ,seɪm,限定詞(det.),
Saturday,土曜日,ˈsætərdi,名詞(n.),
save,救う,seɪv,動詞(verb),
say,言う；言葉を使う,seɪ,動詞(verb),
scare,怖がらせる,skɛr,動詞(verb),
science,科学,ˈsaɪəns,名詞(n.),
scientific,科学的,ˌsaɪənˈtɪfɪk,形容詞(adj.),
scientist,科学者,ˈsaɪəntɪst,名詞(n.),
sea,海,si,名詞(n.),
seat,座席，着席させる,sit,動詞(verb),
second,第二の,ˈsɛkənd,形容詞(adj.),
secondary,二番目の；二次的な,ˈsɛkənˌdɛri,形容詞(adj.),
secondly,第二に,ˈsɛkəndli,副詞(adv),
secure,安全な，確保する；固定する,sɪˈkjʊr,動詞(verb),
security,安全,sɪˈkjʊrəti,名詞(n.),
see,"見る,見える,気づく；会う；調べる；理解する；想像する；経験する；送り届ける",si,動詞(verb),
seem,～のように見える；思われる,sim,動詞(verb),
self,自己,sɛlf,名詞(n.),
sell,売る,sɛl,動詞(verb),
send,送る；送信する,sɛnd,動詞(verb),
sense,感覚，感じる；感知する,sɛns,動詞(verb),
serious,深刻な；真剣な；まじめな,ˈsɪriəs,形容詞(adj.),
seriously,真剣に,ˈsɪriəsli,副詞(adv),
servant,使用人,ˈsɜrvənt,名詞(n.),
serve,供給する；役立つ,sɜrv,動詞(verb),
server,サーバー,ˈsɜrvər,名詞(n.),
service,修理する；点検する,ˈsɜrvəs,動詞(verb),
set,セット；一揃え,sɛt,名詞(n.),
settle,定住する；落ち着く,ˈsɛtəl,動詞(verb),
seven,七,ˈsɛvən,数詞(num.),
seventeen,十七,ˈsɛvənˈtin,数詞(num.),
seventy,七十,ˈsɛvənti,数詞(num.),
several,いくつかの；それぞれの,ˈsɛvrəl,限定詞(det.),
sex,性別,sɛks,名詞(n.),
sexual,性的な,ˈsɛkʃuəl,形容詞(adj.),
shake,振る；震える；動揺させる，振動；震え,ʃeɪk,動詞(verb),
shall,～すべきである；当然～だろう；～しなければならない；～しましょうか,ʃæl,助動詞(aux.),
shape,形，形作る,ʃeɪp,名詞(n.),
share,株；株券,ʃɛr,名詞(n.),
she,彼女,ʃi,代名詞(pron.),
ship,船,ʃɪp,名詞(n.),
shirt,シャツ,ʃɜrt,名詞(n.),
shoe,靴,ʃu,名詞(n.),
shop,店；商店,ʃɑp,名詞(n.),
short,短い；背が低い；不足して,ʃɔrt,名詞(n.),
shot,（ボールをゴールに）ける；投げ入れる；シュートする,ʃɑt,動詞(verb),
should,～べきである,ʃʊd,助動詞(aux.),
shoulder,肩,ˈʃoʊldər,名詞(n.),
shout,叫ぶ,ʃaʊt,動詞(verb),
shut,閉じる；閉める，閉じた,ʃʌt,動詞(verb),
sick,病気の,sɪk,形容詞(adj.),
side,側面,saɪd,名詞(n.),
sight,見ること；視力；視野,saɪt,名詞(n.),
sign,署名する；合図する；契約する,saɪn,動詞(verb),
silly,ばかな,ˈsɪli,副詞(adv),
simple,簡単な；単純な,ˈsɪmpəl,形容詞(adj.),
simply,簡単に；単純に,ˈsɪmpli,副詞(adv),
since,～以来；～なので,sɪns,前置詞(prep.),
sing,歌う,sɪŋ,動詞(verb),
singer,歌手,ˈsɪŋər,名詞(n.),
single,たった一つの,ˈsɪŋgəl,形容詞(adj.),
sir,あなたさま；～殿,sɜr,名詞(n.),
sister,姉妹,ˈsɪstər,名詞(n.),
sit,座る,sɪt,動詞(verb),
situate,位置付ける,ˈsɪʧuˌeɪt,動詞(verb),
situation,状況,ˌsɪʧuˈeɪʃən,名詞(n.),
six,六,sɪks,数詞(num.),
sixteen,十六,sɪkˈstin,数詞(num.),
sixty,六十,ˈsɪksti,数詞(num.),
size,大きさ；サイズ,saɪz,名詞(n.),
skin,皮膚,skɪn,名詞(n.),
sky,空,skaɪ,名詞(n.),
sleep,眠る,slip,動詞(verb),
slight,わずかな；少しの；とるに足らない；軽視,slaɪt,形容詞(adj.),
slightly,わずかに,ˈslaɪtli,副詞(adv),
slip,滑る，滑ること,slɪp,動詞(verb),
slow,遅い；遅くなる,sloʊ,形容詞(adj.),
slowly,ゆっくりと,ˈsloʊli,副詞(adv),
small,小さい,smɔl,形容詞(adj.),
smell,におい，においを嗅ぐ；においがする,smɛl,動詞(verb),
smile,ほほえむ，笑顔,smaɪl,動詞(verb),
smoke,喫煙,smoʊk,動詞(verb),
snow,雪，雪が降る,snoʊ,名詞(n.),
soft,やわらかい；穏やかな,sɑft,形容詞(adj.),
some,いくらかの；ある；およそ,sʌm,限定詞(det.),
somebody,誰か,ˈsʌmˌbɑdi,代名詞(pron.),
somehow,どういうわけか；なんらかの方法で,ˈsʌmˌhaʊ,副詞(adv),
someone,誰か,ˈsʌmˌwʌn,代名詞(pron.),
something,何か,ˈsʌmθɪŋ,代名詞(pron.),
sometimes,ときどき,səmˈtaɪmz,副詞(adv),
somewhere,どこかに,ˈsʌmˌwɛr,副詞(adv),
son,息子,sʌn,名詞(n.),
song,歌,sɔŋ,名詞(n.),
soon,もうすぐ；早く,sun,副詞(adv),
sorry,すまないと思う；後悔している；気の毒に思う,ˈsɑri,感動詞(itj.),
sort,種類,sɔrt,名詞(n.),
sound,音；音響,saʊnd,名詞(n.),
south,南；南の；南へ,saʊθ,形容詞(adj.),
space,空間；間隔,speɪs,名詞(n.),
speak,話す,spik,動詞(verb),
speaker,話す人；演説者,ˈspikər,名詞(n.),
special,特別な,ˈspɛʃəl,形容詞(adj.),
specialist,専門家,ˈspɛʃələst,名詞(n.),
specialize,専門にする,ˈspɛʃəˌlaɪz,動詞(verb),
spend,使う；過ごす,spɛnd,動詞(verb),
sport,スポーツ,spɔrt,名詞(n.),
spot,見つける,spɑt,形容詞(adj.),
spring,春,sprɪŋ,名詞(n.),
square,正方形；四角,skwɛr,名詞(n.),
stage,舞台,steɪʤ,名詞(n.),
stand,立つ,stænd,動詞(verb),
star,星,stɑr,形容詞(adj.),
stare,じっと見る,stɛr,動詞(verb),
start,始め；開始,stɑrt,名詞(n.),
state,州,steɪt,名詞(n.),
statement,発言；陳述,ˈsteɪtmənt,名詞(n.),
station,駅,ˈsteɪʃən,名詞(n.),
stay,滞在する,steɪ,動詞(verb),
steal,盗む,stil,動詞(verb),
step,階段；ステップ,stɛp,名詞(n.),
stick,棒,stɪk,名詞(n.),
still,まだ；それでも；なお,stɪl,副詞(adv),
stone,石,stoʊn,名詞(n.),
stop,止まる,stɑp,動詞(verb),
storage,貯蔵；保管；保管場所,ˈstɔrəʤ,名詞(n.),
store,店,stɔr,名詞(n.),
story,話；物語,ˈstɔri,名詞(n.),
straight,まっすぐな,streɪt,形容詞(adj.),
strange,奇妙な,streɪnʤ,形容詞(adj.),
stranger,見知らぬ人,ˈstreɪnʤər,名詞(n.),
street,道；通り,strit,名詞(n.),
strike,打つ；殴る,straɪk,動詞(verb),
strong,強い；力強い,strɔŋ,形容詞(adj.),
strongly,強く,ˈstrɔŋli,副詞(adv),
student,学生,ˈstudənt,名詞(n.),
study,勉強する,ˈstʌdi,動詞(verb),
stuff,物,stʌf,名詞(n.),
stupid,ばか；頭が悪い,ˈstupəd,形容詞(adj.),
subject,主語,ˈsʌbʤɪkt,名詞(n.),
such,そのような；とても～な,sʌʧ,限定詞(det.),
sudden,突然の,ˈsʌdən,形容詞(adj.),
suddenly,突然に,ˈsʌdənli,副詞(adv),
suggest,提案する,səgˈʤɛst,動詞(verb),
suggestion,提案,səgˈʤɛsʧən,名詞(n.),
suitable,適した；ふさわしい,ˈsutəbəl,形容詞(adj.),
summer,夏,ˈsʌmər,名詞(n.),
sunday,日曜日,ˈsʌnˌdeɪ,名詞(n.),
support,支える；支援する,səˈpɔrt,動詞(verb),
supporter,サポーター; 支持者,səˈpɔrtər,名詞(n.),
suppose,思う；仮定する,səˈpoʊz,動詞(verb),
sure,確信している,ʃʊr,形容詞(adj.),
surely,確かに；きっと,ˈʃʊrli,副詞(adv),
surprise,驚かせる,sərˈpraɪz,動詞(verb),
surprisingly,驚くほど,sərˈpraɪzɪŋli,副詞(adv),
sweet,甘い,swit,形容詞(adj.),
swim,泳ぐ,swɪm,動詞(verb),
system,体系；システム,ˈsɪstəm,名詞(n.),
table,テーブル,ˈteɪbəl,名詞(n.),
tail,尾,teɪl,名詞(n.),
take,持ち帰る,teɪk,動詞(verb),
talk,話す,tɔk,動詞(verb),
tall,背の高い,tɔl,形容詞(adj.),
tape,テープで貼る,teɪp,動詞(verb),
taste,味,teɪst,名詞(n.),
tax,税,tæks,名詞(n.),
teach,教える,tiʧ,動詞(verb),
teacher,先生,ˈtiʧər,名詞(n.),
team,チーム,tim,名詞(n.),
tear,涙,tɛr,名詞(n.),
telephone,電話,ˈtɛləˌfoʊn,名詞(n.),
television,テレビ,ˈtɛləˌvɪʒən,名詞(n.),
tell,伝える; 話す,tɛl,動詞(verb),
ten,10,tɛn,数詞(num.),
tend,～する傾向がある,tɛnd,動詞(verb),
tendency,傾向,ˈtɛndənsi,名詞(n.),
term,学期,tɜrm,名詞(n.),
terrible,ひどい；恐ろしい,ˈtɛrəbəl,形容詞(adj.),
test,試験；テスト,tɛst,名詞(n.),
than,～よりも,ðæn,接続詞(conj.),
thank,感謝する,θæŋk,動詞(verb),
that,それ；あれ；そのようなこと，その；あの，それくらい,ðæt,形容詞(adj.),
their,彼らの；彼女らの；それらの,ðɛr,限定詞(det.),
them,彼らを；彼女らを；それらを,ðɛm,代名詞(pron.),
themselves,彼ら自身；彼女ら自身；それら自体,ðɛmˈsɛlvz,代名詞(pron.),
then,あのとき；それから,ðɛn,副詞(adv),
there,そこ；あそこ；そこで；そこに,ðɛr,副詞(adv),
these,これら,ðiz,限定詞(det.),
they,彼ら；彼女ら；それら,ðeɪ,代名詞(pron.),
thick,ぶ厚い,θɪk,形容詞(adj.),
thing,あの物；あのこと,θɪŋ,名詞(n.),
think,考える；思う,θɪŋk,動詞(verb),
thirst,渇き，喉が渇く,θɜrst,名詞(n.),
thirteen,13,ˈθɜrˈtin,数詞(num.),
thirty,30,ˈθɜrdi,数詞(num.),
this,この，これ，こんなに,ðɪs,形容詞(adj.),
those,あれら,ðoʊz,限定詞(det.),
though,～だけれども,ðoʊ,副詞(adv),
thousand,1000;,ˈθaʊzənd,数詞(num.),
three,3,θri,数詞(num.),
throat,喉,θroʊt,名詞(n.),
through,〜を通じて; 〜を通して；完全に,θru,形容詞(adj.),
throughout,至る所に；～の間中ずっと,θruˈaʊt,前置詞(prep.),
throw,投げる,θroʊ,動詞(verb),
thursday,木曜日,ˈθɜrzˌdeɪ,名詞(n.),
tie,結ぶ；縛る,taɪ,動詞(verb),
tight,きつい；ピンと張った：詰まった；密接な；厳しい,taɪt,形容詞(adj.),
till,～まで,tɪl,接続詞(conj.),
time,時間（という概念）,taɪm,名詞(n.),
tire,疲れさせる；飽きさせる,ˈtaɪər,名詞(n.),
to,～へ；～に；～まで；～に対して；～すること；～ために,tu,副詞(adv),
today,今日,təˈdeɪ,副詞(adv),
together,一緒に；まとめて,təˈgɛðər,副詞(adv),
tomorrow,明日；未来,təˈmɑˌroʊ,副詞(adv),
tonight,今夜,təˈnaɪt,副詞(adv),
tooth,歯,tuθ,名詞(n.),
top,最上部；最上位,tɑp,名詞(n.),
total,合計,ˈtoʊtəl,名詞(n.),
totally,全く,ˈtoʊtəli,副詞(adv),
touch,触る；接する,tʌʧ,動詞(verb),
toward,～の方へ；～へ向いて；～に対して,təˈwɔrd,副詞(adv),
town,町,taʊn,名詞(n.),
track,跡；道，追跡する,træk,動詞(verb),
train,電車,treɪn,名詞(n.),
travel,旅行する,ˈtrævəl,動詞(verb),
treat,扱う,trit,動詞(verb),
treatment,取り扱い,ˈtritmənt,名詞(n.),
tree,木,tri,名詞(n.),
trip,旅行,trɪp,名詞(n.),
trouble,悩み；困難；面倒；もめごと；病気；故障,ˈtrʌbəl,名詞(n.),
TRUE,真実の; 本当の,tru,副詞(adv),
truly,本当に,ˈtruli,副詞(adv),
trust,信頼する，信頼；委託,trʌst,動詞(verb),
truth,真理；真実,truθ,名詞(n.),
try,試す；やってみる,traɪ,動詞(verb),
tuesday,火曜日,ˈtuzdi,名詞(n.),
twelve,12,twɛlv,数詞(num.),
twenty,20,ˈtwɛnti,数詞(num.),
twice,2度；2倍,twaɪs,副詞(adv),
two,2,tu,数詞(num.),
ugly,醜い,ˈʌgli,形容詞(adj.),
unable,〜することができない,əˈneɪbəl,形容詞(adj.),
uncertainty,不確実なこと,ənˈsɜrtənti,名詞(n.),
unclear,はっきりしない； 不明確な,ənˈklɪr,形容詞(adj.),
under,以下の,ˈʌndər,形容詞(adj.),
understand,分かる；理解する,ˌʌndərˈstænd,動詞(verb),
unemployment,失業,ˌʌnɪmˈplɔɪmənt,名詞(n.),
unfortunately,不運にも,ənˈfɔrʧənətli,副詞(adv),
unknown,知られていない,ənˈnoʊn,名詞(n.),
unless,～でない限り,ənˈlɛs,接続詞(conj.),
until,～まで,ənˈtɪl,接続詞(conj.),
unusual,珍しい,ənˈjuʒˌuəl,形容詞(adj.),
up,上へ；立って；起こって,ʌp,形容詞(adj.),
upon,〜の上に,əˈpɑn,前置詞(prep.),
us,私たちを,ʌs,代名詞(pron.),
use,使う；利用する,juz,動詞(verb),
useful,役に立つ,ˈjusfəl,形容詞(adj.),
user,使用者,ˈjuzər,名詞(n.),
usual,いつもの,ˈjuʒəwəl,形容詞(adj.),
usually,普通は,ˈjuʒəwəli,副詞(adv),
van,小型トラック,væn,名詞(n.),
very,とても，まさに,ˈvɛri,動詞(verb),
video,動画；ビデオ,ˈvɪdioʊ,名詞(n.),
view,見えるもの；視界,vju,名詞(n.),
visit,訪ねる，訪問する,ˈvɪzət,動詞(verb),
visitor,訪問者,ˈvɪzətər,名詞(n.),
voice,声,vɔɪs,名詞(n.),
wait,待つ，待機する,weɪt,動詞(verb),
wake,目が覚める；目覚めさせる,weɪk,動詞(verb),
walk,歩く,wɔk,動詞(verb),
wall,壁,wɔl,名詞(n.),
want,～が欲しい；望んでいる；～したいと思う,wɑnt,動詞(verb),
war,戦争,wɔr,名詞(n.),
wash,洗う,wɑʃ,動詞(verb),
waste,むだに使う；浪費する,weɪst,動詞(verb),
watch,観察する,wɑʧ,動詞(verb),
water,水,ˈwɔtər,名詞(n.),
wave,手を振る,weɪv,動詞(verb),
we,私たち,wi,代名詞(pron.),
wear,着る,wɛr,動詞(verb),
weather,天気；天候,ˈwɛðər,名詞(n.),
web,インターネットのウェブ,wɛb,名詞(n.),
wed,結婚する,wɛd,動詞(verb),
wednesday,水曜日,ˈwɛnzdi,名詞(n.),
week,週；週間,wik,名詞(n.),
weekly,毎週,ˈwikli,副詞(adv),
weight,重さ,weɪt,名詞(n.),
well,健康な,wɛl,形容詞(adj.),
west,西,wɛst,名詞(n.),
whatever,～する事は何でも；何であれ；一体何が～,ˌwʌˈtɛvər,限定詞(det.),
wheel,車輪,wil,名詞(n.),
when,いつ,wɛn,名詞(n.),
whenever,～するときはいつでも；いつであれ；一体いつ～,wɛˈnɛvər,副詞(adv),
where,どこ,wɛr,名詞(n.),
wherever,どこへ～しても,wɛˈrɛvər,副詞(adv),
whether,～かどうか；～であろうとなかろうと,ˈwɛðər,接続詞(conj.),
which,どちら,wɪʧ,限定詞(det.),
while,～の間に,waɪl,接続詞(conj.),
whilst,～の間に,waɪlst,接続詞(conj.),
white,白,waɪt,形容詞(adj.),
who,誰,hu,代名詞(pron.),
whole,全部の,hoʊl,形容詞(adj.),
whom,誰を；誰に；～する人,hum,代名詞(pron.),
whose,誰の,huz,代名詞(pron.),
wide,広い,waɪd,形容詞(adj.),
wife,妻,waɪf,名詞(n.),
wild,野生の,waɪld,形容詞(adj.),
will,～するつもりである；～でしょう；どうしても～するものだ；～しなさい；～することがある,wɪl,助動詞(aux.),
win,勝つ,wɪn,動詞(verb),
wind,風,wɪnd,名詞(n.),
window,窓,ˈwɪndoʊ,名詞(n.),
wine,ワイン,waɪn,名詞(n.),
winner,勝者；受賞者,ˈwɪnər,名詞(n.),
winter,冬,ˈwɪntər,名詞(n.),
wish,願う,wɪʃ,動詞(verb),
with,～と一緒に; ～で；～の一員で；～に賛成して；～した状態で,wɪð,前置詞(prep.),
within,～中に；～以内,wɪˈðɪn,副詞(adv),
without,～なしで,wɪˈθaʊt,前置詞(prep.),
woman,女性,ˈwʊmən,名詞(n.),
wonder,驚き,ˈwʌndər,名詞(n.),
wonderful,素晴らしい,ˈwʌndərfəl,形容詞(adj.),
wood,森林,wʊd,名詞(n.),
wooden,木でできた,ˈwʊdən,形容詞(adj.),
word,単語；言葉,wɜrd,名詞(n.),
work,仕事,wɜrk,名詞(n.),
worker,労働者,ˈwɜrkər,名詞(n.),
world,世界,wɜrld,名詞(n.),
worry,心配する,ˈwɜri,動詞(verb),
worth,価値,wɜrθ,名詞(n.),
would,～だろう；～したい；よく～したものだった；～しようとしてきかない,wʊd,助動詞(aux.),
write,書く,raɪt,動詞(verb),
writer,作家；書き手,ˈraɪtər,名詞(n.),
wrong,間違った；間違って,rɔŋ,形容詞(adj.),
yard,庭,jɑrd,名詞(n.),
year,年,jɪr,名詞(n.),
yellow,黄色,ˈjɛloʊ,形容詞(adj.),
yes,はい,jɛs,感動詞(itj.),
yesterday,昨日,ˈjɛstərˌdeɪ,副詞(adv),
yet,まだ,jɛt,副詞(adv),
you,あなた,ju,代名詞(pron.),
young,若い,jʌŋ,形容詞(adj.),
your,あなたの,jʊər,限定詞(det.),
yourself,あなた自身,jərˈsɛlf,代名詞(pron.),
zero,ゼロ,ˈzɪroʊ,数詞(num.),
access,アクセス；接近,ˈækˌsɛs,名詞(n.),
accident,事故；偶然,ˈæksədənt,名詞(n.),
accuse,訴える；非難する,əˈkjuz,動詞(verb),
active,活動的な；能動的な,ˈæktɪv,形容詞(adj.),
activity,活動,ækˈtɪvəti,名詞(n.),
adapt,適応する,əˈdæpt,動詞(verb),
admire,賞賛する；感心する,ædˈmaɪr,動詞(verb),
adult,大人，成人,əˈdʌlt,名詞(n.),
advance,前進する，進む,ədˈvæns,動詞(verb),
advantage,利点,ædˈvæntɪʤ,名詞(n.),
adventure,冒険,ædˈvɛnʧər,名詞(n.),
advice,助言,ædˈvaɪs,名詞(n.),
advise,忠告する; 勧める,ædˈvaɪz,動詞(verb),
adviser,助言者；顧問,ædˈvaɪzər,名詞(n.),
affair,事件; 事柄; 問題,əˈfɛr,名詞(n.),
affect,影響する,əˈfɛkt,動詞(verb),
agent,代理人; エージェント,ˈeɪʤənt,名詞(n.),
aid,援助する,eɪd,動詞(verb),
alarm,警報；アラーム,əˈlɑrm,名詞(n.),
alcohol,アルコール飲料,ˈælkəˌhɑl,名詞(n.),
alive,生きている,əˈlaɪv,形容詞(adj.),
alter,変更する,ˈɔltər,動詞(verb),
altogether,完全に；全部で；要するに,ˌɔltəˈgɛðər,副詞(adv),
anger,怒らせる,ˈæŋgər,動詞(verb),
announce,知らせる；公表する,əˈnaʊns,動詞(verb),
announcement,お知らせ,əˈnaʊnsmənt,名詞(n.),
anxious,心配している,ˈæŋkʃəs,形容詞(adj.),
apartment,アパート,əˈpɑrtmənt,名詞(n.),
appeal,訴える,əˈpil,動詞(verb),
application,申し込み； 申請,ˌæpləˈkeɪʃən,名詞(n.),
apply,申し込む；申請する,əˈplaɪ,動詞(verb),
appoint,任命する； 指定する,əˈpɔɪnt,動詞(verb),
appointment,予約； 約束,əˈpɔɪntmənt,名詞(n.),
appreciate,ありがたく思う；感謝する,əˈpriʃiˌeɪt,動詞(verb),
approach,近づく； 接近する,əˈproʊʧ,動詞(verb),
April,4月,ˈeɪprəl,名詞(n.),
argue,言い争う,ˈɑrgju,動詞(verb),
argument,口論,ˈɑrgjəmənt,名詞(n.),
army,軍隊,ˈɑrmi,名詞(n.),
arrange,きちんと並べる; 整える,əˈreɪnʤ,動詞(verb),
arrangement,打ち合わせ；準備,əˈreɪnʤmənt,名詞(n.),
arrest,逮捕する,əˈrɛst,動詞(verb),
article,記事；文書,ˈɑrtəkəl,名詞(n.),
aside,わきへ,əˈsaɪd,副詞(adv),
assist,手伝う；援助する,əˈsɪst,動詞(verb),
assistance,援助,əˈsɪstəns,名詞(n.),
assistant,助手,əˈsɪstənt,名詞(n.),
associate,同僚；仕事仲間,əˈsoʊsiət,名詞(n.),
association,団体； 協会,əˌsoʊsiˈeɪʃən,名詞(n.),
assume,仮定する；推測する,əˈsum,動詞(verb),
assure,保証する,əˈʃʊr,動詞(verb),
atmosphere,大気；空気,ˈætməˌsfɪr,名詞(n.),
attachment,愛着；愛情,əˈtæʧmənt,名詞(n.),
attack,攻撃する,əˈtæk,動詞(verb),
attempt,試みる；企てる,əˈtɛmpt,動詞(verb),
attend,出席する,əˈtɛnd,動詞(verb),
attendance,出席,əˈtɛndəns,名詞(n.),
attention,注意；注目,əˈtɛnʃən,名詞(n.),
attitude,態度,ˈætəˌtud,名詞(n.),
attract,魅了する；引きつける,əˈtrækt,動詞(verb),
attraction,観光スポット,əˈtrækʃən,名詞(n.),
attractive,魅力的な,əˈtræktɪv,形容詞(adj.),
August,8月,ˈɑgəst,名詞(n.),
automatically,自動的に,ˌɔtəˈmætɪkli,副詞(adv),
available,利用できる,əˈveɪləbəl,形容詞(adj.),
average,平均の；普通の,ˈævərɪʤ,形容詞(adj.),
avoid,避ける,əˈvɔɪd,動詞(verb),
background,背景,ˈbækˌgraʊnd,名詞(n.),
balance,釣り合う; バランスをとる,ˈbæləns,動詞(verb),
barely,かろうじて,ˈbɛrli,副詞(adv),
basis,基準；基礎,ˈbeɪsəs,名詞(n.) 複数形(pl.),
battle,戦い；戦闘,ˈbætəl,名詞(n.),
beer,ビール,bɪr,名詞(n.),
bell,ベル,bɛl,名詞(n.),
belong,属する,bɪˈlɔŋ,動詞(verb),
belt,ベルト,bɛlt,名詞(n.),
bend,曲げる,bɛnd,動詞(verb),
benefit,利益；特典,ˈbɛnəfɪt,名詞(n.),
bike,オートバイ；自転車,baɪk,名詞(n.),
bin,ゴミ箱；容器,bɪn,名詞(n.),
bind,縛る；結ぶ,baɪnd,動詞(verb),
bite,かむ，かむこと,baɪt,動詞(verb),
blame,非難する,bleɪm,動詞(verb),
bless,祝福する,blɛs,動詞(verb),
blind,目の見えない,blaɪnd,形容詞(adj.),
block,妨げる； 塞ぐ,blɑk,動詞(verb),
bomb,爆撃する,bɑm,動詞(verb),
bond,くっつける； 接着する,bɑnd,動詞(verb),
boom,ブーンという音；ブーム,bum,動詞(verb),
boot,ブーツ； 長靴,but,名詞(n.),
borrow,借りる,ˈbɑˌroʊ,動詞(verb),
boss,上司；ボス,bɑs,名詞(n.),
bowl,ボウル,boʊl,名詞(n.),
brain,脳；頭脳,breɪn,名詞(n.),
branch,枝,brænʧ,名詞(n.),
brand,ブランド；銘柄,brænd,名詞(n.),
breast,胸,brɛst,名詞(n.),
breathe,呼吸する,brið,動詞(verb),
breed,動物が子を生む; 繁殖する,brid,動詞(verb),
bridge,橋,brɪʤ,名詞(n.),
brief,短時間の；簡潔な,brif,形容詞(adj.),
briefly,簡潔に,ˈbrifli,副詞(adv),
brilliant,才気ある,ˈbrɪljənt,形容詞(adj.),
broad,広範囲の,brɔd,形容詞(adj.),
brush,磨いたり払うためのハケ,brʌʃ,名詞(n.),
bunch,束,bʌnʧ,名詞(n.),
burst,破裂する； 爆発する,bɜrst,動詞(verb),
bury,埋める; 埋葬する,ˈbɛri,動詞(verb),
button,ボタン,ˈbʌtən,名詞(n.),
cable,電線,ˈkeɪbəl,名詞(n.),
calculate,計算する,ˈkælkjəˌleɪt,動詞(verb),
calm,穏やかな,kɑm,形容詞(adj.),
camera,カメラ,ˈkæmərə,名詞(n.),
cap,帽子,kæp,名詞(n.),
capability,能力,ˌkeɪpəˈbɪləti,名詞(n.),
capable,能力がある,ˈkeɪpəbəl,形容詞(adj.),
capital,主要な,ˈkæpətəl,形容詞(adj.),
career,経歴；職業,kəˈrɪr,名詞(n.),
carpet,カーペット,ˈkɑrpət,名詞(n.),
cash,現金,kæʃ,名詞(n.),
cast,配役,kæst,名詞(n.),
castle,城,ˈkæsəl,名詞(n.),
cent,セント,sɛnt,名詞(n.),
century,世紀,ˈsɛnʧəri,名詞(n.),
chain,繋ぎ；連鎖,ʧeɪn,名詞(n.),
challenge,挑戦,ˈʧælənʤ,名詞(n.),
champion,チャンピオン；優勝者,ˈʧæmpiən,名詞(n.),
championship,選手権,ˈʧæmpiənˌʃɪp,名詞(n.),
channel,"チャンネル；周波数帯；(伝達)経路,道筋；方法；海峡；溝；を向ける,送る, 集中させる；溝を掘る",ˈʧænəl,名詞(n.),
chapter,章,ˈʧæptər,名詞(n.),
character,性格; 性質; 特徴,ˈkɛrɪktər,名詞(n.),
characterize,～とみなす； 描く； 特徴づける,ˈkɛrəktəˌraɪz,動詞(verb),
charm,魅力，魅了,ʧɑrm,名詞(n.),
chase,追いかける，追跡,ʧeɪs,動詞(verb),
chat,おしゃべりする；チャットする,ʧæt,動詞(verb),
cheek,頬,ʧik,名詞(n.),
cheese,チーズ,ʧiz,名詞(n.),
chest,(頑丈な)収納箱,ʧɛst,名詞(n.),
chief,主要な； 最重要の,ʧif,形容詞(adj.),
chocolate,チョコレート,ˈʧɔklət,名詞(n.),
cigarette,タバコ,ˌsɪgəˈrɛt,名詞(n.),
circle,円；輪,ˈsɜrkəl,名詞(n.),
circumstance,状況,ˈsɜrkəmˌstæns,名詞(n.),
citizen,市民,ˈsɪtəzən,名詞(n.),
claim,主張する；要求する,kleɪm,動詞(verb),
classic,一流作品；古典,ˈklæsɪk,名詞(n.),
classical,古典的な,ˈklæsɪkəl,形容詞(adj.),
cloud,雲；曇り,klaʊd,名詞(n.),
coach,コー​チ,koʊʧ,名詞(n.),
coal,石炭,koʊl,名詞(n.),
coast,海岸,koʊst,名詞(n.),
combination,組み合わせ,ˌkɑmbəˈneɪʃən,名詞(n.),
combine,組み合わせる,ˈkɑmbaɪn,動詞(verb),
command,指揮する,kəˈmænd,動詞(verb),
comment,論評；コメント,ˈkɑmɛnt,名詞(n.),
commercial,コマーシャルの,kəˈmɜrʃəl,名詞(n.),
commit,(罪などを)犯す,kəˈmɪt,動詞(verb),
commitment,約束； 誓約,kəˈmɪtmənt,名詞(n.),
committee,委員会,kəˈmɪti,名詞(n.),
common,共通の; 普通の; 一般的な,ˈkɑmən,形容詞(adj.),
community,地域社会,kəmˈjunəti,名詞(n.),
compare,比較する,kəmˈpɛr,動詞(verb),
comparison,比較,kəmˈpɛrəsən,名詞(n.),
competition,競争,ˌkɑmpəˈtɪʃən,名詞(n.),
complain,不平を言う,kəmˈpleɪn,動詞(verb),
complicate,複雑にする,ˈkɑmpləˌkeɪt,動詞(verb),
concentrate,集中する,ˈkɑnsənˌtreɪt,動詞(verb),
concentration,集中；濃度,ˌkɑnsənˈtreɪʃən,名詞(n.),
condition,状態; 状況,kənˈdɪʃən,名詞(n.),
confuse,混乱させる,kənˈfjuz,動詞(verb),
confusion,混乱,kənˈfjuʒən,名詞(n.),
connect,つなぐ；接続する,kəˈnɛkt,動詞(verb),
connection,接続,kəˈnɛkʃən,名詞(n.),
constant,不変の；不断の,ˈkɑnstənt,形容詞(adj.),
constantly,絶えず,ˈkɑnstəntli,副詞(adv),
contact,接触する；連絡する,ˈkɑnˌtækt,動詞(verb),
contain,含む；入る,kənˈteɪn,動詞(verb),
contract,契約,ˈkɑnˌtrækt,名詞(n.),
contribute,寄付する,kənˈtrɪbjut,動詞(verb),
contribution,寄付,ˌkɑntrəˈbjuʃən,名詞(n.),
convince,納得させる,kənˈvɪns,動詞(verb),
cope,対処する,koʊp,動詞(verb),
copy,写す； コピーする； まねる,ˈkɑpi,動詞(verb),
correct,正しい，訂正する,kəˈrɛkt,形容詞(adj.),
cough,咳をする,kɑf,動詞(verb),
council,評議会,ˈkaʊnsəl,名詞(n.),
counter,反論，反論する,ˈkaʊntər,動詞(verb),
county,郡；州,ˈkaʊnti,名詞(n.),
cow,牛,kaʊ,名詞(n.),
crack,割れる，割れ目,kræk,動詞(verb),
crash,衝突する,kræʃ,動詞(verb),
cream,クリーム,krim,名詞(n.),
create,作り出す；創造する,kriˈeɪt,動詞(verb),
creation,創造,kriˈeɪʃən,名詞(n.),
creative,創造力のある,kriˈeɪtɪv,形容詞(adj.),
creature,生き物,ˈkriʧər,名詞(n.),
credit,クレジット；信用,ˈkrɛdət,名詞(n.),
criminal,犯罪の，犯人,ˈkrɪmənəl,形容詞(adj.),
crowd,群衆，群がる；押す,kraʊd,名詞(n.),
cultural,文化的な,ˈkʌlʧərəl,形容詞(adj.),
culture,文化；教養,ˈkʌlʧər,名詞(n.),
curious,好奇心がある,ˈkjʊriəs,形容詞(adj.),
current,現在の,ˈkɜrənt,形容詞(adj.),
currently,現在,ˈkɜrəntli,副詞(adv),
customer,顧客,ˈkʌstəmər,名詞(n.),
damage,損害，損害を与える,ˈdæməʤ,名詞(n.),
dare,あえて～する,dɛr,動詞(verb),
debt,借金,dɛt,名詞(n.),
December,12月,dɪˈsɛmbər,名詞(n.),
decision,決定,dɪˈsɪʒən,名詞(n.),
defense,防衛,dɪˈfɛns,名詞(n.),
delight,大喜び，喜ばせる,dɪˈlaɪt,名詞(n.),
deliver,配達する；伝える；出産する,dɪˈlɪvər,動詞(verb),
delivery,配達；話し方；出産,dɪˈlɪvəri,名詞(n.),
deny,否定する,dɪˈnaɪ,動詞(verb),
department,部門；局；課；学科,dɪˈpɑrtmənt,名詞(n.),
depress,落ち込ませる,dɪˈprɛs,動詞(verb),
depression,不景気；うつ病；衰弱,dɪˈprɛʃən,名詞(n.),
describe,説明する；描写する,dɪˈskraɪb,動詞(verb),
desert,砂漠,ˈdɛzɜrt,名詞(n.),
deserve,値する,dɪˈzɜrv,動詞(verb),
design,図案；設計図；計画，デザインする；考案する,dɪˈzaɪn,動詞(verb),
designer,デザイナー,dɪˈzaɪnər,名詞(n.),
desire,望む；強く欲する，欲望；願望,dɪˈzaɪər,動詞(verb),
desk,机,dɛsk,名詞(n.),
destroy,破壊する,dɪˈstrɔɪ,動詞(verb),
detail,細部；詳細，詳しく述べる,dɪˈteɪl,名詞(n.),
detect,見つける；検出する,dɪˈtɛkt,動詞(verb),
determination,決意,dɪˌtɜrməˈneɪʃən,名詞(n.),
determine,決定する,dəˈtɜrmən,動詞(verb),
develop,発達する；開発する,dɪˈvɛləp,動詞(verb),
diet,食事，ダイエットする,ˈdaɪət,動詞(verb),
direct,直接的な；率直な,dəˈrɛkt,動詞(verb),
direction,方向,dəˈrɛkʃən,名詞(n.),
directly,直接に,dəˈrɛktli,副詞(adv),
director,(会社の)重役；所長；監督,dəˈrɛktər,名詞(n.),
disappear,消える,ˌdɪsəˈpɪr,動詞(verb),
disappoint,失望させる,ˌdɪsəˈpɔɪnt,動詞(verb),
discipline,規律；訓練；分野，律する,ˈdɪsəplən,名詞(n.),
discuss,議論する,dɪˈskʌs,動詞(verb),
discussion,議論,dɪˈskʌʃən,名詞(n.),
disease,病気,dɪˈziz,名詞(n.),
dish,皿；料理,dɪʃ,名詞(n.),
distance,距離,ˈdɪstəns,名詞(n.),
district,地区,ˈdɪstrɪkt,名詞(n.),
disturb,乱す；妨げる,dɪˈstɜrb,動詞(verb),
divide,分ける；分割する,dɪˈvaɪd,動詞(verb),
divorce,離婚する,dɪˈvɔrs,名詞(n.),
dollar,ドル,ˈdɑlər,名詞(n.),
dozen,1ダース,ˈdʌzən,名詞(n.),
drag,引っ張る,dræg,動詞(verb),
drama,劇；ドラマ,ˈdrɑmə,名詞(n.),
dramatic,劇的な;,drəˈmætɪk,形容詞(adj.),
dramatically,劇的に,drəˈmætɪkli,副詞(adv),
dust,ほこり,dʌst,名詞(n.),
duty,義務,ˈduti,名詞(n.),
earn,稼ぐ,ɜrn,動詞(verb),
ease,気楽さ；容易さ,iz,名詞(n.),
economic,経済の,ˌɛkəˈnɑmɪk,形容詞(adj.),
economy,経済,ɪˈkɑnəmi,名詞(n.),
edit,編集する,ˈɛdət,動詞(verb),
editor,編集者,ˈɛdətər,名詞(n.),
effect,効果,ɪˈfɛkt,名詞(n.),
effort,努力,ˈɛfərt,名詞(n.),
elderly,年配の,ˈɛldərli,副詞(adv),
elect,"を選ぶ, 選出する,〖～ A to B〗 AをBに選ぶ;",ɪˈlɛkt ,動詞(verb),
election,選挙,ɪˈlɛkʃən,名詞(n.),
electric,電気の,ɪˈlɛktrɪk,形容詞(adj.),
electricity,電気,ɪˌlɛkˈtrɪsəti,名詞(n.),
embarrass,恥ずかしがらせる,ɪmˈbɛrəs,動詞(verb),
emotion,感情,ɪˈmoʊʃən,名詞(n.),
emotional,感情の,ɪˈmoʊʃənəl,形容詞(adj.),
empire,帝国,ˈɛmpaɪər,名詞(n.),
encourage,励ます；奨励する,ɛnˈkɜrɪʤ,動詞(verb),
enemy,敵,ˈɛnəmi,名詞(n.),
energy,精力；エネルギー,ˈɛnərʤi,名詞(n.),
engage,従事する；かみ合う,ɛnˈgeɪʤ,動詞(verb),
engineer,エンジニア；技師,ˈɛnʤəˈnɪr,名詞(n.),
enormous,巨大な,ɪˈnɔrməs,形容詞(adj.),
entertain,もてなす,ˌɛntərˈteɪn,動詞(verb),
entertainment,エンターテイメント； 娯楽;,ˌɛntərˈteɪnmənt,名詞(n.),
entire,全体の；完全な,ɪnˈtaɪər,形容詞(adj.),
entirely,全く,ɪnˈtaɪərli,副詞(adv),
envelope,封筒,ˈɛnvəˌloʊp,名詞(n.),
environment,環境,ɪnˈvaɪrənmənt,名詞(n.),
environmental,環境の；環境保護の,ɪnˌvaɪrənˈmɛntəl,形容詞(adj.),
equal,等しい,ˈikwəl,形容詞(adj.),
equally,同様に；等しく,ˈikwəli,副詞(adv),
equipment,装置；設備,ɪˈkwɪpmənt,名詞(n.),
escape,逃げる,ɪˈskeɪp,動詞(verb),
establish,設立する；制定する,ɪˈstæblɪʃ,動詞(verb),
establishment,設立；制定；施設,ɪˈstæblɪʃmənt,名詞(n.),
estate,土地；財産；地位,ɪˈsteɪt,名詞(n.),
event,出来事,ɪˈvɛnt,名詞(n.),
eventually,最終的には,ɪˈvɛnʧəwəli,副詞(adv),
evidence,証拠,ˈɛvədəns,名詞(n.),
evil,悪,ˈivəl,形容詞(adj.),
exam,試験,ɪgˈzæm,名詞(n.),
examination,試験,ɪgˌzæməˈneɪʃən,名詞(n.),
examine,試験をする；調べる,ɪgˈzæmɪn,動詞(verb),
example,例,ɪgˈzæmpəl,名詞(n.),
excellent,非常に優れた,ˈɛksələnt,形容詞(adj.),
exchange,交換する,ɪksˈʧeɪnʤ,動詞(verb),
exercise,運動する,ˈɛksərˌsaɪz,名詞(n.),
exhaust,疲れさせる,ɪgˈzɑst,動詞(verb),
exist,存在する,ɪgˈzɪst,動詞(verb),
existence,存在,ɛgˈzɪstəns,名詞(n.),
expense,費用,ɪkˈspɛns,名詞(n.),
expose,さらす；暴く,ɪkˈspoʊz,動詞(verb),
exposure,さらすこと；暴露,ɪkˈspoʊʒər,名詞(n.),
extend,引き伸ばす；広げる,ɪkˈstɛnd,動詞(verb),
extreme,極端な，極度,ɛkˈstrim,形容詞(adj.),
extremely,極めて,ɛkˈstrimli,副詞(adv),
fail,失敗する；目標に達成しない,feɪl,動詞(verb),
faith,信仰；信頼,feɪθ,名詞(n.),
faithfully,忠実に,ˈfeɪθfəli,副詞(adv),
familiar,よく知られた,fəˈmɪljər,形容詞(adj.),
famous,有名な,ˈfeɪməs,形容詞(adj.),
fan,扇風機；うちわ,fæn,名詞(n.),
fancy,好む；～したい気がする,ˈfænsi,動詞(verb),
fantastic,素晴らしい；幻想的な,fænˈtæstɪk,形容詞(adj.),
fascinate,魅了する,ˈfæsəˌneɪt,動詞(verb),
fashion,服装,ˈfæʃən,名詞(n.),
fault,欠点,fɔlt,名詞(n.),
favor,親切，好む；賛成する,ˈfeɪvər,名詞(n.),
feature,特徴,ˈfiʧər,名詞(n.),
February,2月,ˈfɛbjəˌwɛri,名詞(n.),
female,女性,ˈfiˌmeɪl,形容詞(adj.),
fence,フェンス，囲い,fɛns,名詞(n.),
file,提出する,faɪl,動詞(verb),
finance,財政；金融，資金,fəˈnæns,名詞(n.),
financial,財政の；金融の,fəˈnænʃəl,形容詞(adj.),
firm,堅い；安定した,fɜrm,形容詞(adj.),
firmly,堅く；しっかりと,ˈfɜrmli,副詞(adv),
flag,旗,flæg,名詞(n.),
flash,閃光，ぴかっと光る,flæʃ,名詞(n.),
flight,飛行,flaɪt,名詞(n.),
float,浮く,floʊt,動詞(verb),
flood,洪水,flʌd,名詞(n.),
flow,流れる,floʊ,動詞(verb),
fold,折りたたむ,foʊld,動詞(verb),
folk,人の；民族の,foʊk,形容詞(adj.),
fool,だます,ful,動詞(verb),
foreign,外国の,ˈfɔrən,形容詞(adj.),
forth,前へ；外へ,fɔrθ,副詞(adv),
fortune,運；運勢,ˈfɔrʧən,名詞(n.),
frame,枠組み；骨組み，組み立てる,freɪm,名詞(n.),
fruit,果物,frut,名詞(n.),
fund,資金を出す,fʌnd,名詞(n.),
furniture,家具,ˈfɜrnɪʧər,名詞(n.),
future,未来,ˈfjuʧər,名詞(n.),
gain,得る,geɪn,動詞(verb),
gate,ゲート；門,geɪt,名詞(n.),
gather,集会を開く,ˈgæðər,動詞(verb),
gay,同性愛者,geɪ,名詞(n.),
gear,車のギア,gɪr,名詞(n.),
generation,世代,ˌʤɛnəˈreɪʃən,名詞(n.),
gentleman,紳士,ˈʤɛntəlmən,名詞(n.),
gift,贈り物；才能,gɪft,名詞(n.),
goal,目的；目標,goʊl,名詞(n.),
golf,ゴルフ,gɑlf,名詞(n.),
grab,つかみ取る,græb,動詞(verb),
grade,学年,greɪd,名詞(n.),
grand,壮大な,grænd,形容詞(adj.),
grant,(願い・要求などを)聞き入れる；付与する,grænt,動詞(verb),
grin,ニヤリと笑う,grɪn,動詞(verb),
guarantee,保証，保証する,ˌgɛrənˈti,動詞(verb),
guard,守る；見張る，警備,gɑrd,動詞(verb),
guest,客；ゲスト,gɛst,名詞(n.),
guide,案内する；指導する，案内者；指導者,gaɪd,動詞(verb),
guilty,有罪の,ˈgɪlti,形容詞(adj.),
habit,習慣,ˈhæbət,名詞(n.),
harm,損害，害する,hɑrm,動詞(verb),
height,高さ,haɪt,名詞(n.),
hero,英雄,ˈhɪroʊ,名詞(n.),
hesitate,ためらう,ˈhɛzəˌteɪt,動詞(verb),
hire,雇う,ˈhaɪər,動詞(verb),
hook,フック，フックで吊るす,hʊk,名詞(n.),
hotel,ホテル,hoʊˈtɛl,名詞(n.),
identify,確認する；同一視する,aɪˈdɛntəˌfaɪ,動詞(verb),
identity,アイデンティティ；独自性；身元,aɪˈdɛntəti,名詞(n.),
ignore,無視する,ɪgˈnɔr,動詞(verb),
ill,病気で，悪く,ɪl,形容詞(adj.),
illegal,違法の,ɪˈligəl,形容詞(adj.),
illness,病気,ˈɪlnəs,名詞(n.),
illustrate,説明する,ˈɪləˌstreɪt,動詞(verb),
illustration,挿絵；図解,ˌɪləˈstreɪʃən,名詞(n.),
image,イメージ；画像,ˈɪməʤ,名詞(n.),
immediate,即時の；直近の,ɪˈmidiət,形容詞(adj.),
immediately,すぐに,ɪˈmidiətli,副詞(adv),
impress,よい印象を与える,ˈɪmˌprɛs,動詞(verb),
impressive,印象的な,ɪmˈprɛsɪv,形容詞(adj.),
improve,改善する,ɪmˈpruv,動詞(verb),
improvement,改善,ɪmˈpruvmənt,名詞(n.),
inch,インチ,ɪnʧ,名詞(n.),
include,含む,ɪnˈklud,動詞(verb),
income,収入,ˈɪnˌkʌm,名詞(n.),
increase,増える；増加させる,ˈɪnˌkris,動詞(verb),
increasingly,ますます,ɪnˈkrisɪŋli,副詞(adv),
indicate,指し示す,ˈɪndəˌkeɪt,動詞(verb),
indication,表示；兆候,ˌɪndəˈkeɪʃən,名詞(n.),
individual,個人，個人の,ˌɪndəˈvɪʤəwəl,名詞(n.),
industrial,産業の,ɪnˈdʌstriəl,形容詞(adj.),
industry,産業,ˈɪndəstri,名詞(n.),
influence,影響を与える，影響,ˈɪnfluəns,動詞(verb),
injure,傷つける,ˈɪnʤər,動詞(verb),
injury,傷害,ˈɪnʤəri,名詞(n.),
innocent,無邪気な；無罪の,ˈɪnəsənt,形容詞(adj.),
insist,主張する,ɪnˈsɪst,動詞(verb),
instance,例；実例,ˈɪnstəns,名詞(n.),
instruction,指示；教育,ɪnˈstrʌkʃən,名詞(n.),
instrument,楽器,ˈɪnstrəmənt,名詞(n.),
intend,～するつもりである,ɪnˈtɛnd,動詞(verb),
intense,激しい,ɪnˈtɛns,形容詞(adj.),
intention,意図,ɪnˈtɛnʧən,名詞(n.),
interview,面接；インタビュー,ˈɪntərˌvju,動詞(verb),
introduce,紹介する,ˌɪntrəˈdus,動詞(verb),
introduction,紹介,ˌɪntrəˈdʌkʃən,名詞(n.),
investigate,調査する,ɪnˈvɛstəˌgeɪt,動詞(verb),
investigation,調査,ɪnˌvɛstəˈgeɪʃən,名詞(n.),
invitation,招待,ˌɪnvɪˈteɪʃən,名詞(n.),
invite,招待する；勧める,ɪnˈvaɪt,動詞(verb),
iron,アイロン，アイロンをかける,ˈaɪərn,名詞(n.),
item,事項；項目,ˈaɪtəm,名詞(n.),
jacket,ジャケット；カバー,ˈʤækət,名詞(n.),
journey,旅,ˈʤɜrni,名詞(n.),
joy,喜び,ʤɔɪ,名詞(n.),
July,7月,ˌʤuˈlaɪ,名詞(n.),
justice,公正,ˈʤʌstəs,名詞(n.),
keen,鋭い,kin,形容詞(adj.),
knee,膝,ni,名詞(n.),
knife,ナイフ；刀,naɪf,名詞(n.),
knowledge,知識,ˈnɑləʤ,名詞(n.),
labor,労働，働く；詳細に論じる,ˈleɪbər,動詞(verb),
laboratory,研究室,ˈlæbrəˌtɔri,名詞(n.),
lack,不足，欠いている,læk,動詞(verb),
language,言語,ˈlæŋgwəʤ,名詞(n.),
lawyer,弁護士,ˈlɔjər,名詞(n.),
league,同盟；リーグ;,lig,名詞(n.),
leap,飛び跳ねる，跳躍,lip,動詞(verb),
legal,合法的な；法的な,ˈligəl,形容詞(adj.),
lend,貸す,lɛnd,動詞(verb),
length,長さ,lɛŋkθ,名詞(n.),
lesson,授業；課,ˈlɛsən,名詞(n.),
library,図書館,ˈlaɪˌbrɛri,名詞(n.),
license,免許,ˈlaɪsəns,名詞(n.),
likely,ありそうな；～しそうである；適した,ˈlaɪkli,形容詞(adj.),
limit,限度；境界，制限する,ˈlɪmət,名詞(n.),
limitation,制限；限界,ˌlɪmɪˈteɪʃən,名詞(n.),
loan,貸す，貸付,loʊn,動詞(verb),
locate,捜し出す；置く；位置する,ˈloʊˌkeɪt,動詞(verb),
location,場所,loʊˈkeɪʃən,名詞(n.),
log,丸太,lɔg,名詞(n.),
loose,ゆるい；自由な,lus,形容詞(adj.),
loss,失うこと；損害,lɔs,名詞(n.),
magazine,雑誌,ˈmægəˌzin,名詞(n.),
magic,手品；魔法,ˈmæʤɪk,名詞(n.),
mail,郵便；メール,meɪl,名詞(n.),
maintain,維持する；持続する,meɪnˈteɪn,動詞(verb),
maintenance,維持；整備,ˈmeɪntənəns,名詞(n.),
male,男性,meɪl,形容詞(adj.),
manner,方法,ˈmænər,名詞(n.),
map,地図,mæp,名詞(n.),
mass,質量,mæs,名詞(n.),
massive,巨大な；大量の,ˈmæsɪv,形容詞(adj.),
match,試合,mæʧ,名詞(n.),
mate,仲間,meɪt,名詞(n.),
material,材料，物質,məˈtɪriəl,名詞(n.),
mathematics,数学,ˌmæθəˈmætɪks,名詞(n.) 複数形(pl.),
maximum,最大,ˈmæksəməm,名詞(n.),
measure,測る;寸法をとる,ˈmɛʒər,動詞(verb),
measurement,測定,ˈmɛʒərmənt,名詞(n.),
meat,肉；,mit,名詞(n.),
medical,医療の,ˈmɛdəkəl,形容詞(adj.),
medicine,薬,ˈmɛdəsən,名詞(n.),
memory,記憶,ˈmɛməri,名詞(n.),
mental,精神の,ˈmɛntəl,形容詞(adj.),
message,メッセージ；伝言,ˈmɛsəʤ,名詞(n.),
metal,金属,ˈmɛtəl,名詞(n.),
meter,メートル,ˈmitər,名詞(n.),
military,軍隊，軍の,ˈmɪləˌtɛri,名詞(n.),
minor,小さい；少ない；重要でない,ˈmaɪnər,形容詞(adj.),
minority,少数派,maɪˈnɔrəti,名詞(n.),
mirror,鏡,ˈmɪrər,名詞(n.),
mission,任務,ˈmɪʃən,名詞(n.),
mix,混ぜる,mɪks,動詞(verb),
model,模型を作る，模範となる,ˈmɑdəl,形容詞(adj.),
modern,現代の,ˈmɑdərn,形容詞(adj.),
mood,気分；ムード,mud,名詞(n.),
moon,月,mun,名詞(n.),
motor,"自動車の,動力を起こす",ˈmoʊtər,形容詞(adj.),
mount,登る；乗る；取り付ける,maʊnt,動詞(verb),
mouse,ネズミ,maʊs,名詞(n.),
murder,殺人，殺す,ˈmɜrdər,名詞(n.),
muscle,筋肉,ˈmʌsəl,名詞(n.),
mystery,謎；ミステリー,ˈmɪstəri,名詞(n.),
narrow,狭い,ˈnɛroʊ,形容詞(adj.),
native,ネイティブ；母語話者,ˈneɪtɪv,名詞(n.),
neither,どちらも～ない,ˈniðər,形容詞(adj.),
nerve,神経,nɜrv,名詞(n.),
nervous,神経質な；緊張して,ˈnɜrvəs,形容詞(adj.),
newspaper,新聞,ˈnuzˌpeɪpər,名詞(n.),
nor,～もまた～でない,nɔr,接続詞(conj.),
northern,北の,ˈnɔrðərn,形容詞(adj.),
November,11月,noʊˈvɛmbər,名詞(n.),
nowhere,どこにも～ない,ˈnoʊˌwɛr,副詞(adv),
object,反対する,ˈɑbʤɛkt,動詞(verb),
observation,観察；監視,ˌɑbzərˈveɪʃən,名詞(n.),
observe,観察する,əbˈzɜrv,動詞(verb),
occasion,時；出来事；機会,əˈkeɪʒən,名詞(n.),
occasionally,時折に,əˈkeɪʒənəli,副詞(adv),
occur,発生する,əˈkɜr,動詞(verb),
October,10月,ɑkˈtoʊbər,名詞(n.),
official,公式な；公的な,əˈfɪʃəl,形容詞(adj.),
operate,作動する；操作する；作用する；経営する,ˈɑpəˌreɪt,動詞(verb),
operation,作用；操作；事業,ˌɑpəˈreɪʃən,名詞(n.),
operator,操作者；(電話の)交換手；経営者,ˈɑpəˌreɪtər,名詞(n.),
opinion,意見,əˈpɪnjən,名詞(n.),
opportunity,機会,ˌɑpərˈtunəti,名詞(n.),
oppose,反対する,əˈpoʊz,動詞(verb),
opposite,反対側の,ˈɑpəzət,形容詞(adj.),
opposition,反対,ˌɑpəˈzɪʃən,名詞(n.),
ordinary,普通の,ˈɔrdəˌnɛri,形容詞(adj.),
organization,組織,ˌɔrgənəˈzeɪʃən,名詞(n.),
organize,組織する；まとめる；計画する,ˈɔrgəˌnaɪz,動詞(verb),
original,最初の；原始的な；独創的な，原物,əˈrɪʤənəl,形容詞(adj.),
originally,もともと,əˈrɪʤənəli,副詞(adv),
otherwise,さもなければ；別のやり方で，他の,ˈʌðərˌwaɪz,副詞(adv),
owe,借りがある；義務がある；おかげである,oʊ,動詞(verb),
panic,恐慌；パニック,ˈpænɪk,名詞(n.),
partner,パートナー；相棒,ˈpɑrtnər,名詞(n.),
partnership,協力関係,ˈpɑrtnərˌʃɪp,名詞(n.),
path,小道；通り道,pæθ,名詞(n.),
patient,辛抱強い,ˈpeɪʃənt,形容詞(adj.),
pattern,模範；原型；模様；傾向；パターン,ˈpætərn,名詞(n.),
pause,休止，休止する,pɔz,動詞(verb),
peace,平和,pis,名詞(n.),
pen,ペン,pɛn,名詞(n.),
pension,年金,ˈpɛnʃən,名詞(n.),
per,～につき； ～ごとに,pɜr,前置詞(prep.),
percent,パーセント,pərˈsɛnt,名詞(n.),
percentage,パーセンテージ；割合,pərˈsɛntəʤ,名詞(n.),
perform,行う；成し遂げる,pərˈfɔrm,動詞(verb),
performance,演奏；公演,pərˈfɔrməns,名詞(n.),
period,期間；時代,ˈpɪriəd,名詞(n.),
physical,身体の；肉体の,ˈfɪzɪkəl,形容詞(adj.),
piano,ピアノ,piˈænoʊ,名詞(n.),
pig,ブタ,pɪg,名詞(n.),
pile,積み重ねる，積み重ね,paɪl,名詞(n.),
pink,ピンク,pɪŋk,形容詞(adj.),
pipe,管；パイプ,paɪp,名詞(n.),
pitch,ボールを投げる，投球,pɪʧ,名詞(n.),
plain,地味な；質素な；明白な,pleɪn,形容詞(adj.),
plane,飛行機；平面；平らな；水準,pleɪn,名詞(n.),
planet,惑星,ˈplænət,名詞(n.),
plastic,プラスチック,ˈplæstɪk,名詞(n.),
plate,皿,pleɪt,名詞(n.),
pleasant,気持ちのよい,ˈplɛzənt,形容詞(adj.),
pleasure,楽しさ；愉快；満足,ˈplɛʒər,名詞(n.),
pocket,ポケット,ˈpɑkət,名詞(n.),
poem,詩,ˈpoʊəm,名詞(n.),
poet,詩人,ˈpoʊət,名詞(n.),
poetry,詩,ˈpoʊətri,名詞(n.),
policy,政策；方針,ˈpɑləsi,名詞(n.),
political,政治の,pəˈlɪtəkəl,形容詞(adj.),
politician,政治家,ˌpɑləˈtɪʃən,名詞(n.),
politics,政治,ˈpɑləˌtɪks,名詞(n.) 複数形(pl.),
pollution,汚染,pəˈluʃən,名詞(n.),
pool,プール,pul,名詞(n.),
popular,人気のある,ˈpɑpjələr,形容詞(adj.),
population,人口,ˌpɑpjəˈleɪʃən,名詞(n.),
port,港,pɔrt,名詞(n.),
positive,確かな；肯定的な；前向きな,ˈpɑzətɪv,形容詞(adj.),
possess,所有する；取り憑く,pəˈzɛs,動詞(verb),
possession,所有物,pəˈzɛʃən,名詞(n.),
potato,じゃがいも,pəˈteɪˌtoʊ,名詞(n.),
pour,注ぐ,pɔr,動詞(verb),
practical,実用的な,ˈpræktəkəl,形容詞(adj.),
practice,練習する,ˈpræktəs,動詞(verb),
pray,祈る；祈願する,preɪ,動詞(verb),
prefer,好む,prəˈfɜr,動詞(verb),
preference,好み,ˈprɛfərəns,名詞(n.),
pregnancy,"妊娠；内容豊富, 意味深長.",ˈprɛgnənsi,名詞(n.),
pregnant,妊娠している,ˈprɛgnənt,形容詞(adj.),
president,大統領；社長,ˈprɛzəˌdɛnt,名詞(n.),
presidential,大統領・社長の,ˌprɛzəˈdɛnʧəl,形容詞(adj.),
pressure,圧力,ˈprɛʃər,名詞(n.),
presumably,恐らく,prəˈzuməbli,副詞(adv),
pretend,ふりをする,priˈtɛnd,動詞(verb),
prevent,防ぐ,prɪˈvɛnt,動詞(verb),
previous,前の,ˈpriviəs,形容詞(adj.),
previously,以前に,ˈpriviəsli,副詞(adv),
pride,誇り,praɪd,名詞(n.),
prime,最も重要な；最上の,praɪm,形容詞(adj.),
print,印刷する,prɪnt,動詞(verb),
printer,印刷機；プリンター;,ˈprɪntər,名詞(n.),
private,私的な；個人的な,ˈpraɪvət,形容詞(adj.),
process,製造過程；手順；一連のプロセス，処理する,ˈprɑˌsɛs,動詞(verb),
produce,産出する；製造する,ˈproʊdus,動詞(verb),
producer,生産者；製造者,prəˈdusər,名詞(n.),
product,製品,ˈprɑdəkt,名詞(n.),
production,生産,prəˈdʌkʃən,名詞(n.),
profession,専門職,prəˈfɛʃən,名詞(n.),
professional,専門職の；プロの,prəˈfɛʃənəl,形容詞(adj.),
progress,前進する,ˈprɑˌgrɛs,動詞(verb),
project,計画；事業；プロジェクト,ˈprɑʤɛkt,名詞(n.),
property,所有物；財産,ˈprɑpərti,名詞(n.),
proposal,提案,prəˈpoʊzəl,名詞(n.),
propose,提案する,prəˈpoʊz,動詞(verb),
protest,抗議，抗議する,ˈproʊˌtɛst,動詞(verb),
proud,誇りに思う,praʊd,形容詞(adj.),
prove,証明する,pruv,動詞(verb),
provide,提供する,prəˈvaɪd,動詞(verb),
pub,パブ；酒場,pʌb,名詞(n.),
pump,ポンプ，ポンプでくみ上げる,pʌmp,動詞(verb),
purchase,購入する,ˈpɜrʧəs,動詞(verb),
pure,純粋な,pjʊr,形容詞(adj.),
purpose,目的,ˈpɜrpəs,名詞(n.),
qualification,資格,ˌkwɑləfəˈkeɪʃən,名詞(n.),
qualify,資格を取る,ˈkwɑləˌfaɪ,動詞(verb),
quality,質；資質,ˈkwɑləti,名詞(n.),
quote,引用する，引用,kwoʊt,動詞(verb),
range,範囲，範囲に及ぶ；並べる,reɪnʤ,名詞(n.),
rapid,急速な,ˈræpəd,形容詞(adj.),
rapidly,急速に,ˈræpədli,副詞(adv),
rare,珍しい,rɛr,形容詞(adj.),
rarely,めったに～ない,ˈrɛrli,副詞(adv),
rat,ネズミ,ræt,名詞(n.),
react,反応する,riˈækt,動詞(verb),
reaction,反応,riˈækʃən,名詞(n.),
recall,思い出す，想起,ˈriˌkɔl,動詞(verb),
receive,受ける；受信する,rəˈsiv,動詞(verb),
reckon,数える；考える,ˈrɛkən,動詞(verb),
recognize,認識する,ˈrɛkəgˌnaɪz,動詞(verb),
recommend,推薦する,ˌrɛkəˈmɛnd,動詞(verb),
recommendation,推薦,ˌrɛkəmənˈdeɪʃən,名詞(n.),
recover,回復する,rɪˈkʌvər,動詞(verb),
recovery,回復,rɪˈkʌvri,名詞(n.),
reduce,減少させる,rəˈdus,動詞(verb),
reduction,削減,rəˈdʌkʃən,名詞(n.),
refer,言及する；引用する；参照する,rəˈfɜr,動詞(verb),
reference,言及；参照,ˈrɛfərəns,動詞(verb),
refuse,拒否する,rɪˈfjuz,動詞(verb),
regard,注視する；注意を払う,rəˈgɑrd,動詞(verb),
regardless,～に注意しない；～にかかわらず,rəˈgɑrdləs,形容詞(adj.),
region,地域,ˈriʤən,名詞(n.),
regional,地域の,ˈriʤənəl,形容詞(adj.),
register,登録する，登録,ˈrɛʤɪstər,動詞(verb),
registration,登録,ˌrɛʤɪˈstreɪʃən,名詞(n.),
regular,定期的な；規則的な,ˈrɛgjələr,形容詞(adj.),
regularly,定期的に；規則的に,ˈrɛgjələrli,副詞(adv),
relax,くつろぐ；緩める,rɪˈlæks,動詞(verb),
release,解放する；公開する，解放,riˈlis,動詞(verb),
reliable,信頼できる,rɪˈlaɪəbəl,形容詞(adj.),
relief,除去；安心；救助,rɪˈlif,名詞(n.),
rely,"〖on [upon] A〗 Aを頼りにする, 信頼する",rɪˈlaɪ ,動詞(verb),
remain,残る；～ままである，残り；遺跡,rɪˈmeɪn,動詞(verb),
remark,発言，述べる,rɪˈmɑrk,動詞(verb),
remarkable,顕著な,rɪˈmɑrkəbəl,形容詞(adj.),
remind,思い出させる,riˈmaɪnd,動詞(verb),
remove,取り除く；解任する,riˈmuv,動詞(verb),
repair,修理する,rɪˈpɛr,動詞(verb),
repeat,繰り返す，繰り返し,rɪˈpit,動詞(verb),
replace,取り替える,ˌriˈpleɪs,動詞(verb),
represent,表す；代表する；説明する,ˌrɛprəˈzɛnt,動詞(verb),
representation,表現,ˌrɛprəzɛnˈteɪʃən,名詞(n.),
representative,代表者，代表する,ˌrɛprəˈzɛntətɪv,名詞(n.),
require,必要とする,ˌriˈkwaɪər,動詞(verb),
requirement,必要条件,rɪˈkwaɪrmənt,名詞(n.),
research,研究，研究する,riˈsɜrʧ,動詞(verb),
researcher,研究者,ˈrisərʧər,名詞(n.),
reserve,予約する；取っておく,rɪˈzɜrv,動詞(verb),
resist,抵抗する,rɪˈzɪst,動詞(verb),
resistance,抵抗；耐性,rɪˈzɪstəns,名詞(n.),
respect,尊敬する，尊敬,rɪˈspɛkt,動詞(verb),
restaurant,レストラン,ˈrɛstəˌrɑnt,名詞(n.),
result,結果，～という結果になる,rɪˈzʌlt,動詞(verb),
retire,引退する；退職する,rɪˈtaɪr,動詞(verb),
retirement,引退；退職,rɪˈtaɪərmənt,名詞(n.),
risk,危険；リスク，賭ける；危険にさらす,rɪsk,動詞(verb),
role,役割,roʊl,名詞(n.),
roof,屋根,ruf,名詞(n.),
root,根；根元，根付かせる；根こそぎにする,rut,名詞(n.),
row,漕ぐ,roʊ,動詞(verb),
royal,国王の,ˈrɔɪəl,形容詞(adj.),
ruin,荒廃；破滅，破壊する；破滅させる；だめにする,ˈruən,動詞(verb),
rush,大急ぎでする；突進する，急ぎ；突進；ほとばしり,rʌʃ,動詞(verb),
sake,為；目的；利益,seɪk,名詞(n.),
salary,給料,ˈsæləri,名詞(n.),
sale,販売；売上高,seɪl,名詞(n.),
salt,塩,sɔlt,名詞(n.),
sand,砂,sænd,名詞(n.),
satisfy,満たす,ˈsætəˌsfaɪ,動詞(verb),
scale,目盛り；基準；尺度；縮尺比；規模,skeɪl,名詞(n.),
scene,現場；場面,sin,名詞(n.),
schedule,予定；スケジュール,ˈskɛʤʊl,動詞(verb),
score,得点，得点する,skɔr,動詞(verb),
scream,悲鳴，悲鳴を上げる,skrim,動詞(verb),
screen,画面，上映する；検査する；選抜する；隠す,skrin,名詞(n.),
seal,封印する；密封する,sil,動詞(verb),
search,捜す，捜索,sɜrʧ,動詞(verb),
season,季節,ˈsizən,名詞(n.),
secret,秘密の,ˈsikrət,形容詞(adj.),
section,部分；区間,ˈsɛkʃən,名詞(n.),
seed,種子,sid,名詞(n.),
seek,探し求める,sik,動詞(verb),
select,選択する，厳選した,səˈlɛkt,動詞(verb),
selection,選択,səˈlɛkʃən,名詞(n.),
senior,年長者；先輩；高齢者,ˈsinjər,形容詞(adj.),
sentence,文,ˈsɛntəns,名詞(n.),
separate,離す；分ける，分かれた,ˈsɛprət,形容詞(adj.),
September,9月,sɛpˈtɛmbər,名詞(n.),
series,連続,ˈsɪriz,名詞(n.) 複数形(pl.),
shade,日陰,ʃeɪd,名詞(n.),
shadow,影,ˈʃæˌdoʊ,名詞(n.),
sharp,鋭い；とがった,ʃɑrp,形容詞(adj.),
sheep,羊,ʃip,名詞(n.),
sheet,枚；用紙；シート,ʃit,名詞(n.),
shelf,棚,ʃɛlf,名詞(n.),
shell,貝殻,ʃɛl,名詞(n.),
shelter,避難所；保護施設,ˈʃɛltər,名詞(n.),
shift,替える，交代,ʃɪft,動詞(verb),
shock,ぎょっとさせる，激突；ショック,ʃɑk,名詞(n.),
shore,岸,ʃɔr,名詞(n.),
shower,シャワーを浴びる；浴びせる；たくさん与える,ˈʃaʊər,名詞(n.),
signal,信号，合図する；示す，際立った,ˈsɪgnəl,形容詞(adj.),
silence,静けさ,ˈsaɪləns,名詞(n.),
silver,銀,ˈsɪlvər,名詞(n.),
similar,よく似た,ˈsɪmələr,形容詞(adj.),
similarly,同様に,ˈsɪmələrli,副詞(adv),
sink,流し,sɪŋk,名詞(n.),
site,ウェブサイト,saɪt,名詞(n.),
ski,スキー,ski,名詞(n.),
skill,熟練；技術,skɪl,名詞(n.),
skirt,スカート,skɜrt,名詞(n.),
slave,奴隷,sleɪv,名詞(n.),
slide,滑る；そっと動く；下がる；悪化する，滑ること；滑り台,slaɪd,動詞(verb),
smart,賢い,smɑrt,形容詞(adj.),
smooth,なめらかな，なめらかにする,smuð,形容詞(adj.),
snap,ポキッと折る；プツンと切れる；パチンと音を立てる；すばやく動く，パチンという音,snæp,動詞(verb),
social,社会的な,ˈsoʊʃəl,形容詞(adj.),
society,社会,səˈsaɪəti,名詞(n.),
soil,土壌,sɔɪl,名詞(n.),
soldier,兵士,ˈsoʊlʤər,名詞(n.),
solid,固体の；堅実な,ˈsɑləd,形容詞(adj.),
somewhat,いくぶん,ˈsʌmˈwʌt,副詞(adv),
soul,魂,soʊl,名詞(n.),
southern,南部の,ˈsʌðərn,形容詞(adj.),
spare,予備；スペア,spɛr,形容詞(adj.),
species,種,ˈspiʃiz,名詞(n.) 複数形(pl.),
specific,明確な；特定の；具体的な；特有の,spəˈsɪfɪk,形容詞(adj.),
specifically,特に,spəˈsɪfɪkli,副詞(adv),
speech,話；スピーチ,spiʧ,名詞(n.),
speed,速さ，急ぐ；加速する,spid,名詞(n.),
spell,つづり；スペル，つづる,spɛl,動詞(verb),
spin,回転する,spɪn,動詞(verb),
spirit,精神；気分；気力,ˈspɪrət,名詞(n.),
split,割る；裂く，分割；対立,splɪt,動詞(verb),
spread,広げる，広がり,sprɛd,動詞(verb),
stability,安定,stəˈbɪlɪti,名詞(n.),
stable,安定した,ˈsteɪbəl,形容詞(adj.),
staff,職員，職員を配置する,stæf,名詞(n.),
stair,階段,stɛr,名詞(n.),
stamp,切手,stæmp,名詞(n.),
standard,標準，標準の,ˈstændərd,形容詞(adj.),
steady,安定した,ˈstɛdi,形容詞(adj.),
steel,鋼,stil,名詞(n.),
stir,かき混ぜる,stɜr,動詞(verb),
stock,在庫；蓄え，仕入れる；満たす,stɑk,名詞(n.),
stomach,胃,ˈstʌmək,名詞(n.),
storm,嵐,stɔrm,名詞(n.),
stream,流れる,strim,名詞(n.),
strength,力；強さ,strɛŋkθ,名詞(n.),
strengthen,強化する,ˈstrɛŋθən,動詞(verb),
stress,ストレスを感じる,strɛs,動詞(verb),
stretch,伸ばす,strɛʧ,動詞(verb),
string,糸；ひも,strɪŋ,名詞(n.),
strip,細長い路,strɪp,動詞(verb),
stroke,なでる,stroʊk,動詞(verb),
struggle,もがく；奮闘する,ˈstrʌgəl,動詞(verb),
style,様式,staɪl,名詞(n.),
success,成功,səkˈsɛs,名詞(n.),
successful,成功した,səkˈsɛsfəl,形容詞(adj.),
successfully,成功するかたちで,səkˈsɛsfəli,副詞(adv),
suffer,苦しむ；耐える,ˈsʌfər,動詞(verb),
sugar,砂糖,ˈʃʊgər,名詞(n.),
supplier,供給者,səˈplaɪər,名詞(n.),
supply,供給する,səˈplaɪ,動詞(verb),
surround,囲む,səˈraʊnd,動詞(verb),
survival,生き残り,sərˈvaɪvəl,名詞(n.),
survive,耐える；生き残る,sərˈvaɪv,動詞(verb),
suspect,疑う,ˈsʌˌspɛkt,動詞(verb),
swear,誓う,swɛr,動詞(verb),
sweep,掃く,swip,動詞(verb),
swing,ブランコ,swɪŋ,名詞(n.),
switch,スイッチ,swɪʧ,名詞(n.),
tale,物語,teɪl,名詞(n.),
tank,タンク,tæŋk,名詞(n.),
tap,軽くたたく；コツコツと音を立てる,tæp,動詞(verb),
taxi,タクシー,ˈtæksi,名詞(n.),
technology,科学技術,tɛkˈnɑləʤi,名詞(n.),
teenager,ティーンエイジャー；１０代の若者,ˈtiˌneɪʤər,名詞(n.),
tension,ピンと張ること；緊張,ˈtɛnʃən,名詞(n.),
tent,テント,tɛnt,名詞(n.),
theater,劇場,ˈθiətər,名詞(n.),
therefore,それゆえに,ˈðɛrˌfɔr,副詞(adv),
thin,薄い；細い,θɪn,形容詞(adj.),
threat,脅し,θrɛt,名詞(n.),
threaten,脅かす,ˈθrɛtən,動詞(verb),
thus,このように；したがって,ðʌs,副詞(adv),
ticket,切符；チケット,ˈtɪkət,名詞(n.),
tiny,とても小さい,ˈtaɪni,形容詞(adj.),
tip,内密情報；ヒント，内報する；予想する,tɪp,名詞(n.),
title,称号,ˈtaɪtəl,名詞(n.),
tone,"口調,語調,話し方；調子,音質；傾向；を引き締める；音調[色調]を変える",toʊn,名詞(n.),
tongue,舌,tʌŋ,名詞(n.),
tool,道具,tul,名詞(n.),
topic,話題；トピック,ˈtɑpɪk,名詞(n.),
tough,丈夫な；骨の折れる,tʌf,形容詞(adj.),
tour,旅行,tʊr,名詞(n.),
tourism,観光,ˈtʊˌrɪzəm,名詞(n.),
tourist,観光客,ˈtʊrəst,名詞(n.),
tower,塔；タワー,ˈtaʊər,名詞(n.),
trace,跡，跡を追う；探し出す,treɪs,動詞(verb),
trade,取引する,treɪd,動詞(verb),
tradition,伝統,trəˈdɪʃən,名詞(n.),
traditional,伝統的な,trəˈdɪʃənəl,形容詞(adj.),
traffic,交通,ˈtræfɪk,名詞(n.),
transfer,移動する；転送する,ˈtrænsfər,動詞(verb),
trap,わな，わなで捕える,træp,名詞(n.),
trial,裁判；審理,ˈtraɪəl,名詞(n.),
trick,いたずら；ごまかし，だます,trɪk,動詞(verb),
truck,トラック,trʌk,名詞(n.),
tune,曲；音調,tun,名詞(n.),
twin,双子,twɪn,名詞(n.),
twist,ねじる，ねじれ,twɪst,動詞(verb),
typical,典型的な,ˈtɪpəkəl,形容詞(adj.),
typically,典型的に,ˈtɪpɪkli,副詞(adv),
union,結合；組合；連合,ˈjunjən,名詞(n.),
unit,単位；部署,ˈjunət,名詞(n.),
unite,団結する；結合する,ˈjuˌnaɪt,動詞(verb),
university,大学,ˌjunəˈvɜrsəti,名詞(n.),
unlikely,～しそうにない,ənˈlaɪkli,副詞(adv),
upper,上の,ˈʌpər,形容詞(adj.),
upset,動揺した,əpˈsɛt,形容詞(adj.),
valley,谷,ˈvæli,名詞(n.),
valuable,値段が高い,ˈvæljəbəl,形容詞(adj.),
value,値段をつける,ˈvælju,動詞(verb),
variable,変わりやすい,ˈvɛriəbəl,形容詞(adj.),
variation,変化,ˌvɛriˈeɪʃən,名詞(n.),
various,様々な,ˈvɛriəs,形容詞(adj.),
vary,変わる,ˈvɛri,動詞(verb),
vegetable,野菜,ˈvɛʤtəbəl,名詞(n.),
vehicle,乗り物,ˈvihɪkəl,名詞(n.),
version,版；バージョン,ˈvɜrʒən,名詞(n.),
victim,被害者；犠牲者,ˈvɪktəm,名詞(n.),
village,村,ˈvɪləʤ,名詞(n.),
violent,暴力的な,ˈvaɪələnt,形容詞(adj.),
vote,投票する,voʊt,動詞(verb),
voter,投票者,ˈvoʊtər,名詞(n.),
wage,賃金,weɪʤ,名詞(n.),
wander,歩き回る；さまよう,ˈwɑndər,動詞(verb),
warn,警告する,wɔrn,動詞(verb),
weak,弱い,wik,形容詞(adj.),
weakness,弱さ,ˈwiknəs,名詞(n.),
weapon,武器,ˈwɛpən,名詞(n.),
weird,変な,wɪrd,形容詞(adj.),
welcome,ようこそ，歓迎，歓迎する,ˈwɛlkəm,名詞(n.),
western,西の,ˈwɛstərn,形容詞(adj.),
whereas,～である一方で,wɛˈræz,接続詞(conj.),
wing,翼,wɪŋ,名詞(n.),
wipe,拭く,waɪp,動詞(verb),
wire,針金；ワイヤー,ˈwaɪər,名詞(n.),
wise,賢い,waɪz,形容詞(adj.),
witness,目撃者，目撃する,ˈwɪtnəs,名詞(n.),
wound,傷，負傷させる,wund,名詞(n.),
wrap,包む,ræp,動詞(verb),
abandon,(人を)見捨てる; あきらめる,əˈbændən,動詞(verb),
abortion,流産；中絶,əˈbɔrʃən,名詞(n.),
abroad,海外に,əˈbrɔd,副詞(adv),
absence,不在；欠席；不足,ˈæbsəns,名詞(n.),
abstract,抽象的な；理論的な；要約をつくる,ˈæbstrækt,形容詞(adj.),
abuse,乱用する,əˈbjus,動詞(verb),
academic,"学問の, 教育[研究]に関する;学校の；教養科目の；研究者；大学教授；学業",ˌækəˈdɛmɪk,名詞(n.),
accommodation,宿泊施設,əˌkɑməˈdeɪʃən,名詞(n.),
accompany,同行する；付随して起こる,əˈkʌmpəni,動詞(verb),
accomplish,達成する,əˈkɑmplɪʃ,動詞(verb),
accurate,正確な,ˈækjərət,形容詞(adj.),
achieve,達成する,əˈʧiv,動詞(verb),
achievement,達成；成果,əˈʧivmənt,名詞(n.),
acknowledge,認める,ækˈnɑlɪʤ,動詞(verb),
acquire,獲得する；習得する,əˈkwaɪər,動詞(verb),
acquisition,獲得；買収,ˌækwəˈzɪʃən,名詞(n.),
adequate,適正な；十分な；満足な； 適任で,ˈædəkwət,形容詞(adj.),
adjust,調整する；補正する；調停する；慣れる；適応する,əˈʤʌst,動詞(verb),"〖adjust A to B〗A〈機器など〉をBに(応じて)調整する,調節[整備]する,合わせる (adaptと異なり細かい変更をさす場合が多い)"
adjustment,"調整,調節；修正,補正；適応；調停；(保険金の)清算",əˈʤʌstmənt,名詞(n.),
administration,管理,ædˌmɪnɪˈstreɪʃən,名詞(n.),
adopt,採用する；取り入れる,əˈdɑpt,動詞(verb),
advocate,提唱する；主張する；提唱者；擁護者,ˈædvəkət,動詞(verb),
agency,代理店,ˈeɪʤənsi,名詞(n.),
agenda,議題; 政策; 方針,əˈʤɛndə,名詞(n.),
aggressive,積極的な; 攻撃的な; 好戦的な,əˈgrɛsɪv,形容詞(adj.),
agricultural,農業の,ˌægrəˈkʌlʧərəl,形容詞(adj.),
aim,目指す; 狙う; 銃や矢を～に向ける,eɪm,名詞(n.),
aircraft,航空機,ˈɛrˌkræft,名詞(n.),
airline,航空会社,ˈɛrˌlaɪn,名詞(n.),
album,(写真の)アルバム,ˈælbəm,名詞(n.),
allege,（根拠のないことを強く）主張する,əˈlɛʤ,動詞(verb),
ally,同盟国,ˈælaɪ,名詞(n.),
alongside,～と並んで；～のそばに；～と平行して,əˈlɔŋˈsaɪd,前置詞(prep.),
alternative,選択肢；代替案,ɔlˈtɜrnətɪv,名詞(n.),
amendment,改正,əˈmɛndmənt,名詞(n.),
analysis,分析,əˈnæləsəs,名詞(n.),
analyst,分析家；アナリスト,ˈænələst,名詞(n.),
analyze,分析する,ˈænəˌlaɪz,動詞(verb),
ancient,古代の,ˈeɪnʧənt,形容詞(adj.),
angle,角度,ˈæŋgəl,名詞(n.),
annual,毎年の,ˈænjuəl,形容詞(adj.),
anticipate,予期する；予測する; 期待する,ænˈtɪsəˌpeɪt,動詞(verb),
anxiety,不安,æŋˈzaɪəti,名詞(n.),
apologize,謝罪する,əˈpɑləˌʤaɪz,動詞(verb),
appropriate,適切な,əˈproʊpriət,形容詞(adj.),
approval,賛成；是認,əˈpruvəl,名詞(n.),
approve,賛成する；是認する,əˈpruv,動詞(verb),
approximately,約；大体,əˈprɑksəmətli,副詞(adv),
architecture,建築学；建築物,ˈɑrkəˌtɛkʧər,名詞(n.),
arise,生じる；起こる,əˈraɪz,動詞(verb),
assess,評価する；査定する,əˈsɛs,動詞(verb),
assessment,評価,əˈsɛsmənt,名詞(n.),
asset,資産；貴重なもの,ˈæˌsɛt,名詞(n.),
assign,割り当てる；指定する,əˈsaɪn,動詞(verb),
assumption,仮定；憶説,əˈsʌmpʃən,名詞(n.),
athlete,スポーツ選手,ˈæˌθlit,名詞(n.),
attribute,属性; 特質,ˈætrəˌbjut,名詞(n.),
audience,観客,ˈɑdiəns,名詞(n.),
author,著者,ˈɔθər,名詞(n.),
award,授与する，賞,əˈwɔrd,動詞(verb),
ban,禁止する，禁止,bæn,動詞(verb),
barrier,バリア；障壁,ˈbæriər,名詞(n.),
behave,振る舞う,bɪˈheɪv,動詞(verb),
behavior,行動,bɪˈheɪvjər,名詞(n.),
belief,信念,bɪˈlif,名詞(n.),
bias,偏見；バイアス,ˈbaɪəs,名詞(n.) 複数形(pl.),
bid,入札，値をつける,bɪd,動詞(verb),
biological,生物学的な,ˌbaɪəˈlɑʤɪkəl,形容詞(adj.),
boost,後押し，促進する；引き上げる,bust,動詞(verb),
border,境界； 国境,ˈbɔrdər,名詞(n.),
boundary,境界,ˈbaʊndəri,名詞(n.),
broadcast,放送する,ˈbrɔdˌkæst,動詞(verb),
budget,予算,ˈbʌʤɪt,名詞(n.),
burden,荷物；負担,ˈbɜrdən,動詞(verb),
campaign,運動；キャンペーン,kæmˈpeɪn,動詞(verb),
cancel,取り消す,ˈkænsəl,動詞(verb),
cancer,癌,ˈkænsər,名詞(n.),
capacity,能力；容量,kəˈpæsəti,名詞(n.),
capture,捕まえる,ˈkæpʧər,動詞(verb),
carbon,炭素,ˈkɑrbən,名詞(n.),
catalog,カタログ,ˈkætəlɔg,名詞(n.),
category,部門；カテゴリー,ˈkætəˌgɔri,名詞(n.),
celebrate,祝う,ˈsɛləˌbreɪt,動詞(verb),
celebration,お祝い,ˌsɛləˈbreɪʃən,名詞(n.),
cell,携帯電話,sɛl,名詞(n.),
ceremony,儀式,ˈsɛrəˌmoʊni,名詞(n.),
chairman,議長； 会長,ˈʧɛrmən,名詞(n.),
chamber,部屋；評議会,ˈʧeɪmbər,名詞(n.),
characteristic,特徴的な,ˌkɛrəktəˈrɪstɪk,形容詞(adj.),
charity,慈善団体,ˈʧɛrɪti,名詞(n.),
chart,図表,ʧɑrt,名詞(n.),
chemical,化学の，化学製品,ˈkɛməkəl,名詞(n.),
cite,引用する,saɪt,動詞(verb),
civil,市民の,ˈsɪvəl,形容詞(adj.),
civilian,民間人,səˈvɪljən,名詞(n.),
clause,条項,klɔz,名詞(n.),
climate,気候,ˈklaɪmət,名詞(n.),
clinical,臨床の,ˈklɪnəkəl,形容詞(adj.),
cluster,房；群れ，房になる；群がる,ˈklʌstər,動詞(verb),
code,符号；コード,koʊd,名詞(n.),
coin,硬貨,kɔɪn,名詞(n.),
collapse,崩壊する,kəˈlæps,動詞(verb),
colleague,同僚,ˈkɑlig,名詞(n.),
column,コラム; 囲み記事,ˈkɑləm,名詞(n.),
comedy,コメディー,ˈkɑmədi,名詞(n.),
commission,委員会,kəˈmɪʃən,名詞(n.),
communicate,伝える,kəmˈjunəˌkeɪt,動詞(verb),
communication,コミュニケーション；通信,kəmˌjunəˈkeɪʃən,名詞(n.),
compensation,補償,ˌkɑmpənˈseɪʃən,名詞(n.),
compete,競争する,kəmˈpit,動詞(verb),
competitive,競争の；競争心の強い,kəmˈpɛtətɪv,形容詞(adj.),
competitor,競争相手,kəmˈpɛtətər,名詞(n.),
complaint,苦情,kəmˈpleɪnt,名詞(n.),
complex,複雑な,ˈkɑmplɛks,形容詞(adj.),
complexity,複雑さ,kəmˈplɛksəti,名詞(n.),
component,構成要素；部品,kəmˈpoʊnənt,形容詞(adj.),
compose,作成する；構成する,kəmˈpoʊz,動詞(verb),
composition,構成；組成；合成物；作文；作曲,ˌkɑmpəˈzɪʃən,名詞(n.),
compound,合成物； 化合物， 合成された,ˈkɑmpaʊnd,名詞(n.),
comprehensive,包括的な；理解力のある,ˌkɑmpriˈhɛnsɪv,形容詞(adj.),
comprise,含む；構成する,kəmˈpraɪz,動詞(verb),
compromise,妥協する；危険にさらす，妥協,ˈkɑmprəˌmaɪz,動詞(verb),
concept,概念,ˈkɑnsɛpt,名詞(n.),
concert,コンサート,ˈkɑnsɜrt,名詞(n.),
conclude,結論を出す；締結する,kənˈklud,動詞(verb),
conclusion,結論；締結,kənˈkluʒən,名詞(n.),
concrete,コンクリート， コンクリートで固める;,ˈkɑnkrit,名詞(n.),
conduct,導く； 案内する,ˈkɑndʌkt,動詞(verb),
confidence,自信,ˈkɑnfədəns,名詞(n.),
confident,自信のある,ˈkɑnfədənt,形容詞(adj.),
confirm,確認する,kənˈfɜrm,動詞(verb),
conflict,矛盾する；衝突する,ˈkɑnflɪkt,動詞(verb),
consequence,"結果, 結末, 成り行き, 影響",ˈkɑnsəkwəns,名詞(n.),
consequently,その結果として,ˈkɑnsəkwəntli,副詞(adv),
conservative,保守的な,kənˈsɜrvətɪv,形容詞(adj.),
considerable,かなりの,kənˈsɪdərəbəl,形容詞(adj.),
consist,～から成り立つ,kənˈsɪst,動詞(verb),
consistent,一貫した；一致した,kənˈsɪstənt,形容詞(adj.),
constitute,構成する,ˈkɑnstəˌtut,動詞(verb),
constraint,制約,kənˈstreɪnt,名詞(n.),
construct,組み立てる；建てる,kənˈstrʌkt,動詞(verb),
construction,構造；建造,kənˈstrʌkʃən,名詞(n.),
consult,相談する；調べる,kənˈsʌlt,動詞(verb),
consultant,コンサルタント；顧問,kənˈsʌltənt,名詞(n.),
consume,消費する,kənˈsum,動詞(verb),
consumer,消費者,kənˈsumər,名詞(n.),
contemporary,現代の；同時期に起こる,kənˈtɛmpəˌrɛri,名詞(n.),
content,内容; 中身,ˈkɑntɛnt,名詞(n.),
contest,競争，争う,ˈkɑntɛst,名詞(n.),
context,文脈；状況,ˈkɑntɛkst,名詞(n.),
contrast,対照させる,ˈkɑntræst,動詞(verb),
controversial,物議を醸す,ˌkɑntrəˈvɜrʃəl,形容詞(adj.),
convention,大会；慣習；条約,kənˈvɛnʃən,名詞(n.),
conventional,従来の,kənˈvɛnʃənəl,形容詞(adj.),
convert,変換する,ˈkɑnvɜrt,動詞(verb),
cooperation,協力,koʊˌɑpəˈreɪʃən,名詞(n.),
core,中核部；髄,kɔr,名詞(n.),
corporate,法人組織の；団体の,ˈkɔrpərət,形容詞(adj.),
corporation,法人；会社,ˌkɔrpəˈreɪʃən,名詞(n.),
correspond,対応する; 一致する,ˌkɔrəˈspɑnd,動詞(verb),
counsel,助言；弁護士,ˈkaʊnsəl,名詞(n.),
craft,工芸品,kræft,動詞(verb),
crew,乗組員,kru,名詞(n.),
crisis,危機,ˈkraɪsəs,名詞(n.) 複数形(pl.),
criterion,基準,kraɪˈtɪriən,名詞(n.),
critic,評論家,ˈkrɪtɪk,名詞(n.),
critical,重大な；危機の,ˈkrɪtɪkəl,形容詞(adj.),
criticism,批判,ˈkrɪtɪˌsɪzəm,名詞(n.),
criticize,批判する,ˈkrɪtɪˌsaɪz,動詞(verb),
crop,作物,krɑp,名詞(n.),
crucial,決定的な,ˈkruʃəl,形容詞(adj.),
currency,通貨,ˈkɜrənsi,名詞(n.),
curtain,カーテン,ˈkɜrtən,名詞(n.),
curve,曲線，曲がり,kɜrv,名詞(n.),
custom,習慣,ˈkʌstəm,名詞(n.),
cycle,周期；循環，循環する,ˈsaɪkəl,名詞(n.),
damn,ちくしょう，すごく,dæm,副詞(adv),
data,データ,ˈdeɪtə,名詞(n.) 複数形(pl.),
database,データベース,ˈdeɪtəˌbeɪs,名詞(n.),
debate,討論,dəˈbeɪt,名詞(n.),
decade,10年,dɛˈkeɪd,名詞(n.),
declare,"宣言する, 公表する, 布告する；明言する；はっきり言う",dɪˈklɛr,動詞(verb),
decline,断る,dɪˈklaɪn,動詞(verb),
decrease,減る，減少する,ˈdiˌkris,動詞(verb),
dedicate,捧げる；専念する,ˈdɛdəˌkeɪt,動詞(verb),
defeat,敗北，負かす,dɪˈfit,動詞(verb),
defend,守る,dɪˈfɛnd,動詞(verb),
deficit,赤字；不足,ˈdɛfəsət,名詞(n.),
define,定義する,dɪˈfaɪn,動詞(verb),
definition,定義,ˌdɛfəˈnɪʃən,名詞(n.),
delay,遅らせる，遅延,dɪˈleɪ,動詞(verb),
democracy,民主主義;,dɪˈmɑkrəsi,名詞(n.),
democratic,民主的な,ˌdɛməˈkrætɪk,形容詞(adj.),
demonstrate,証明する；実証する,ˈdɛmənˌstreɪt,動詞(verb),
demonstration,証明；実証,ˌdɛmənˈstreɪʃən,名詞(n.),
density,密度,ˈdɛnsəti,名詞(n.),
deposit,保証金,dəˈpɑzɪt,名詞(n.),
derive,引き出す,dəˈraɪv,動詞(verb),
description,記述；説明；描写,dɪˈskrɪpʃən,名詞(n.),
despite,〜にもかかわらず,dɪˈspaɪt,前置詞(prep.),
destruction,破壊,dɪˈstrʌkʃən,名詞(n.),
device,装置；デバイス,dɪˈvaɪs,名詞(n.),
devote,ささげる；当てる,dɪˈvoʊt,動詞(verb),
dialog,対話,ˈdaɪəlɔg,名詞(n.),
differ,異なる,ˈdɪfər,動詞(verb),
digital,デジタルの,ˈdɪʤətəl,形容詞(adj.),
dimension,寸法；面積；局面,dɪˈmɛnʃən,名詞(n.),
disagree,反対する,dɪsəˈgri,動詞(verb),
disaster,災害,dɪˈzæstər,名詞(n.),
discount,割引，割り引く,dɪˈskaʊnt,名詞(n.),
disk,ディスク,dɪsk,名詞(n.),
dismiss,解雇する；却下する,dɪˈsmɪs,動詞(verb),
disorder,無秩序；疾患；障害,dɪˈsɔrdər,名詞(n.),
display,表示する；展示する，表示；展示,dɪˈspleɪ,動詞(verb),
dispute,論争；紛争，論争する,dɪˈspjut,名詞(n.),
distant,遠い,ˈdɪstənt,形容詞(adj.),
distinct,"別個の,独特な;まったく異なった；はっきりした；明白な",dɪˈstɪŋkt,形容詞(adj.),
distinction,区別；差異,dɪˈstɪŋkʃən,名詞(n.),
distinguish,区別する,dɪˈstɪŋgwɪʃ,動詞(verb),
distribute,分配する,dɪˈstrɪbjut,動詞(verb),
diversity,多様性,dɪˈvɜrsəti,名詞(n.),
division,分割；部門,dɪˈvɪʒən,名詞(n.),
document,文書,ˈdɑkjəmɛnt,名詞(n.),
domestic,国内の,dəˈmɛstɪk,形容詞(adj.),
dominate,支配する,ˈdɑməˌneɪt,動詞(verb),
draft,下書き；草案，原稿を書く；下書きをする,dræft,名詞(n.),
eastern,東方の,ˈistərn,形容詞(adj.),
edition,版,əˈdɪʃən,名詞(n.),
effective,効果的な,ɪˈfɛktɪv,形容詞(adj.),
effectively,効果的に,ɪˈfɛktɪvli,副詞(adv),
efficiency,効率,ɪˈfɪʃənsi,名詞(n.),
efficient,効率的な；有能な,ɪˈfɪʃənt,形容詞(adj.),
electronic,電子の,ɪˌlɛkˈtrɑnɪk,形容詞(adj.),
element,要素,ˈɛləmənt,名詞(n.),
eliminate,排除する,ɪˈlɪməˌneɪt,動詞(verb),
embrace,受け入れる；囲む；抱擁する,ɛmˈbreɪs,名詞(n.),
emerge,出現する,ɪˈmɜrʤ,動詞(verb),
emergency,緊急事態,ɪˈmɜrʤənsi,名詞(n.),
emphasis,強調,ˈɛmfəsəs,名詞(n.) 複数形(pl.),
emphasize,強調する,ˈɛmfəˌsaɪz,動詞(verb),
enable,可能にする,ɛˈneɪbəl,動詞(verb),
encounter,出会う，出会い,ɪnˈkaʊntər,動詞(verb),
enhance,高める；強化する,ɛnˈhæns,動詞(verb),
ensure,保証する；確保する,ɛnˈʃʊr,動詞(verb),
enterprise,企業； 事業； 企て,ˈɛntərˌpraɪz,名詞(n.),
entitle,資格をあたえる; 題名をつける,ɛnˈtaɪtəl,動詞(verb),
entrance,入り口；入場,ˈɛntrəns,名詞(n.),
entry,入場,ˈɛntri,名詞(n.),
episode,エピソード；出来事,ˈɛpəˌsoʊd,名詞(n.),
equation,方程式,ɪˈkweɪʒən,名詞(n.),
equivalent,同等の；相当する，同等物,ɪˈkwɪvələnt,形容詞(adj.),
era,時代,ˈɛrə,名詞(n.),
error,エラー；誤り,ˈɛrər,名詞(n.),
essay,小論文; エッセイ,ˈɛˌseɪ,名詞(n.),
essential,不可欠な；本質的な,ɪˈsɛnʃəl,形容詞(adj.),
estimate,見積もり,ˈɛstəmət,名詞(n.),
ethnic,民族的な,ˈɛθnɪk,形容詞(adj.),
evaluate,評価する,ɪˈvæljuˌeɪt,動詞(verb),
evaluation,評価,ɪˌvæljuˈeɪʃən,名詞(n.),
evolution,進化,ˌɛvəˈluʃən,名詞(n.),
evolve,進化する； 発展する,ɪˈvɑlv,動詞(verb),
exceed,超える,ɪkˈsid,動詞(verb),
exception,例外,ɪkˈsɛpʃən,名詞(n.),
excess,過剰，過度の,ˈɛkˌsɛs,名詞(n.),
exclude,除外する,ɪkˈsklud,動詞(verb),
executive,幹部,ɪgˈzɛkjətɪv,名詞(n.),
exhibit,展示する；表す,ɪgˈzɪbɪt,動詞(verb),
exhibition,展示；展覧会,ˌɛksəˈbɪʃən,名詞(n.),
expand,拡大する,ɪkˈspænd,動詞(verb),
expansion,拡大,ɪkˈspænʃən,名詞(n.),
expenditure,支出；費用,ɪkˈspɛndəʧər,名詞(n.),
experiment,実験,ɪkˈspɛrəmənt,名詞(n.),
experimental,実験的な,ɪkˌspɛrɪˈmɛntəl,形容詞(adj.),
expert,専門家,ˈɛkspərt,名詞(n.),
explore,探索する,ɪkˈsplɔr,動詞(verb),
export,輸出する,ˈɛkspɔrt,動詞(verb),
extension,時間延長,ɪkˈstɛnʃən,名詞(n.),
extensive,"広い；広範囲の, 多方面にわたる；大規模な",ɪkˈstɛnsɪv,形容詞(adj.),
extent,範囲；広がり,ɪkˈstɛnt,名詞(n.),
external,外部の,ɪkˈstɜrnəl,形容詞(adj.),
extract,引き出す；抽出する；取り除く,ˈɛkˌstrækt,名詞(n.),
extraordinary,異常な,ɪkˈstrɔrdəˌnɛri,形容詞(adj.),
facility,施設,fəˈsɪlɪti,名詞(n.),
factor,要因,ˈfæktər,名詞(n.),
factory,工場,ˈfæktəri,名詞(n.),
fade,しぼむ；色あせる,feɪd,動詞(verb),
failure,失敗；落第；不足,ˈfeɪljər,名詞(n.),
FALSE,うその,fɔls,限定詞(det.),
federal,連邦,ˈfɛdərəl,形容詞(adj.),
fee,料金,fi,名詞(n.),
festival,祭り,ˈfɛstəvəl,名詞(n.),
fiction,架空；フィクション,ˈfɪkʃən,名詞(n.),
filter,ろ過器；フィルター，ろ過する；フィルターにかける,ˈfɪltər,名詞(n.),
flexible,柔軟な,ˈflɛksəbəl,形容詞(adj.),
focus,焦点,ˈfoʊkəs,名詞(n.),
forecast,予報,ˈfɔrˌkæst,名詞(n.),
formal,正装の,ˈfɔrməl,形容詞(adj.),
format,体裁；形式,ˈfɔrˌmæt,名詞(n.),
formation,形成,fɔrˈmeɪʃən,名詞(n.),
former,前の，前者,ˈfɔrmər,限定詞(det.),
formula,方法；解決策；公式,ˈfɔrmjələ,名詞(n.),
foundation,土台,faʊnˈdeɪʃən,名詞(n.),
fragment,破片,ˈfrægmənt,名詞(n.),
framework,構成；構想,ˈfreɪmˌwɜrk,名詞(n.),
frequency,頻度,ˈfrikwənsi,名詞(n.),
frequent,頻繁な,ˈfrikwənt,形容詞(adj.),
frequently,頻繁に,ˈfrikwəntli,副詞(adv),
fuel,燃料,ˈfjuəl,名詞(n.),
fulfill,満たす；果たす,fʊlˈfɪl,動詞(verb),
function,機能,ˈfʌŋkʃən,名詞(n.),
functional,機能的な,ˈfʌŋkʃənəl,形容詞(adj.),
fundamental,基本的な,ˌfʌndəˈmɛntəl,形容詞(adj.),
furthermore,さらに,ˈfɜrðərˌmɔr,副詞(adv),
gallery,画廊,ˈgæləri,名詞(n.),
gap,すきま；相違,gæp,名詞(n.),
gaze,凝視,geɪz,名詞(n.),
gender,性別,ˈʤɛndər,名詞(n.),
gene,遺伝子,ʤin,名詞(n.),
generate,生み出す,ˈʤɛnəˌreɪt,動詞(verb),
genetic,遺伝の,ʤəˈnɛtɪk,形容詞(adj.),
genuine,本物の；誠実な,ˈʤɛnjəwən,形容詞(adj.),
gesture,身振り；ジェスチャー,ˈʤɛsʧər,名詞(n.),
global,世界的な,ˈgloʊbəl,形容詞(adj.),
gradually,徐々に,ˈgræʤuəli,副詞(adv),
graduate,卒業する，卒業生，大学院の,ˈgræʤuɪt,形容詞(adj.),
grain,粒；穀物,greɪn,名詞(n.),
grateful,感謝している,ˈgreɪtfəl,形容詞(adj.),
greet,挨拶する；出迎える,grit,動詞(verb),
guideline,指針,ˈgaɪˌdlaɪn,名詞(n.),
guitar,ギター,gɪˈtɑr,名詞(n.),
harbor,港,ˈhɑrbər,名詞(n.),
hence,それ故,hɛns,副詞(adv),
highlight,見所；ハイライト，強調する,ˈhaɪˌlaɪt,名詞(n.),
hint,ほのめかす，ヒント,hɪnt,動詞(verb),
host,主人，開催する,hoʊst,名詞(n.),
household,家庭 ; 世帯,ˈhaʊsˌhoʊld,名詞(n.),
humor,ユーモア,ˈhjumər,名詞(n.),
hypothesis,仮説,haɪˈpɑθəsəs,名詞(n.) 複数形(pl.),
immigrant,移民,ˈɪməgrənt,名詞(n.),
implement,実行する,ˈɪmpləmənt,名詞(n.),
implementation,履行；実施,ˌɪmpləmɛnˈteɪʃən,名詞(n.),
implication,含意,ˌɪmpləˈkeɪʃən,名詞(n.),
imply,暗に意味する,ɪmˈplaɪ,動詞(verb),
import,輸入する，輸入,ˈɪmpɔrt,動詞(verb),
importance,重要性,ɪmˈpɔrtəns,名詞(n.),
impose,課す；強いる,ɪmˈpoʊz,動詞(verb),
impression,印象,ɪmˈprɛʃən,名詞(n.),
incentive,刺激；動因,ɪnˈsɛntɪv,名詞(n.),
incident,事件,ˈɪnsədənt,名詞(n.),
incorporate,合併する；組み込む；法人組織化する,ɪnˈkɔrpərɪt,動詞(verb),
independence,独立,ˌɪndɪˈpɛndəns,名詞(n.),
independent,独立した,ˌɪndɪˈpɛndənt,形容詞(adj.),
index,索引；目録；指針,ˈɪndɛks,名詞(n.),
infant,幼児,ˈɪnfənt,名詞(n.),
infection,感染症,ɪnˈfɛkʃən,名詞(n.),
inflation,インフレーション;；膨張,ɪnˈfleɪʃən,名詞(n.),
initial,最初の，頭文字,ɪˈnɪʃəl,形容詞(adj.),
initially,初めは,ɪˈnɪʃəli,副詞(adv),
initiative,構想；戦略,ɪˈnɪʃətɪv,名詞(n.),
innovation,革新,ˌɪnəˈveɪʃən,名詞(n.),
input,入力；インプット,ˈɪnˌpʊt,動詞(verb),
inquiry,問い合わせ；質問；調査,ɪnˈkwaɪri,名詞(n.),
insight,洞察,ˈɪnˌsaɪt,名詞(n.),
inspire,刺激を与える；触発する,ɪnˈspaɪr,動詞(verb),
install,導入する；設置する；インストールする,ɪnˈstɔl,動詞(verb),
institution,機関; 施設,ˌɪnstɪˈtuʃən,名詞(n.),
institutional,制度の,ˌɪnstɪˈtuʃənəl,形容詞(adj.),
integrate,統合する,ˈɪntəˌgreɪt,動詞(verb),
intellectual,知的な,ˌɪntəˈlɛkʧuəl,名詞(n.),
intelligence,知能,ɪnˈtɛləʤəns,名詞(n.),
interaction,相互作用；交流,ˌɪntəˈrækʃən,名詞(n.),
interior,内部；室内；インテリア,ɪnˈtɪriər,形容詞(adj.),
internal,内部の,ɪnˈtɜrnəl,形容詞(adj.),
international,国際的な,ˌɪntərˈnæʃənəl,形容詞(adj.),
interpret,通訳する,ɪnˈtɜrprət,動詞(verb),
interpretation,解釈,ɪnˌtɜrprɪˈteɪʃən,名詞(n.),
intervention,介入；仲裁,ˌɪntərˈvɛnʧən,名詞(n.),
invent,発明する,ɪnˈvɛnt,動詞(verb),
invest,投資する,ɪnˈvɛst,動詞(verb),
investment,投資,ɪnˈvɛstmənt,名詞(n.),
investor,投資家,ɪnˈvɛstər,名詞(n.),
isolate,隔離する；孤立させる,ˈaɪsəˌleɪt,動詞(verb),
jail,刑務所,ʤeɪl,名詞(n.),
joint,継ぎ目,ʤɔɪnt,名詞(n.),
journal,新聞；雑誌；定期刊行物,ˈʤɜrnəl,名詞(n.),
journalist,ジャーナリスト,ˈʤɜrnələst,名詞(n.),
jury,陪審；審査員,ˈʤʊri,名詞(n.),
justify,正当化する,ˈʤʌstəˌfaɪ,動詞(verb),
label,ラベル，ラベルをつける；名前をつける,ˈleɪbəl,名詞(n.),
landscape,風景,ˈlændˌskeɪp,名詞(n.),
latter,後の，後者,ˈlætər,限定詞(det.),
laughter,笑い,ˈlæftər,名詞(n.),
launch,始める；発射する,lɔnʧ,動詞(verb),
layer,層,ˈleɪər,名詞(n.),
leather,革；革製品,ˈlɛðər,名詞(n.),
lecture,講演する，講演,ˈlɛkʧər,名詞(n.),
legislation,法律制定,ˌlɛʤəˈsleɪʃən,名詞(n.),
liability,責任；負債,ˌlaɪəˈbɪlɪti,名詞(n.),
liberal,自由主義の,ˈlɪbərəl,形容詞(adj.),
link,つなぐ；連結する，輪,lɪŋk,動詞(verb),
liquid,液体,ˈlɪkwəd,名詞(n.),
literally,文字通り,ˈlɪtərəli,副詞(adv),
literary,文学の,ˈlɪtəˌrɛri,形容詞(adj.),
literature,文学；文献,ˈlɪtərəʧər,名詞(n.),
logic,論理,ˈlɑʤɪk,名詞(n.),
luxury,豪華さ；贅沢品,ˈlʌgʒəri,名詞(n.),
majority,大多数,məˈʤɔrəti,名詞(n.),
manufacture,製造，製造する,ˌmænjəˈfækʧər,動詞(verb),
manufacturer,製造業者；メーカー,ˌmænjəˈfækʧərər,名詞(n.),
margin,余白；縁；限界；利益,ˈmɑrʤən,名詞(n.),
mature,成熟した,məˈʧʊr,形容詞(adj.),
mayor,市長,ˈmeɪər,名詞(n.),
meanwhile,その間に；一方では,ˈminˌwaɪl,副詞(adv),
mechanism,機構；メカニズム,ˈmɛkəˌnɪzəm,名詞(n.),
medium,中間；媒体；手段；マスコミ機関,ˈmidiəm,名詞(n.),
menu,メニュー,ˈmɛnju,名詞(n.),
mere,単なる,mɪr,形容詞(adj.),
merely,単に,ˈmɪrli,副詞(adv),
method,方法,ˈmɛθəd,名詞(n.),
minimum,最小限,ˈmɪnəməm,名詞(n.),
mixture,混合,ˈmɪksʧər,名詞(n.),
mobile,携帯電話,ˈmoʊbəl,形容詞(adj.),
mode,状態；方法,moʊd,名詞(n.),
moderate,適度の,ˈmɑdərət,形容詞(adj.),
modify,変更する,ˈmɑdəˌfaɪ,動詞(verb),
module,モジュール,ˈmɑʤul,名詞(n.),
monitor,モニター,ˈmɑnətər,名詞(n.),
moral,道徳；モラル,ˈmɔrəl,形容詞(adj.),
moreover,さらに,mɔˈroʊvər,副詞(adv),
mortgage,抵当；住宅ローン,ˈmɔrgəʤ,名詞(n.),
motion,動き,ˈmoʊʃən,名詞(n.),
motivate,やる気にさせる,ˈmoʊtəˌveɪt,動詞(verb),
motivation,動機；モチベーション,ˌmoʊtəˈveɪʃən,名詞(n.),
multiple,複数の,ˈmʌltəpəl,形容詞(adj.),
museum,博物館,mjuˈziəm,名詞(n.),
mutual,互いの; 交互の,ˈmjuʧuəl,形容詞(adj.),
narrative,物語,ˈnærətɪv,名詞(n.),
negative,否定の；後ろ向きの，否定；拒否,ˈnɛgətɪv,形容詞(adj.),
neglect,無視する；怠る,nəˈglɛkt,動詞(verb),
negotiate,交渉する,nəˈgoʊʃiˌeɪt,動詞(verb),
negotiation,交渉,nɪˌgoʊʃiˈeɪʃən,名詞(n.),
net,網；ネット,nɛt,名詞(n.),
network,ネットワーク；網,ˈnɛˌtwɜrk,名詞(n.),
nevertheless,それにもかかわらず,ˌnɛvərðəˈlɛs,副詞(adv),
notion,概念,ˈnoʊʃən,名詞(n.),
novel,小説,ˈnɑvəl,名詞(n.),
nuclear,核の；原子力の,ˈnukliər,形容詞(adj.),
numerous,多くの,ˈnumərəs,形容詞(adj.),
objective,目標,əbˈʤɛktɪv,名詞(n.),
obligation,義務,ˌɑbləˈgeɪʃən,名詞(n.),
occupy,占める,ˈɑkjəˌpaɪ,動詞(verb),
ocean,海,ˈoʊʃən,名詞(n.),
offense,犯罪；攻撃,əˈfɛns,名詞(n.),
opera,オペラ,ˈɑprə,名詞(n.),
opponent,対戦相手；反対者,əˈpoʊnənt,名詞(n.),
organic,有機体の；オーガニック,ɔrˈgænɪk,形容詞(adj.),
origin,起源,ˈɔrəʤən,名詞(n.),
outcome,結果,ˈaʊtˌkʌm,名詞(n.),
outline,概要，概要を述べる,ˈaʊtˌlaɪn,動詞(verb),
output,生産；出力,ˈaʊtˌpʊt,名詞(n.),
overall,全部の；総合的な，全体として,ˈoʊvəˌrɔl,形容詞(adj.),
overcome,克服する,ˈoʊvərˌkʌm,動詞(verb),
overseas,海外；海外の,ˈoʊvərˈsiz,副詞(adv),
pace,ペース；一歩；速度,peɪs,名詞(n.),
pale,青白い；淡い,peɪl,形容詞(adj.),
panel,パネル；委員会,ˈpænəl,名詞(n.),
paragraph,段落,ˈpærəˌgræf,名詞(n.),
parallel,平行な，平行線,ˈpɛrəˌlɛl,形容詞(adj.),
participant,参加者,pɑrˈtɪsəpənt,名詞(n.),
participate,参加する,pɑrˈtɪsəˌpeɪt,動詞(verb),
participation,参加,pɑrˌtɪsəˈpeɪʃən,名詞(n.),
passage,通路；通過,ˈpæsəʤ,名詞(n.),
passenger,乗客,ˈpæsənʤər,名詞(n.),
passion,情熱,ˈpæʃən,名詞(n.),
peak,頂点に達する,pik,名詞(n.),
peer,対等者；同級生；貴族,pɪr,名詞(n.),
penalty,罰,ˈpɛnəlti,名詞(n.),
perceive,知覚する；気づく,pərˈsiv,動詞(verb),
perception,知覚；認知,pərˈsɛpʃən,名詞(n.),
permanent,永続的な,ˈpɜrmənənt,形容詞(adj.),
permission,許可,pərˈmɪʃən,名詞(n.),
permit,許可する,ˈpɜrˌmɪt,動詞(verb),
personality,個性；性格,ˌpɜrsəˈnælɪti,名詞(n.),
personnel,人事部；人員,ˌpɜrsəˈnɛl,名詞(n.),
perspective,視点；遠近法,pərˈspɛktɪv,名詞(n.),
persuade,説得する,pərˈsweɪd,動詞(verb),
phase,段階,feɪz,名詞(n.),
phenomenon,現象,fəˈnɑməˌnɑn,名詞(n.),
philosophy,哲学,fəˈlɑsəfi,名詞(n.),
phrase,言い回し；語句,freɪz,名詞(n.),
pilot,飛行士；パイロット，操縦する；導く,ˈpaɪlət,名詞(n.),
platform,プラットフォーム；台,ˈplætˌfɔrm,名詞(n.),
plot,企み；陰謀，たくらむ,plɑt,動詞(verb),
poll,投票；世論調査,poʊl,名詞(n.),
portion,部分,ˈpɔrʃən,名詞(n.),
portrait,肖像,ˈpɔrtrət,名詞(n.),
pose,姿勢；ポーズ，ポーズをとる,poʊz,動詞(verb),
potential,可能性，潜在的な,pəˈtɛnʃəl,形容詞(adj.),
potentially,潜在的に,pəˈtɛnʃəli,副詞(adv),
poverty,貧困,ˈpɑvərti,名詞(n.),
praise,称賛，称賛する,preɪz,動詞(verb),
precise,精密な；正確な,prɪˈsaɪs,形容詞(adj.),
precisely,正確に,prɪˈsaɪsli,副詞(adv),
predict,予測する,prɪˈdɪkt,動詞(verb),
premise,前提；土地；建物,ˈprɛmɪs,名詞(n.),
presence,出席,ˈprɛzəns,名詞(n.),
preserve,保存する,prəˈzɜrv,動詞(verb),
primarily,主に,praɪˈmɛrəli,副詞(adv),
primary,主要な；第一位の,ˈpraɪˌmɛri,形容詞(adj.),
principal,主要な,ˈprɪnsəpəl,形容詞(adj.),
principle,原理；原則,ˈprɪnsəpəl,名詞(n.),
prior,前の; 優先する,ˈpraɪər,形容詞(adj.),
priority,優先順位,praɪˈɔrəti,名詞(n.),
privilege,特権；特典,ˈprɪvləʤ,名詞(n.),
prize,賞品,praɪz,名詞(n.),
procedure,手順,prəˈsiʤər,名詞(n.),
proceed,続ける；実施する,prəˈsid,動詞(verb),
profile,紹介；プロフィール，概略を書く；人物評を書く,ˈproʊˌfaɪl,名詞(n.),
profit,利益を得る,ˈprɑfət,動詞(verb),
promote,推進する；促進する；奨励する,prəˈmoʊt,動詞(verb),
promotion,促進；販売促進,prəˈmoʊʃən,名詞(n.),
prompt,刺激する；促す，刺激；促進,prɑmpt,動詞(verb),
proof,証拠；証明,pruf,名詞(n.),
proportion,割合,prəˈpɔrʃən,名詞(n.),
prospect,見込み；可能性,ˈprɑspɛkt,名詞(n.),
protein,タンパク質,ˈproʊˌtin,名詞(n.),
province,州；省；領域,ˈprɑvəns,名詞(n.),
provision,規定；条項；条件,prəˈvɪʒən,名詞(n.),
psychological,心理的な,ˌsaɪkəˈlɑʤɪkəl,形容詞(adj.),
publication,発表；出版,ˌpʌblɪˈkeɪʃən,名詞(n.),
publisher,出版社,ˈpʌblɪʃər,名詞(n.),
pupil,児童；生徒,ˈpjupəl,名詞(n.),
pursue,追求する,pərˈsu,動詞(verb),
quantity,量,ˈkwɑntəti,名詞(n.),
racial,人種の,ˈreɪʃəl,形容詞(adj.),
radical,抜本的な；急進的な,ˈrædəkəl,形容詞(adj.),
rail,鉄道；レール,reɪl,名詞(n.),
random,無作為の,ˈrændəm,形容詞(adj.),
rank,階級；地位，順位付けする,ræŋk,動詞(verb),
ratio,比率,ˈreɪʃiˌoʊ,名詞(n.),
raw,生の；未加工の,rɑ,形容詞(adj.),
rear,育てる,rɪr,動詞(verb),
recognition,認識,ˌrɛkəgˈnɪʃən,名詞(n.),
recruit,採用する；募集する，新入社員,rəˈkrut,動詞(verb),
reflect,反映する；反射する,rəˈflɛkt,動詞(verb),
reflection,反射；反響,rəˈflɛkʃən,名詞(n.),
reform,改革する，改革；改良,riˈfɔrm,動詞(verb),
refugee,難民,ˈrɛfjuʤi,名詞(n.),
regret,後悔する，後悔,rəˈgrɛt,動詞(verb),
regulate,規制する,ˈrɛgjəˌleɪt,動詞(verb),
regulation,規制,ˌrɛgjəˈleɪʃən,名詞(n.),
reject,拒否する,ˈriʤɛkt,動詞(verb),
relative,親戚,ˈrɛlətɪv,名詞(n.),
relatively,比較的に；相対的に,ˈrɛlətɪvli,副詞(adv),
relevant,"関連がある; 適切な, 妥当な; 実質的価値がある",ˈrɛləvənt,形容詞(adj.),
religion,宗教,rɪˈlɪʤən,名詞(n.),
religious,宗教的な,rɪˈlɪʤəs,形容詞(adj.),
remote,遠い,rɪˈmoʊt,形容詞(adj.),
reputation,評判,ˌrɛpjəˈteɪʃən,名詞(n.),
request,依頼する，依頼,rɪˈkwɛst,動詞(verb),
rescue,救助する，救助,ˈrɛskju,動詞(verb),
resident,居住している，住民,ˈrɛzɪdənt,形容詞(adj.),
resign,辞任する,rɪˈzaɪn,動詞(verb),
resolution,解決；決議；分解,ˌrɛzəˈluʃən,名詞(n.),
resolve,解決する,riˈzɑlv,動詞(verb),
resort,リゾート地,rɪˈzɔrt,名詞(n.),
resource,資源,ˈrisɔrs,名詞(n.),
respectively,それぞれ,rɪˈspɛktɪvli,副詞(adv),
respond,返事する；反応する,rɪˈspɑnd,動詞(verb),
response,返答；反応,rɪˈspɑns,名詞(n.),
restore,"〈物･人〉を戻す；復帰[復職]させる；取り戻す；修復する, 復元する；回復[復活]させる；返還される；復旧する",rɪˈstɔr,動詞(verb),〖re(元に)store(取り戻す)〗
restrict,制限する,riˈstrɪkt,動詞(verb),
restriction,制限,riˈstrɪkʃən,名詞(n.),
retail,小売,ˈriˌteɪl,形容詞(adj.),
retain,保持する,rɪˈteɪn,動詞(verb),
reveal,暴露，明らかにする,rɪˈvil,動詞(verb),
revenue,収入,ˈrɛvəˌnu,名詞(n.),
reverse,逆，反対の，逆転する,rɪˈvɜrs,動詞(verb),
review,批評，批評する,ˌriˈvju,動詞(verb),
revise,改訂する；復習する,rɪˈvaɪz,動詞(verb),
revolution,革命；回転数,ˌrɛvəˈluʃən,名詞(n.),
reward,報酬，報いる,rɪˈwɔrd,動詞(verb),
rival,ライバル,ˈraɪvəl,形容詞(adj.),
romantic,ロマンチックな,roʊˈmæntɪk,形容詞(adj.),
route,道,rut,名詞(n.),
routine,日課，いつもの,ruˈtin,名詞(n.),
rural,田舎の；農村の,ˈrʊrəl,形容詞(adj.),
sample,見本；サンプル,ˈsæmpəl,動詞(verb),
sanction,認可；制裁,ˈsæŋkʃən,名詞(n.),
satisfaction,満足,ˌsætəˈsfækʃən,名詞(n.),
scan,詳しく調べる；ざっと目を通す；スキャンする,skæn,動詞(verb),
scheme,計画；構想,skim,名詞(n.),
scholar,学者,ˈskɑlər,名詞(n.),
scope,範囲，詳しく調べる,skoʊp,名詞(n.),
secretary,秘書；大臣；長官,ˈsɛkrəˌtɛri,名詞(n.),
sector,部門,ˈsɛktər,名詞(n.),
segment,部分,ˈsɛgmənt,名詞(n.),
sensitive,敏感な；繊細な,ˈsɛnsətɪv,形容詞(adj.),
sequence,"順序, 配列；連続；結果",ˈsikwəns,名詞(n.),
session,開催；時間；集会；セッション,ˈsɛʃən,名詞(n.),
severe,厳しい,səˈvɪr,形容詞(adj.),
sigh,ため息，ため息をつく,saɪ,動詞(verb),
significance,意義,səgˈnɪfɪkəns,名詞(n.),
significant,重要な,səgˈnɪfɪkənt,形容詞(adj.),
significantly,著しく,sɪgˈnɪfɪkəntli,副詞(adv),
silent,静かな,ˈsaɪlənt,形容詞(adj.),
slice,一切れ；薄片,slaɪs,名詞(n.),
slope,傾斜,sloʊp,名詞(n.),
solution,解決策; 解答,səˈluʃən,名詞(n.),
solve,解決する,sɑlv,動詞(verb),
source,源,sɔrs,名詞(n.),
specify,明細[具体的]に述べる[記す]；細かく指定[特定]する,ˈspɛsəˌfaɪ,動詞(verb),
sponsor,出資者；スポンサー，スポンサーになる;,ˈspɑnsər,動詞(verb),
stain,染み；汚点，染める；汚す,steɪn,動詞(verb),
stake,賭け金，賞金；利害関係，賭ける,steɪk,動詞(verb),
statistic,統計値,stəˈtɪstɪk,名詞(n.),
status,社会的地位,ˈstætəs,名詞(n.),
stem,幹，起因する；食い止める,stɛm,名詞(n.),
stimulate,刺激する,ˈstɪmjəˌleɪt,動詞(verb),
strain,痛める；酷使する；全力を出す；ろ過する；強く引っ張る,streɪn,動詞(verb),
strategy,戦略,ˈstrætəʤi,名詞(n.),
strict,厳格な,strɪkt,形容詞(adj.),
structural,構造の,ˈstrʌkʧərəl,形容詞(adj.),
structure,構造；組み立て,ˈstrʌkʧər,名詞(n.),
studio,スタジオ,ˈstudiˌoʊ,名詞(n.),
submit,提出する,səbˈmɪt,動詞(verb),
subsequent,次の; 後の,ˈsʌbsəkwənt,形容詞(adj.),
subsequently,"後で, 後に; (前の記述を受けて)その後",ˈsʌbsəkwəntli,副詞(adv),
substance,実体；実質；内容,ˈsʌbstəns,名詞(n.),
substantial,かなりの; 実質的な,səbˈstænʧəl,形容詞(adj.),
substitute,代わり，代用する：置き換える,ˈsʌbstəˌtut,名詞(n.),
succeed,成功する,səkˈsid,動詞(verb),
sufficient,十分な,səˈfɪʃənt,形容詞(adj.),
sum,合計,sʌm,名詞(n.),
summarize,要約する,ˈsʌməˌraɪz,動詞(verb),
summary,要約,ˈsʌməri,名詞(n.),
supplement,補足，補う,ˈsʌpləmənt,名詞(n.),
surgery,手術,ˈsɜrʤəri,名詞(n.),
survey,調査する,ˈsɜrˌveɪ,動詞(verb),
suspend,一時停止する；停職・停学にする,səˈspɛnd,動詞(verb),
sustain,持続する,səˈsteɪn,動詞(verb),
symbol,象徴；記号；シンボル,ˈsɪmbəl,名詞(n.),
symptom,症状；兆候,ˈsɪmptəm,名詞(n.),
tackle,取り組む,ˈtækəl,名詞(n.),
talent,才能,ˈtælənt,名詞(n.),
target,目標,ˈtɑrgət,名詞(n.),
task,仕事；任務,tæsk,名詞(n.),
technical,技術的な；専門的な,ˈtɛknɪkəl,形容詞(adj.),
technique,技術,tɛkˈnik,名詞(n.),
temperature,温度,ˈtɛmprəʧər,名詞(n.),
temporary,一時的な,ˈtɛmpəˌrɛri,形容詞(adj.),
tender,柔らかい,ˈtɛndər,形容詞(adj.),
tennis,テニス,ˈtɛnəs,名詞(n.),
territory,領土,ˈtɛrɪˌtɔri,名詞(n.),
terrorist,テロリスト;,ˈtɛrərɪst,名詞(n.),
text,教科書,tɛkst,名詞(n.),
theme,主題；テーマ,θim,名詞(n.),
theoretical,理論的な,ˌθiəˈrɛtɪkəl,形容詞(adj.),
theory,理論,ˈθɪri,名詞(n.),
therapy,治療,ˈθɛrəpi,名詞(n.),
tissue,ティッシュ,ˈtɪsˌju,名詞(n.),
trail,跡，引きずる；後を追う,treɪl,名詞(n.),
transform,変換する,trænˈsfɔrm,動詞(verb),
transition,遷移,trænˈzɪʃən,名詞(n.),
translate,翻訳する,trænˈzleɪt,動詞(verb),
transport,輸送する，輸送,ˈtrænspɔrt,動詞(verb),
transportation,輸送；交通,ˌtrænspərˈteɪʃən,名詞(n.),
trend,傾向；流行,trɛnd,名詞(n.),
trigger,引き金；誘因，引き起こす,ˈtrɪgər,名詞(n.),
troop,軍隊,trup,名詞(n.),
tube,管,tub,名詞(n.),
ultimately,最終的に,ˈʌltəmətli,副詞(adv),
undergo,経験する；(治療などを)受ける,ˌʌndərˈgoʊ,動詞(verb),
underlie,根底にある,ˌʌndərˈlaɪ,動詞(verb),
undertake,引き受ける,ˈʌndərˌteɪk,動詞(verb),
uniform,制服，統一の,ˈjunəˌfɔrm,名詞(n.),
unique,独特の,juˈnik,形容詞(adj.),
universal,全世界の；普遍的な,ˌjunəˈvɜrsəl,形容詞(adj.),
universe,宇宙,ˈjunəˌvɜrs,名詞(n.),
unlike,似ていない，〜と違って,ənˈlaɪk,形容詞(adj.),
urban,都会の,ˈɜrbən,形容詞(adj.),
urge,促す，衝動；本能,ɜrʤ,動詞(verb),
variety,多様性；種類,vəˈraɪəti,名詞(n.),
vast,広大な,væst,形容詞(adj.),
venture,危険を冒す；思い切って～する，危険；ベンチャー事業,ˈvɛnʧər,名詞(n.),
versus,～に対して,ˈvɜrsəs,前置詞(prep.),
vessel,船舶；血管,ˈvɛsəl,名詞(n.),
veteran,ベテラン,ˈvɛtərən,名詞(n.),
via,～を経由して；～によって,ˈvaɪə,前置詞(prep.),
victory,勝利,ˈvɪktəri,名詞(n.),
violence,暴力,ˈvaɪələns,名詞(n.),
virtually,事実上,ˈvɜrʧuəli,副詞(adv),
virus,ウイルス,ˈvaɪrəs,名詞(n.) 複数形(pl.),
visible,目に見える,ˈvɪzəbəl,形容詞(adj.),
vision,視覚；視力,ˈvɪʒən,名詞(n.),
visual,視覚の,ˈvɪʒəwəl,形容詞(adj.),
vital,極めて重要な,ˈvaɪtəl,形容詞(adj.),
volume,量；容積；体積,ˈvɑljum,名詞(n.),
voluntary,自発的な；任意の；無償の,ˈvɑləntɛri,形容詞(adj.),
volunteer,ボランティア;,ˌvɑlənˈtɪr,動詞(verb),
wealth,富,wɛlθ,名詞(n.),
wealthy,裕福な,ˈwɛlθi,形容詞(adj.),
weigh,重さを量る,weɪ,動詞(verb),
welfare,幸福；福祉,ˈwɛlˌfɛr,名詞(n.),
whisper,ささやく,ˈwɪspər,動詞(verb),
withdraw,撤回する；引き出す,wɪðˈdrɔ,動詞(verb),
yield,折れる；降伏する；譲る,jild,動詞(verb),
youth,青年時代；若さ；若者,juθ,名詞(n.),
zone,地帯,zoʊn,名詞(n.),
accord,一致する,əˈkɔrd,名詞(n.),
grammar,文法,ˈgræmər,名詞(n.),
nowadays,最近は,ˈnaʊəˌdeɪz,副詞(adv),
verb,動詞,vɜrb,名詞(n.),
noun,名詞,naʊn,名詞(n.),
trillion,兆,ˈtrɪljən,数詞(num.),
attach,取り付ける；添付する,əˈtæʧ,動詞(verb),
quadrillion,千兆,quadrillion,名詞(n.),
a,一つの,eɪ,冠詞(article),
ad,広告,æd,名詞(n.),
band,バンド； 楽団,bænd,名詞(n.),
honor,名誉,ˈɑnər,名詞(n.),
minister,大臣,ˈmɪnəstər,名詞(n.),
odd,奇妙な,ɑd,形容詞(adj.),
or,あるいは；すなわち；そうでなければ,ɔr,接続詞(conj.),
bedroom,寝室,ˈbɛˌdrum,名詞(n.),
forever,永遠に,fəˈrɛvər,副詞(adv),
online,オンラインの,ˈɔnˌlaɪn,形容詞(adj.),
shareholder,株主,ˈʃɛrˌhoʊldər,名詞(n.),
weekend,週末,ˈwiˌkɛnd,名詞(n.),
development,発達；開発,dɪˈvɛləpmənt,名詞(n.),
due,期日の； 満期の,du,形容詞(adj.),
education,教育,ˌɛʤəˈkeɪʃən,名詞(n.),
eleven,11,ɪˈlɛvən,数詞(num.),
end,終わり,ɛnd,名詞(n.),
fellow,仲間,ˈfɛloʊ,形容詞(adj.),
first,一番最初の,fɜrst,形容詞(adj.),
for,～のために；～に向かって；～にとって；～に関して；～に賛成して；～の代わりに；～だから,fɔr,前置詞(prep.),
friend,友だち,frɛnd,名詞(n.),
fun,楽しい,fʌn,形容詞(adj.),
giant,巨大な,ˈʤaɪənt,形容詞(adj.),
gray,灰色の,greɪ,形容詞(adj.),
great,すばらしい,greɪt,形容詞(adj.),
half,半分,hæf,名詞(n.),
he,彼,hi,代名詞(pron.),
in,〜の中の,ɪn,形容詞(adj.),
January,1月,ˈʤænjuˌɛri,名詞(n.),
June,6月,ʤun,名詞(n.),
lean,傾く；もたれる,lin,動詞(verb),
may,〜してもよい；～かもしれない；～であろう,meɪ,助動詞(aux.),
monday,月曜日,ˈmʌndi,名詞(n.),
new,新しい,nu,形容詞(adj.),
news,知らせ,nuz,名詞(n.) 複数形(pl.),
no,いいえ，少しの～もない；決して～ない,noʊ,形容詞(adj.),
north,北,nɔrθ,名詞(n.),
on,～の上にある,ɑn,形容詞(adj.),
option,選択,ˈɑpʃən,名詞(n.),
park,駐車場，駐車させる,pɑrk,動詞(verb),
post,郵送する,poʊst,動詞(verb),
pro,専門職,proʊ,名詞(n.),
read,読む,rid,動詞(verb),
return,戻す；返す，帰宅；返却；復帰；お返し,rɪˈtɜrn,動詞(verb),
rice,米,raɪs,名詞(n.),
school,学校；教習所,skul,名詞(n.),
software,ソフトウェア,ˈsɔfˌtwɛr,名詞(n.),
sun,太陽,sʌn,名詞(n.),
tea,お茶,ti,名詞(n.),
toy,おもちゃ,tɔɪ,名詞(n.),
turn,曲がる；向きを変える,tɜrn,動詞(verb),
type,型；種類；タイプ,taɪp,名詞(n.),
update,更新，更新する,əpˈdeɪt,動詞(verb),
vice,悪徳，副〜,vaɪs,名詞(n.),
warm,少し熱い,wɔrm,形容詞(adj.),
way,方法；やり方,weɪ,名詞(n.),
wet,濡れている，濡らす,wɛt,形容詞(adj.),
base,"基; 基礎, 基づく",beɪs,名詞(n.),
call,電話する,kɔl,動詞(verb),
demand,要求する，要求,dɪˈmænd,動詞(verb),
light,軽い,laɪt,形容詞(adj.),
part,一部；部分,pɑrt,名詞(n.),
point,指し示す,pɔɪnt,動詞(verb),
shine,光る,ʃaɪn,動詞(verb),
shoot,（ボールをゴールに）ける；投げ入れる；シュートする,ʃut,動詞(verb),
suit,合う；適する,sut,動詞(verb),
too,あまりに～すぎる,tu,副詞(adv),
play,競技する,pleɪ,動詞(verb),
board,(特定の目的のための)板; 台; 盤,bɔrd,名詞(n.),
actor,俳優,ˈæktər,名詞(n.),
ideal,理想,aɪˈdil,形容詞(adj.),
mean,意味する；価値のある,min,動詞(verb),
settlement,移住；入植地；落ち着くこと,ˈsɛtəlmənt,名詞(n.),
show,（やり方を）見せる；教える,ʃoʊ,動詞(verb),
so,その理由で,soʊ,接続詞(conj.),
surface,表面の,ˈsɜrfəs,形容詞(adj.),
widely,全員に,ˈwaɪdli,副詞(adv),
bore,退屈させる,bɔr,形容詞(adj.),
fall,落下,fɔl,名詞(n.),
e-mail,メール,i-meɪl,未定義(undefined),
quintillion,京,kju-ju-aɪ-ɛn-ti-aɪ-ɛl-ɛl-aɪ-oʊ-ɛn,未定義(undefined),