Meanings,J Translation,English Definition,Pronunciation,POS
afterward,その後,happening after something else happened,ˈæftərwərd,副詞(adv)
amongst,～の間に；～の中の,in or through a group,əˈmʌŋst,前置詞(prep.)
artistic,芸術的な,"Being able to paint, write music, etc.; creative",ɑrˈtɪstɪk,形容詞(adj.)
backward,後ろへ,toward what is behind you,ˈbækwərd,副詞(adv)
bodily,身体の,"physically, as when lifting someone",ˈbɑdəli,副詞(adv)
carrier,運送業；航空会社；電話会社,"a company, usually an airline, that carries things",ˈkæriər,名詞(n.)
collective,収集された； 集団の,formed by working together as a group,kəˈlɛktɪv,形容詞(adj.)
computation,計算,the act of calculating; method of computing,ˌkɑmpjəˈteɪʃən,名詞(n.)
continuity,継続性,continued existence; fact of not stopping,ˌkɑntəˈnuəti,名詞(n.)
definite,明確な；限定的な,Not likely to change; clearly decided,ˈdɛfənət,形容詞(adj.)
freely,自由に,"(living, existing) without being controlled",ˈfrili,副詞(adv)
generalization,一般化；一般概念,making a statement about a group from limited data,ˌʤɛnərəlɪˈzeɪʃən,名詞(n.)
generalize,一般化する,To apply a particular idea to a large group,ˈʤɛnərəˌlaɪz,動詞(verb)
goodness,よいこと,nourishment; good food value,ˈgʊdnəs,名詞(n.)
historically,歴史的に,throughout history,hɪˈstɔrɪkəli,副詞(adv)
importantly,重要なことには,in an important way;,ɪmˈpɔrtəntli,副詞(adv)
interestingly,興味深いことに,you'll find this surprising; in an interesting way,ˈɪntəˌrɛstɪŋli,副詞(adv)
locally,局所的に；地元で,Concerning the area around where you are,ˈloʊkəli,形容詞(adj.)
machinery,機械,machines in general,məˈʃinəri,名詞(n.)
marker,標識；マーカー ,something that is easy to recognize or identify,ˈmɑrkər,名詞(n.)
meaningful,意味のある,Having importance; showing someone's intention,ˈminɪŋfəl,形容詞(adj.)
namely,すなわち；つまり,"that is to say, specifically",ˈneɪmli,副詞(adv)
nationalism,国家主義,"The spirit of love of your country, e.g. leading to war",ˈnæʃənəˌlɪzəm,名詞(n.)
neat,きちんとした,Not messy; clean and orderly; simple and effective,nit,形容詞(adj.)
nicely,うまく；よく,in a pleasing way; in a polite way,ˈnaɪsli,副詞(adv)
noisy,やかましい；派手な ,full of noise; loud,ˈnɔɪzi,形容詞(adj.)
outer,外側の；中心から遠くにある,on or around something,ˈaʊtər,形容詞(adj.)
painful,痛い,causing or feeling physical pain or hurt,ˈpeɪnfəl,形容詞(adj.)
pardon,何とおっしゃいましたか？,to excuse,ˈpɑrdən,動詞(verb)
parental,親の,"concerning, or provided by, a parent",pəˈrɛntəl,形容詞(adj.)
partial,部分的な；不公平な,not complete; being only part of something,ˈpɑrʃəl,形容詞(adj.)
partially,部分的に；不公平に,in part; in some degree; not wholly,ˈpɑrʃəli,副詞(adv)
photographic,写真の,concerning the art of making images with cameras,ˌfoʊtəˈgræfɪk,形容詞(adj.)
planner,手帳；ノート,notebook for recording appointments or things to do,ˈplænər,名詞(n.)
problematic,問題のある,being difficult to deal with or fix,ˌprɑbləˈmætɪk,形容詞(adj.)
readily,容易に,in a quick and easy manner,ˈrɛdəli,副詞(adv)
realism,現実主義,"accepting things as they are, not as you want",ˈriəlɪzm,名詞(n.)
realistic,現実的な,looks or appears real; like things really are,ˌriəˈlɪstɪk,形容詞(adj.)
rewrite,書き直す,"to write again to improve, or correct errors",riˈraɪt,動詞(verb)
ruler,支配者；統治者,someone who has control over a country or area,ˈrulər,名詞(n.)
sexuality,性的特質,characterized and distinguished by sex,ˌsɛkʃuˈæləti,名詞(n.)
simplify,簡素化する,"to make something easier to do, use or understand",ˈsɪmpləˌfaɪ,動詞(verb)
sometime,いつか,at an unknown time in the future,ˈsʌmˌtaɪm,形容詞(adj.)
specialty,専門；特殊；名物,the specific area of your field,ˈspɛʃəlti,名詞(n.)
subset,少派,a small set which is part of a larger set,ˈsʌbˌsɛt,名詞(n.)
supposedly,たぶん,as some people believe (shows you doubt it),səˈpoʊzədli,副詞(adv)
systematic,体系的な；組織的な,"done in a thorough, logical or planned way",ˌsɪstəˈmætɪk,形容詞(adj.)
terribly,ひどく,to an extreme degree; badly; very,ˈtɛrəbli,副詞(adv)
thickness,厚さ,the distance between the opposite edges of a thing,ˈθɪknəs,名詞(n.)
underneath,下に,below or beneath something; under,ˌʌndərˈniθ,副詞(adv)
unemployed,失業した，失業者,being without a job; jobless,ˌʌnɛmˈplɔɪd,形容詞(adj.)
whichever,どちらの～でも,whatever one,wɪˈʧɛvər,限定詞(det.)
whoever,誰が～しようとも；一体誰が～；～する人は誰でも,whatever person; any person at all,huˈɛvər,代名詞(pron.)
accent,訛り；強調,a way of speaking that shows your dialect or class,ˈæksɛnt,名詞(n.)
actively,積極的に,doing things to achieve a specific goal,ˈæktɪvli,副詞(adv)
adaptation,適応,changing to a new form; thing that is changed,ˌædəpˈteɪʃən,名詞(n.)
adaptive,適応性のある,able to adjust to new conditions,əˈdæptɪv,形容詞(adj.)
apple,りんご,hard round red or green fruit with a white center,ˈæpəl,名詞(n.)
authority,権力者； 権限者,"people in positions of power, able to decide things",əˈθɔrəti,名詞(n.)
availability,可用性；利用可能,being present and able to be used,əˌveɪləˈbɪləti,名詞(n.)
bang,たたく；ぶつける,to strike something loudly or forcefully,bæŋ,動詞(verb)
bat,バット,object used for hitting a ball in various games,bæt,名詞(n.)
blank,空白,being empty; not filled out; with no writing on it,blæŋk,形容詞(adj.)
bleed,出血する,to lose blood because of an injury,blid,動詞(verb)
bound,縛られた,to go to a specified place; to jump,baʊnd,動詞(verb)
broadly,広く,in a general (not detailed) manner,ˈbrɔdli,副詞(adv)
bucket,バケツ,open container with a handle used to carry liquids,ˈbʌkət,名詞(n.)
calculation,計算,process or result of using mathematics,ˌkælkjəˈleɪʃən,名詞(n.)
calculator,計算機,a small electronic device used for calculation,ˈkælkjəˌleɪtər,名詞(n.)
characterization,特徴付けること,the way someone or something is described,ˌkɛrəktərɪˈzeɪʃən,名詞(n.)
cheat,だます,To act in dishonest manner to gain an advantage,ʧit,動詞(verb)
cheers,乾杯,a toast used when raising your glass to drink,ʧɪrz,名詞(n.)
clever,利口な,Showing intelligence; quick to understand or learn,ˈklɛvər,形容詞(adj.)
clip,クリップ；切り抜き，切り抜く,a metal holder used for keeping things together,klɪp,名詞(n.)
clue,手がかり,a piece of information that helps explain a situation or provide a solution to a problem,klu,名詞(n.)
commentary,論評；注釈；記録,explanation or discussion of a written work/event,ˈkɑmənˌtɛri,名詞(n.)
commonly,一般に,"typically, normally; not unusually",ˈkɑmənli,副詞(adv)
comparable,比較できる；同等な,being similar in some way,ˈkɑmpərəbəl,形容詞(adj.)
complication,合併症,action making something harder to do something,ˌkɑmpləˈkeɪʃən,名詞(n.)
conditional,条件付きの,depending (on),kənˈdɪʃənəl,形容詞(adj.)
connector,コネクタ,a device that joins things together,kəˈnɛktər,名詞(n.)
conscious,意識している,aware of what is going on around you; not knocked out,ˈkɑnʃəs,形容詞(adj.)
consciousness,意識,being awake,ˈkɑnʃəsnəs,名詞(n.)
container,容器,an object that can be used to hold things,kənˈteɪnər,名詞(n.)
correction,訂正,a change to make something right,kəˈrɛkʃən,名詞(n.)
correctly,正しく,in an accurate or correct manner,kəˈrɛktli,副詞(adv)
cure,治療，治療する,a medicine or treatment that makes an ill person become healthy,kjʊr,名詞(n.)
detection,発見；検出,the act of discovering something or solving a crime,dɪˈtɛkʃən,名詞(n.)
developmental,発達上の,concerning the development or growth,dɪˌvɛləpˈmɛntəl,形容詞(adj.)
directive,指令；指示の,formal an order from an authority,dəˈrɛktɪv,名詞(n.)
disturbance,騒乱；妨害,a noise or something that stops you from continuing what you were doing,dɪˈstɜrbəns,名詞(n.)
economically,経済的に,in an efficient manner; without using too much effort,ˌɛkəˈnɑmɪkli,副詞(adv)
economist,経済学者,a person who studies economics,ɪˈkɑnəmɪst,名詞(n.)
enormously,非常に,"extremely, by a large amount",ɪˈnɔrməsli,副詞(adv)
equality,平等,the idea that all people have the same rights,ɪˈkwɑləti,名詞(n.)
flip,反転する；はじく,to rotate or turn something over,flɪp,名詞(n.)
ghost,幽霊,"spirit of a dead person, appearing to the living",goʊst,名詞(n.)
hedge,生け垣；防衛,a fence made with small trees; avoid or try to avoid fulfilling,hɛʤ,名詞(n.)
identification,確認；識別；身分証明書,(card or paper) that proves who a person is,aɪˌdɛntəfəˈkeɪʃən,名詞(n.)
incredible,信じられない,very hard to believe,ɪnˈkrɛdəbəl,形容詞(adj.)
incredibly,信じられないほど,"extremely, hard to believe",ɪnˈkrɛdəbli,副詞(adv)
indicator,測定器；指針,"an instrument that shows conditions in a machine, such as temperature, speed, pressure; in chemistry: a compound that changes color in the presence of an acid or a base",ˈɪndəˌkeɪtər,名詞(n.)
individually,個別に,in a way involving only that person,ˌɪndɪˈvɪʤuəli,副詞(adv)
industrialization,工業化,process of creating and developing many businesses,ɪnˌdʌstriəlɪˈzeɪʃən,名詞(n.)
industrialize,工業化する,To make into something at an industrial level,ɪnˈdʌstriəˌlaɪz,動詞(verb)
inequality,不平等,situation where things are not equal/fair,ˌɪnɪˈkwɑləti,名詞(n.)
influential,影響力のある,having the power to cause change; having influence,ˌɪnfluˈɛnʧəl,形容詞(adj.)
instability,不安定,not stable; changeable,ˌɪnstəˈbɪlɪti,名詞(n.)
intensity,激しさ；強度,"great energy, strength, or concentration",ɪnˈtɛnsəti,名詞(n.)
intensive,激しい；集中的な,needing great effort for a short period of time,ɪnˈtɛnsɪv,形容詞(adj.)
interrupt,中断する；割り込む,to cause something to stop happening for a time,ˌɪntəˈrʌpt,動詞(verb)
interviewer,面接する人,a person who asks questions to obtain information,ˈɪntərˌvjuər,名詞(n.)
junior,年下の；後輩の，年少者,someone lower in rank,ˈʤunjər,形容詞(adj.)
kilometer,キロメートル,a metric unit of length equal to 1000 meters,kəˈlɑmətər,名詞(n.)
lab,研究所,laboratory; a place to do scientific experiments,læb,名詞(n.)
likelihood,可能性,the chance that something might happen,ˈlaɪkliˌhʊd,名詞(n.)
lump,かたまり；しこり,"a small hard part of something smooth, soft, or continuous",lʌmp,名詞(n.)
mathematical,数学の,concerning numbers and equations,ˌmæθəˈmætɪkəl,形容詞(adj.)
memorize,覚える,to study something so that you remember it,ˈmɛməˌraɪz,動詞(verb)
minus,マイナス；負数,(prep) being less than zero in number,ˈmaɪnəs,前置詞(prep.)
monkey,サル,"an animal related to humans, which lives in trees",ˈmʌŋki,名詞(n.)
nasty,不快な；意地の悪い,"very bad, unpleasant, or offensive",ˈnæsti,形容詞(adj.)
nest,巣,the home of a bird or spider,nɛst,名詞(n.)
observer,観察者；監視者,someone whose job it is to watch or notice things,əbˈzɜrvər,名詞(n.)
occurrence,発生；出来事,specific instance of something happening,əˈkɜrəns,名詞(n.)
periodic,定期的な,"happening regularly, but not frequently",ˌpɪriˈɑdɪk,形容詞(adj.)
physically,肉体的に；身体上,in a manner related to the body,ˈfɪzɪkəli,副詞(adv)
plug,プラグ；栓,an electrical connector; to fill or close tightly so liquid or air cannot pass,plʌg,動詞(verb)
politically,政治的に,in connection with government matters,pəˈlɪtɪkəli,副詞(adv)
positively,確実に；前向きに,definitely or certainly,ˈpɑzətɪvli,副詞(adv)
presume,推定する,to think that something is probably true,prɪˈzum,動詞(verb)
processor,処理装置；加工機；加工業者,a machine or company that prepares something and makes it ready for use,ˈprɑˌsɛsər,名詞(n.)
productive,生産的な,doing a lot of work and achieving a lot,prəˈdʌktɪv,形容詞(adj.)
productivity,多産；生産性,rate at which something is made or that people work,ˌproʊdəkˈtɪvəti,名詞(n.)
progression,発達；進歩,process of developing over time,prəˈgrɛʃən,名詞(n.)
progressive,進歩的な,believing in modern ideas about social change,prəˈgrɛsɪv,形容詞(adj.)
projection,投影；投射,an image on a screen,prəˈʤɛkʃən,名詞(n.)
pronounce,発音する,to make the sound of a word or letter with your voice,prəˈnaʊns,動詞(verb)
punch,殴る，パンチ,to make a quick hit with a closed hand,pʌnʧ,動詞(verb)
punish,罰する,to make someone suffer for bad behavior,ˈpʌnɪʃ,動詞(verb)
punishment,罰,the act of punishing someone,ˈpʌnɪʃmənt,名詞(n.)
purely,純粋に,for no other reason; only and completely,ˈpjʊrli,副詞(adv)
quotation,引用；相場；見積書,"words that a person has said or written in a play, book or movie",kwoʊˈteɪʃən,名詞(n.)
ray,光線,the lines of light coming from an object,reɪ,名詞(n.)
reactive,反応の,easily reacting to; responsive,riˈæktɪv,形容詞(adj.)
reactor,原子炉,device to control nuclear energy as a power source,riˈæktər,名詞(n.)
recipe,レシピ ,directions for making something,ˈrɛsəpi,名詞(n.)
reliability,信頼性,a quality that makes someone or something dependable and deserving of trust,riˌlaɪəˈbɪləti,名詞(n.)
replacement,交換,"the act of putting something new in the place of something that is old, broken or missing",rɪˈpleɪsmənt,名詞(n.)
resistant,抵抗する；耐性のある,not affected by something,rɪˈzɪstənt,形容詞(adj.)
ridiculous,ばかげた,"something that deserves laughter, is foolish or funny",rɪˈdɪkjələs,形容詞(adj.)
rope,ロープ,a thick string made by twisting many fibers together,roʊp,名詞(n.)
rub,こする,to move something back and forth along a surface,rʌb,動詞(verb)
selective,選択的な,choosing through thoughtful comparison,səˈlɛktɪv,形容詞(adj.)
separately,別々に,not with another person or thing,ˈsɛpərətli,副詞(adv)
separation,分離,a line that seperates; a point of parting; a gap,ˌsɛpəˈreɪʃən,名詞(n.)
similarity,類似,the degree to which people or things are the same,ˌsɪməˈlɛrəti,名詞(n.)
slavery,奴隷制度,"(n,) the state of being a slave",ˈsleɪvəri,名詞(n.)
snake,ヘビ,an animal with with a long thin body and no arms or legs,sneɪk,名詞(n.)
socially,社会的に,being with other people,ˈsoʊʃəli,副詞(adv)
specification,仕様,a detailed description of the design and materials used to make something.,ˌspɛsɪfɪˈkeɪʃən,名詞(n.)
spray,スプレー，スプレーする；散布する,to make water or liquid fly in very small drops,spreɪ,動詞(verb)
stabilize,安定させる,"to make something stable or consistent, with no major changes",ˈsteɪbəˌlaɪz,動詞(verb)
standardize,標準化する,to change something in order to make everything the same or make everything agree,ˈstændərˌdaɪz,動詞(verb)
sword,剣,a long metal weapon with a sharp point and edge,sɔrd,名詞(n.)
tech,科学技術,short for 'technology' or 'technician',tɛk,名詞(n.)
tempt,誘惑する,"to make someone want something, even if it's bad",tɛmpt,動詞(verb)
tense,緊張した；ピンと張った,stretched tight and stiff,tɛns,形容詞(adj.)
traditionally,伝統的に,something done in a customary or traditional manner,trəˈdɪʃənəli,副詞(adv)
tricky,巧妙な；扱いにくい,difficult to do or deal with; something that needs skill,ˈtrɪki,形容詞(adj.)
unstable,不安定な,likely to move from its position or fall,ənˈsteɪbəl,形容詞(adj.)
variability,変動,(statistics) degree scores depart from the mean,vɛriəˈbɪlɪti,名詞(n.)
variance,分散,(statistics) amount of difference in distributions,ˈvɛriəns,名詞(n.)
variant,変異,thing that differs from something of the same kind,ˈvɛriənt,名詞(n.)
wisdom,知恵,knowledge gained from experience in life,ˈwɪzdəm,名詞(n.)
absorb,吸収する,to take in a liquid; soak up,əbˈzɔrb,動詞(verb)
absorption,吸収,"process of being absorbed (e.g. liquid, attention)",əbˈzɔrpʃən,名詞(n.)
accelerate,加速する,to increase the speed or rate of something,ækˈsɛləˌreɪt,動詞(verb)
acceleration,加速,increase in the speed or rate of something,ˌækˌsɛləˈreɪʃən,名詞(n.)
accumulate,蓄積する,To gather or acquire so that you have more of it,əˈkjumjəˌleɪt,動詞(verb)
accumulation,蓄積,The act of getting or becoming bigger or more over time,əˌkjumjəˈleɪʃən,名詞(n.)
accuracy,正確さ,being exactly right; correctness,ˈækjərəsi,名詞(n.)
accurately,正確に,exactly and without any mistakes; correctly,ˈækjərətli,副詞(adv)
acid,酸,sour substance that reacts with metals e.g. lemon,ˈæsəd,名詞(n.)
acidic,酸性の,containing acid,əˈsɪdɪk,形容詞(adj.)
admission,自白,the act of taking responsibility for an error or mistake,ædˈmɪʃən,名詞(n.)
adolescent,青春期の若者,Teenager developing into an adult,ˌædəˈlɛsənt,名詞(n.)
affirm,確認する,"to state, strengthen or support a belief you have",əˈfɜrm,動詞(verb)
agriculture,農業,the science of farming,ˈægrɪˌkʌlʧər,名詞(n.)
alien,外国人；宇宙人,person or creature from a planet other than Earth,ˈeɪliən,名詞(n.)
alliance,同盟；提携,A group of people or organizations being joined or associated,əˈlaɪəns,名詞(n.)
allocate,割り当てる,To distribute or set apart for a plan or purpose,ˈæləˌkeɪt,動詞(verb)
allocation,割り当て,The distribution of items set apart according to a plan or purpose,ˌæləˈkeɪʃən,名詞(n.)
approximate,約；大体の；おおよその,about; not exact but close,əˈprɑksəmət,形容詞(adj.)
approximation,近似,"something that is similar, but not an exact copy",əˌprɑksəˈmeɪʃən,名詞(n.)
archaeology,考古学,"the study of ancient societies by looking at old tools, bones and buildings",ˌɑrkiˈɑləʤi,名詞(n.)
architect,建築家,person who designs and advises on buildings,ˈɑrkəˌtɛkt,名詞(n.)
aspect,面；様相,"an element, feature, or quality of something",ˈæˌspɛkt,名詞(n.)
assembly,組み立て,a group of machine parts forming a tool or machine,əˈsɛmbli,名詞(n.)
assert,断言する,To state or declare your ideas positively strongly,əˈsɜrt,動詞(verb)
assignment,任務； 業務； 職,A duty that you are give to do (especially in the armed forces),əˈsaɪnmənt,名詞(n.)
athletic,たくましい；強健な,fit and strong; physically capable,æˈθlɛtɪk,形容詞(adj.)
atom,原子,smallest bit that matter can be broken down into,ˈætəm,名詞(n.)
atomic,原子の,concerning atoms,əˈtɑmɪk,形容詞(adj.)
audit,監査,to examine carefully for accuracy,ˈɔdɪt,動詞(verb)
bacteria,細菌,the very small creatures that sometimes cause disease in humans and animals,bækˈtɪriə,名詞(n.)
bacterial,細菌の,concerning or caused by bacteria,bækˈtɪriəl,形容詞(adj.)
bargain,バーゲン； 安売り,something bought for a lower price than expected,ˈbɑrgən,名詞(n.)
beam,梁（はり）；光線；ビーム,a long piece of metal or wood; a line of light or energy,bim,名詞(n.)
behavioral,行動の,concerning the way people act,bɪˈheɪvjərəl,形容詞(adj.)
candidate,候補者,a person who is selected by others as a contestant for an office or honor,ˈkændədeɪt,名詞(n.)
cattle,畜牛,cows or bulls on a farm,ˈkætəl,名詞(n.)
circulate,循環する,to go round continuously,ˈsɜrkjəˌleɪt,動詞(verb)
circulation,循環,the movement of blood through the body,ˈsɜrkjəˌleɪʃən,名詞(n.)
civilization,文明,a highly developed society,ˌsɪvəlɪˈzeɪʃən,名詞(n.)
clarify,明確にする,to state again so that a point is clearer,ˈklɛrəˌfaɪ,動詞(verb)
client,依頼人；顧客,person paying for professional services,ˈklaɪənt,名詞(n.)
clinic,診療所,local medical center; department of a hospital,ˈklɪnɪk,名詞(n.)
colonial,植民地の,of a system where one country controls another,kəˈloʊniəl,形容詞(adj.)
colony,植民地,country or settlement controlled by another country,ˈkɑləni,名詞(n.)
communicative,コミュニケーションのための；情報伝達の,talkative; cooperative in giving information,kəmˈjunəkətɪv,形容詞(adj.)
communist,共産主義者,believer in communism,ˈkɑmjənəst,形容詞(adj.)
compensate,補償する,to give (money) to as a form of correcting a loss,ˈkɑmpənˌseɪt,動詞(verb)
competent,有能な,fully qualified or capable of doing,ˈkɑmpətɪnt,形容詞(adj.)
composer,作曲家,a music writer,kəmˈpoʊzər,名詞(n.)
conceive,思い付く；妊娠する,"to think of, or create, something new (e.g. idea, child)",kənˈsiv,動詞(verb)
conception,概念,an idea or notion; the first stage in pregnancy,kənˈsɛpʃən,名詞(n.)
conceptual,概念の,characterized by concepts or the forming of concepts,kənˈsɛpʧuəl,形容詞(adj.)
conduction,伝導,"the transmission of heat, electricity or sound",kənˈdʌkʃən,名詞(n.)
conference,会議,a meeting or series of meetings for discussion and exchange of information,ˈkɑnfərəns,名詞(n.)
confine,閉じ込める,to keep something or someone within a limited area so it cannot escape,kənˈfaɪn,動詞(verb)
consent,承諾，同意する,to agree or allow to do something,kənˈsɛnt,動詞(verb)
conservation,保全,the management of land and water in ways that stop it from being damaged,ˌkɑnsərˈveɪʃən,名詞(n.)
conserve,保存する；節約する,to keep safe,kənˈsɜrv,動詞(verb)
constitution,憲法；構成,a law determining the fundamental political principles of a government,ˌkɑnstəˈtuʃən,名詞(n.)
constrain,強制する; 抑制する,To make someone do something by strong persuasion or force,kənˈstreɪn,動詞(verb)
consultation,相談；協議,a discussion between people to make a decision,ˌkɑnsəlˈteɪʃən,名詞(n.)
consumption,消費,how much is spent on things; the process of eating and drinking,kənˈsʌmpʃən,名詞(n.)
continent,大陸,one of the very large areas of land on Earth that are usually divided into several countries,ˈkɑntənənt,名詞(n.)
contradict,矛盾する；否定する,"to disagree, to say the opposite is true",ˌkɑntrəˈdɪkt,動詞(verb)
contradiction,矛盾；否定,the act of saying that something is not true or very different,ˌkɑntrəˈdɪkʃən,名詞(n.)
contradictory,矛盾した,"containing information, statements, or beliefs that do not agree with one another",ˌkɑntrəˈdɪktəri,形容詞(adj.)
controversy,論争,strong public disagreement about something,ˈkɑntrəˌvɜrsi,名詞(n.)
coordinate,うまく調整する；まとめる；調和させる；座標；等位の；対等の,to bring order and organization to something; in maths: any of the magnitudes that serve to define the position of a point or line by reference to a fixed figure or system of lines.,koʊˈɔrdənət,動詞(verb)
coordination,調整,organizing people or things to make them work together effectively,koʊˌɔrdəˈneɪʃən,名詞(n.)
correlate,相関がある,to show the relationship between two items or events.,ˈkɔrəˌleɪt,動詞(verb)
correlation,相互関係,a measure of the relationship between two variables,ˌkɔrəˈleɪʃən,名詞(n.)
correspondence,文通； 通信,"Communication by letters, emails or text messages",ˌkɔrəˈspɑndəns,名詞(n.)
corruption,汚職；腐敗；破損,"actions that are illegal or morally questionable, often performed by a person in a position of power",kəˈrʌpʃən,名詞(n.)
criteria,基準,standard used to make judgments or decisions,kraɪˈtɪriə,名詞(n.)
critically,批判的に,in a way that is serious or dangerous; vitally,ˈkrɪtɪkəli,副詞(adv)
crystal,結晶,a solid formed by the solidification of a chemical,ˈkrɪstəl,名詞(n.)
curriculum,カリキュラム,group of related courses in a school or college,kəˈrɪkjələm,名詞(n.)
cyclic,循環の；環式の,a series of regular and repeated actions,ˈsaɪklɪk,形容詞(adj.)
damp,湿った,a little wet,dæmp,形容詞(adj.)
deliberately,意図的に,"in a careful, considered manner",dɪˈlɪbərətli,副詞(adv)
demonstrator,証明者,person who shows how something works e.g. product,ˈdɛmənˌstreɪtər,名詞(n.)
dense,濃い；密集した,very thick and difficult to see/get through,dɛns,形容詞(adj.)
depict,描写する,to describe someone or something,dɪˈpɪkt,動詞(verb)
derivative,派生物；派生語，派生した,something that has developed or been obtained from something else,dəˈrɪvətɪv,形容詞(adj.)
dictate,書き取らせる；口述する,to speak while another person (or computer) writes the words down,ˈdɪkˌteɪt,動詞(verb)
dimensional,次元の,having parts that extent in a number of directions,dɪˈmɛnʃənəl,形容詞(adj.)
disability,身体障害,a condition that limits a person's ability to do something,ˌdɪsəˈbɪlɪti,名詞(n.)
discharge,発砲；排出；解任，排出する；放電する,to release someone or something,dɪsˈʧɑrʤ,動詞(verb)
discourse,談話,"talk, conversation",ˈdɪskɔrs,名詞(n.)
discrimination,差別；識別,the ability to recognize the difference between things; treating different groups of people unfairly,dɪˌskrɪməˈneɪʃən,名詞(n.)
distribution,配布；分布；流通,- in statistics: an arrangement of values showing frequency of occurrence - in engineering: the way in which the fuel-air mixture is supplied to each cylinder of an engine - in commerce: delivery of products or services.,ˌdɪstrəˈbjuʃən,名詞(n.)
diverse,多様な,very different from each other,daɪˈvɜrs,形容詞(adj.)
dominant,支配的な,strongest,ˈdɑmənənt,形容詞(adj.)
domination,支配,authority; rule; control,ˌdɑməˈneɪʃən,名詞(n.)
dose,服用量,an amount of medicine to be taken at any one time,doʊs,名詞(n.)
drain,配水管，排出する,"a pipe that removes water, or other liquids",dreɪn,名詞(n.)
drift,漂流，漂う,to move slowly,drɪft,名詞(n.)
effectiveness,有効性,the degree of how well something works or is done,ɪˈfɛktɪvnəs,名詞(n.)
elaborate,手の込んだ,to be made or done with great care or with much detail,ɪˈlæbrət,形容詞(adj.)
elevate,高くあげる,to make something higher,ˈɛləˌveɪt,動詞(verb)
elevation,高度,the height of a place,ˌɛləˈveɪʃən,名詞(n.)
elimination,除去,the act or process of removing or being removed,ɪˌlɪməˈneɪʃən,名詞(n.)
elite,エリート；上流階級；幹部,important people of high status,ɪˈlit,名詞(n.)
emergence,出現,the process of emerging/coming out,ɪˈmɜrʤəns,名詞(n.)
emission,放出；排出量,a substance (e.g. gas) released into the air,ɪˈmɪʃən,名詞(n.)
emit,出す；発する,"formal to release or send out (a gas, etc)",ɪˈmɪt,動詞(verb)
enforcement,施行,the act or process of making sure that rules are followed,ɛnˈfɔrsmənt,名詞(n.)
essentially,本質的に,"basically, primarily",ɪˈsɛnʃəli,副詞(adv)
estimation,推定,judgment; opinion; guess at the value of,ˌɛstəˈmeɪʃən,名詞(n.)
evident,明らかな,"plain, clear",ˈɛvədənt,形容詞(adj.)
evolutionary,進化の,concerning evolution,ˌɛvəˈluʃəˌnɛri,形容詞(adj.)
execute,死刑執行する,"To kill someone, usually as an official punishment",ˈɛksəˌkjut,動詞(verb)
execution,処刑,killing a person as a (usually legal) punishment,ˌɛksəˈkjuʃən,名詞(n.)
explicit,明示的な,definite; clearly stated; specific,ɪkˈsplɪsət,形容詞(adj.)
explicitly,明示的に,clearly; specifically,ɪkˈsplɪsətli,副詞(adv)
exploit,不当に利用する；搾取する,to use something or someone selfishly or unethically,ˈɛkˌsplɔɪt,動詞(verb)
fabric,織物,cloth,ˈfæbrɪk,名詞(n.)
facilitate,促進する,To make an action or process easier,fəˈsɪləˌteɪt,動詞(verb)
faculty,学部；教授陣；能力,the teachers in a school or college,ˈfækəlti,名詞(n.)
fertility,肥沃；繁殖力,the state of a female being able to produce young,fərˈtɪləti,名詞(n.)
fiber,繊維 ；ファイバー,"a thin, threadlike part of an animal hair or plant tissue; an artificial thread; body cells that form muscles and nerves; a food substance",ˈfaɪbər,名詞(n.)
flesh,肉,the soft parts of the body,flɛʃ,名詞(n.)
flexibility,柔軟性,the quality of being able to be bent or stretched,ˌflɛksəˈbɪləti,名詞(n.)
formally,正式に,in a formal manner; officially,ˈfɔrməli,副詞(adv)
formulation,定式化；形成；策定,"the development of a plan, system, or proposal",ˌfɔrmjəˈleɪʃən,名詞(n.)
found,設立する,"to be based on, started or created by",faʊndz,動詞(verb)
fundamentally,根本的に,in a basic and important way,ˌfʌndəˈmɛntəli,副詞(adv)
genetically,遺伝的に,"caused or controlled, or by genes",ʤəˈnɛtɪkli,副詞(adv)
genetics,遺伝学,"the scientific study of genes, how a living things develop between generations",ʤəˈnɛtɪks,名詞(n.) 複数形(pl.)
globalization,世界化,"international spread of something, e.g. company",ˌgloʊbəlɪˈzeɪʃən,名詞(n.)
goods,商品,general term for things that are bought or sold,gʊdz,名詞(n.) 複数形(pl.)
grasp,握る；把握する，握ること,to grip something firmly with the hands,græsp,動詞(verb)
gravity,重力,the force that makes things fall down towards the ground,ˈgrævəti,名詞(n.)
gross,気持ち悪い,total amount; extreme or unreasonable,groʊs,形容詞(adj.)
hip,臀部；腰,the upper part of the leg,hɪp,名詞(n.)
ideology,イデオロギー,ideas or beliefs which form theory and policy,ˌaɪdiˈɑləʤi,名詞(n.)
immune,免疫,"not affected by something, such as a disease",ɪmˈjun,形容詞(adj.)
impact,影響，影響を与える,a striking effect or result to hit with force,ˈɪmpækt,名詞(n.)
independently,独立して,in a manner being free from the control of another,ˌɪndɪˈpɛndəntli,副詞(adv)
inevitably,必然的に,happening with complete certainty,ɪˈnɛvətəbli,副詞(adv)
infect,感染する,to give someone a disease,ɪnˈfɛkt,動詞(verb)
infectious,伝染性の,"capable of causing infection, by the spreading of a bacteria or virus to others",ɪnˈfɛkʃəs,形容詞(adj.)
initiate,始める,to start,ɪˈnɪʃiɪt,動詞(verb)
initiation,開始,"a formal entry into an organization, position or office",ɪˌnɪʃiˈeɪʃən,名詞(n.)
inject,注入する,to put medicine into someone with a syringe,ɪnˈʤɛkt,動詞(verb)
injection,注射；注入,a way to put (inject) a drug or another substance into your body,ɪnˈʤɛkʃən,名詞(n.)
insert,挿入する,to put something in something,ɪnˈsɜrt,動詞(verb)
instinct,本能,"the natural way a person or animal thinks or behaves, knowledge that is not learned",ˈɪnstɪŋkt,名詞(n.)
integration,統合,act of bringing things together into a whole,ˌɪntəˈgreɪʃən,名詞(n.)
interact,相互に作用する,"an action that is answered by a reaction, verbal or physical",ˌɪntəˈrækt,動詞(verb)
interfere,干渉する,to get involved in the business of others without invitation,ˌɪntərˈfɪr,動詞(verb)
intervene,介入する,"to get involved, to prevent trouble",ˌɪntərˈvin,動詞(verb)
invasion,侵略,an entry into a place for the purpose of taking control,ɪnˈveɪʒən,名詞(n.)
irrelevant,無関係の,"not important, not related to the topic",ɪˈrɛləvənt,形容詞(adj.)
justification,正当化,a reason or fact that explains why something happens or exists,ˌʤʌstəfəˈkeɪʃən,名詞(n.)
lecturer,講師,a junior teacher in university,ˈlɛkʧərər,名詞(n.)
legend,伝説,"old story generally believed, although not proven",ˈlɛʤənd,名詞(n.)
legitimate,正当な；合法な,being reasonable and sound,ləˈʤɪtəmət,形容詞(adj.)
liable,法的責任がある,legally responsible for something,ˈlaɪəbəl,形容詞(adj.)
logical,論理的な,sensible; reasonable,ˈlɑʤɪkəl,形容詞(adj.)
magnetic,磁気の,"having the properties of a magnet, being able to attract.",mægˈnɛtɪk,形容詞(adj.)
manipulate,操作する,to control something or someone,məˈnɪpjəˌleɪt,動詞(verb)
manipulation,操作,the act of controlling something or someone,məˌnɪpjəˈleɪʃən,名詞(n.)
manual,手引書；マニュアル,needing the use of physical strength or work; a book of information or instructions,ˈmænjuəl,形容詞(adj.)
marginal,縁の；余白の,very small; on the edge; not important,ˈmɑrʤənəl,形容詞(adj.)
mechanic,機械工,a person who looks after machinery,məˈkænɪk,名詞(n.)
mechanical,機械的な,using or having to do with machines,məˈkænɪkəl,形容詞(adj.)
media,メディア；マスコミ,"means of communication (tv, newspapers, internet)",ˈmidiə,名詞(n.)
merge,合併する,to cause two or more things to become combined into one,mɜrʤ,動詞(verb)
methodology,方法論,system of practices or techniques to show how to do tasks,ˌmɛθəˈdɑləʤi,名詞(n.)
migrate,移動する; 移住する,to move from place to another to live or work,ˈmaɪˌgreɪt,動詞(verb)
migration,移動；移住,the process by which people or animals move to another place,maɪˈgreɪʃən,名詞(n.)
missile,ミサイル,"a weapon, usually thrown, shot or launched",ˈmɪsəl,名詞(n.)
mobility,動きやすさ；移動性,the ability to move,moʊˈbɪləti,名詞(n.)
modification,変更,"a small change to a machine, system, or plan",ˌmɑdəfəˈkeɪʃən,名詞(n.)
molecular,分子の,about or caused by molecules,məˈlɛkjələr,形容詞(adj.)
molecule,分子,two or more atoms chemically combined,ˈmɑləˌkjul,名詞(n.)
morality,道徳；倫理,beliefs or ideas about what is right and wrong,məˈræləti,名詞(n.)
mortality,死亡率,the quality or state of being human and being able to die,mɔrˈtæləti,名詞(n.)
motive,動機,a reason for doing something,ˈmoʊtɪv,名詞(n.)
myth,神話,a popular belief that is false or unsupported by fact,mɪθ,名詞(n.)
naked,裸の,not wearing any clothes; without covering,ˈneɪkəd,形容詞(adj.)
neutral,中立の,not involved; without strong feeling; without electrical charge; not acidic or akaline,ˈnutrəl,形容詞(adj.)
objection,異議,reason for not supporting or agreeing with a plan,əbˈʤɛkʃən,名詞(n.)
obtain,得る,To be given or to earn something through efforts,əbˈteɪn,動詞(verb)
occupation,職業；占有,a career or regular job,ˌɑkjəˈpeɪʃən,名詞(n.)
oral,口頭の,by mouth,ˈɔrəl,形容詞(adj.)
organ,"器官, 組織；臓器；陰茎；オルガン；機関；機関紙",large wind instrument similar to a piano,ˈɔrgən,名詞(n.)
orientation,適応；オリエンテーション；方向性；位置,"the ability to locate oneself in your environment with reference to time, place, and people",ˌɔriɛnˈteɪʃən,名詞(n.)
peasant,小作人,"a person of low social status, usually who works on a farm",ˈpɛzənt,名詞(n.)
philosopher,哲学者,a person who studies ideas about things such as the meaning of life and truth,fəˈlɑsəfər,名詞(n.)
philosophical,哲学的な,concerning philosophy,ˌfɪləˈsɑfɪkəl,形容詞(adj.)
powder,粉末,a dry substance made up of very small pieces,ˈpaʊdər,名詞(n.)
practitioner,（専門職・技術などの）開業者；（特に）開業医,"a person working in a profession, such as medicine",prækˈtɪʃənər,名詞(n.)
precede,先行する,to go before,prɪˈsid,動詞(verb)
prediction,予測,a statement of what will happen next.,priˈdɪkʃən,名詞(n.)
probe,探査；プローブ，探査する,a system or piece of equipment that is used to get information; in medicine: a long thin instrument used for looking inside your body,proʊb,動詞(verb)
profound,深遠な,showing a lot of deep knowledge or thought,proʊˈfaʊnd,形容詞(adj.)
prominent,著名な,being important or well known,ˈprɑmənənt,形容詞(adj.)
psychiatric,精神科の,concerning or used in psychiatry,ˌsaɪkiˈætrɪk,形容詞(adj.)
psychologist,心理学者,an expert who studies the mind and behavior,saɪˈkɑləʤəst,名詞(n.)
psychology,心理学,the study of the mind and how it affects behaviour,saɪˈkɑləʤi,名詞(n.)
publish,出版する；発表する,"to prepare a book, journal, magazine and make it available",ˈpʌblɪʃ,動詞(verb)
puzzle,困らせる；当惑する，パズル,a problem that requires thought and skill to be solved,ˈpʌzəl,名詞(n.)
quantitative,量的な,the describing or measuring of quantity.,ˈkwɑntɪˌteɪtɪv,形容詞(adj.)
radiation,放射線,"energy that is radiated or transmitted in the form of rays, waves or particles.",ˌreɪdiˈeɪʃən,名詞(n.)
randomize,無作為化する,to arrange in a random order,ˈrændəˌmaɪz,動詞(verb)
randomly,無作為に,with no pattern or clear purpose; by chance,ˈrændəmli,副詞(adv)
rational,合理的な,sensible; based on facts,ˈræʃənəl,形容詞(adj.)
rationality,合理性,being able to think clearly,ˌræʃəˈnælɪti,名詞(n.)
reconstruct,再構築する,to rebuild something after it has been destroyed,ˌrikənˈstrʌkt,動詞(verb)
regime,政権；体制,a system of management; a form of government,rəʒˈim,名詞(n.)
reinforce,強化する；補強する,to strengthen,ˌriɪnˈfɔrs,動詞(verb)
rejection,拒絶,the act of refusing to consider or believe something,rɪˈʤɛkʃən,名詞(n.)
render,〜の状態にする；与える,"to cause someone or something to behave in a particular way, or to enter into a particular condition",ˈrɛndər,動詞(verb)
reproduce,再生する；繁殖する,to make a copy of something,ˌriprəˈdus,動詞(verb)
reproduction,再生；生殖作用,the process that produces the next generation,ˌriprəˈdʌkʃən,名詞(n.)
republic,共和国,a country governed by elected representatives,riˈpʌblək,名詞(n.)
resemble,似ている,to be similar to someone or something in looks or manner,rɪˈzɛmbəl,動詞(verb)
revolutionary,革新的な,a significant change in something,ˌrɛvəˈluʃəˌnɛri,形容詞(adj.)
rhythm,リズム,a pattern of sound and beats in music,ˈrɪðəm,名詞(n.)
ritual,儀式,performed as part of a formal ceremony,ˈrɪʧuəl,名詞(n.)
scatter,まき散らす,to make things separate and go in different directions,ˈskætər,動詞(verb)
sensible,賢明な；分別のある,having the ability to judge something reasonably,ˈsɛnsəbəl,形容詞(adj.)
sensitivity,感受性；感度,being sensitive; in physiology: the ability of an organism or part of an organism to react to stimuli; in electronics: the ability of a radio device to react to incoming signals,ˌsɛnsɪˈtɪvɪti,名詞(n.)
shortly,まもなく,quickly; soon,ˈʃɔrtli,副詞(adv)
simultaneously,同時に,at the same time as,ˌsaɪməlˈteɪniəsli,副詞(adv)
sin,罪,a bad act; to do something bad,sɪn,名詞(n.)
sophisticate,洗練させる,to make more complex or refined,səˈfɪstəˌkeɪt,動詞(verb)
sponsorship,資金援助,money given to a student to pay for education,ˈspɑnsərˌʃɪp,名詞(n.)
statistical,統計的,about statistics,stəˈtɪstɪkəl,形容詞(adj.)
statistically,統計的に,with respect to statistics,stəˈtɪstɪkəli,副詞(adv)
statistics,統計,a type of mathematics that provide specific information or prove something,stəˈtɪstɪks,名詞(n.) 複数形(pl.)
strategic,戦略的な,concerned with strategy; well thought out,strəˈtiʤɪk,形容詞(adj.)
strictly,厳密に,restricted to something,ˈstrɪktli,副詞(adv)
substitution,代用；置換,a person or thing acting or serving in place of another; to put (a person or thing) in the place of another.,ˌsʌbstɪˈtuʃən,名詞(n.)
subtle,微妙な; 繊細な；巧妙な,"difficult to notice, understand, or see",ˈsʌtəl,形容詞(adj.)
sufficiently,十分に,to a degree great enough to do something,səˈfɪʃəntli,副詞(adv)
suicide,自殺,the act of purposely killing yourself because you no longer wish to live,ˈsuəˌsaɪd,名詞(n.)
superior,上の，上司,better; higher quality,suˈpɪriər,名詞(n.)
sustainable,持続可能な,capable of continuing for a long time at the same level; does not damage the environment,səˈsteɪnəbəl,形容詞(adj.)
swell,膨張する,"to become larger than normal, often because of injury",swɛl,動詞(verb)
symbolic,象徴的な；記号の,representing a larger quality,sɪmˈbɑlɪk,形容詞(adj.)
technically,技術的に；専門的に言うと,in an exact and particular manner,ˈtɛknɪkəli,副詞(adv)
theorist,理論家,a person who forms new ideas,ˈθiərɪst,名詞(n.)
thereby,それによって,by that means; because of that,ˈðɛrˈbaɪ,副詞(adv)
ton,トン,a unit of weight equal to 907 kilograms,tʌn,名詞(n.)
transaction,取引,an exchange; in business this usually involves money,trænˈzækʃən,名詞(n.)
transformation,変換,a complete change in shape or form of something,ˌtrænsfərˈmeɪʃən,名詞(n.)
translation,翻訳,changing from one form to another. e.g. changing from one language to another,trænˈzleɪʃən,名詞(n.)
transmission,伝送；通信,an electronic signal that has been sent by radio waves; a force that has been transferred from one machine to another,trænˈsmɪʃən,名詞(n.)
transmit,送信する,to broadcast by using electrical signals to a radio or TV,trænzˈmɪt,動詞(verb)
treaty,条約,an agreement between nations,ˈtriti,名詞(n.)
tremendous,途方もない,"having great size, excellence, or power",trəˈmɛndəs,形容詞(adj.)
tribe,部族,"a racial group united by language, religion and customs",traɪb,名詞(n.)
ultimate,究極の; 根本的な,"happening or coming at the end of process, final",ˈʌltəmət,形容詞(adj.)
unity,単一性；統一,being in full agreement; being joined together,ˈjunəti,名詞(n.)
utility,実用性；公益事業,"being useful; a public service such as gas, water, or electricity that is used by everyone",juˈtɪləti,名詞(n.)
vague,ぼんやりした,not clearly stated,veɪg,形容詞(adj.)
valid,正当な；有効な,sound; just; well-founded,ˈvæləd,形容詞(adj.)
validity,妥当性,how true something is; in statistics: the ability of a test to measure what it is intended to measure.,vəˈlɪdəti,名詞(n.)
virtue,美徳,a good quality,ˈvɜrʧu,名詞(n.)
weave,織る,to make something by crossing threads over and under each other,wiv,動詞(verb)
activate,始動する,To make something start working,ˈæktəˌveɪt,動詞(verb)
acute,鋭い；深刻な；急性の,strong; very serious or severe,əˈkjut,形容詞(adj.)
adjacent,隣接した,"being close or near to a border, wall, or point",əˈʤeɪsənt,形容詞(adj.)
adverse,逆の；不利な,negative or harmful,ædˈvɜrs,形容詞(adj.)
aesthetic,美的な,concerning the sense of artistic beauty,ɛˈsθɛtɪk,形容詞(adj.)
aluminum,アルミニウム ,very light silvery-white metal used to make cans,əˈlumənəm,名詞(n.)
ancestor,祖先,a person from your family that lived in the past,ˈænˌsɛstər,名詞(n.)
anthropology,人類学,the study of human origins and the development of society,ˌænθrəˈpɑləʤi,名詞(n.)
array,配列,a large group of people or things; a regular order or arrangement; in maths: a series of figures.,əˈreɪ,名詞(n.)
arrow,矢印,a symbol to give direction; a long piece of wood shot from a bow,ˈæroʊ,名詞(n.)
articulate,考えをはっきり言う,to express something clearly using language,ɑrˈtɪkjələt,動詞(verb)
artificial,人工の,not made by people; not created by nature,ˌɑrtəˈfɪʃəl,形容詞(adj.)
auction,競売で売る,To sell to a person offering the highest price,ˈɑkʃən,動詞(verb)
audio,音声の,concerning sound,ˈɑdiˌoʊ,形容詞(adj.)
autonomy,自治権；自立性,the power to make independent decisions,ɔˈtɑnəmi,名詞(n.)
barrel,樽；バレル,a round container with curved sides and flat ends,ˈbærəl,名詞(n.)
basin,たらい；盆地,a sink; a place in a bathroom to wash your face,ˈbeɪsən,名詞(n.)
biologist,生物学者,a scientist who studies living things,baɪˈɑləʤɪst,名詞(n.)
biology,生物学,the study of living things,baɪˈɑləʤi,名詞(n.)
bizarre,奇妙な,odd or strange,bəˈzɑr,形容詞(adj.)
bonus,ボーナス；賞与,extra money for achieving/exceeding target,ˈboʊnəs,名詞(n.) 複数形(pl.)
bubble,泡,a small ball of air inside of a liquid,ˈbʌbəl,名詞(n.)
bulk,体積； 容積； 多量,big size; largeness; heaviness,bʌlk,名詞(n.)
bullet,弾丸,metal object fired from a gun,ˈbʊlət,名詞(n.)
bundle,束，束ねる,a group of things that are tied together,ˈbʌndəl,名詞(n.)
calcium,カルシウム,"a substance important for human and animal health, particularly for making bones and teeth",ˈkælsiəm,名詞(n.)
campus,キャンパス,"the site of an institution, such as a university campus",ˈkæmpəs,名詞(n.) 複数形(pl.)
capitalism,資本主義,economic system based on private ownership of money,ˈkæpɪtəˌlɪzəm,名詞(n.)
capitalist,資本家； 資本主義者,one believing in private ownership of money,ˈkæpətəlɪst,名詞(n.)
censor,検閲官，検閲する,"to remove parts of a book, film or letter for moral, religious, or political reasons",ˈsɛnsər,名詞(n.)
chemistry,化学,the study of the structure of substances,ˈkɛməstri,名詞(n.)
chronic,慢性的な,over a long time; serious,ˈkrɑnɪk,形容詞(adj.)
chunk,大きな塊,a large bit of something; thick lump,ʧʌŋk,名詞(n.)
cinema,映画；映画館,a place for showing movies,ˈsɪnəmə,名詞(n.)
classification,分類,putting similar items into groups or sets,ˌklæsəfəˈkeɪʃən,名詞(n.)
classify,分類する,To arrange things into groups of similar items,ˈklæsəˌfaɪ,動詞(verb)
clay,粘土,"heavy, sticky earth used to make pottery",kleɪ,名詞(n.)
click,クリックする,to press a computer mouse to do something on a computer,klɪk,動詞(verb)
clone,クローンを作る,to make an exact copy of a living thing,kloʊn,動詞(verb)
closure,終末,the act of closing something,ˈkloʊʒər,名詞(n.)
cognitive,認知の,the process of knowing and remembering,ˈkɑgnɪtɪv,形容詞(adj.)
coherent,まとまった；理解しやすい,(of language/ideas) logical and well-organized,koʊˈhɪrənt,形容詞(adj.)
commodity,商品；日用品,"Something useful or valuable, usually for sale",kəˈmɑdəti,名詞(n.)
compact,小型の，圧縮する,packed together; closely united; small,ˈkɑmpækt,形容詞(adj.)
comparative,比較の,expressing a difference in degree,kəmˈpɛrətɪv,形容詞(adj.)
competence,能力,ability to do something in a fully satisfactory way,ˈkɑmpətɪns,名詞(n.)
complement,補足， 補足する； 完全にする,something needed to complete or make perfect,ˈkɑmpləmənt,名詞(n.)
comply,従う,to act in agreement with another's wishes; to obey a rule,kəmˈplaɪ,動詞(verb)
comprehension,理解,ability to understand,ˌkɑmpriˈhɛnʃən,名詞(n.)
configuration,形状,a shape or outline; a method of arrangement,kənˌfɪgjəˈreɪʃən,名詞(n.)
consensus,合意；コンセンサス,a decision that is shared by most of the members of a group,kənˈsɛnsəs,名詞(n.) 複数形(pl.)
contrary,逆の，反対,different; opposite,ˈkɑntrɛri,形容詞(adj.)
cord,ひも；コード,"a long, strong material, thicker than string but not as thick as rope; an electrical wire",kɔrd,名詞(n.)
credibility,信頼性,quality of being believable or deserving of trust,ˌkrɛdəˈbɪlɪti,名詞(n.)
critique,批評,a review of the quality of a work,krəˈtik,名詞(n.)
crude,原油，自然の；粗雑な,"basic or made without skill, such as a crude drawing",krud,形容詞(adj.)
deadline,締め切り,a date or time before which something must be done,ˈdɛˌdlaɪn,名詞(n.)
decay,腐敗；減衰，腐敗する；崩壊する,to be slowly broken down by natural processes,dəˈkeɪ,動詞(verb)
defect,欠陥,a problem; a fault,ˈdifɛkt,名詞(n.)
deficiency,欠乏,without something that is necessary,dɪˈfɪʃənsi,名詞(n.)
dependence,依存,relying on someone for (financial) support,dɪˈpɛndəns,名詞(n.)
destination,目的地；宛先,the place one is traveling to,ˌdɛstəˈneɪʃən,名詞(n.)
diagnose,診断する,"to determine the cause of something, e.g. an illness",ˌdaɪəgˈnoʊs,動詞(verb)
diagnosis,診断,a judgment by a doctor about a person’s illness,ˌdaɪəgˈnoʊsəs,名詞(n.) 複数形(pl.)
diagram,図,a drawing intended to explain how something works,ˈdaɪəˌgræm,名詞(n.)
diameter,直径,the distance across the center of an object,daɪˈæmətər,名詞(n.)
diary,日記,blank book in which you write what you did each day,ˈdaɪəri,名詞(n.)
dictionary,辞書,a book with the spellings and meanings of many words,ˈdɪkʃəˌnɛri,名詞(n.)
differentiate,区別する；差別化する,to see or show a difference between things,ˌdɪfəˈrɛnʃiˌeɪt,動詞(verb)
differentiation,差別化；分化,a discrimination between things as different and distinct,dɪfəˌrɛnʃiˈeɪʃən,名詞(n.)
dilemma,ジレンマ ,a position in which a person must make difficult choices,dɪˈlɛmə,名詞(n.)
dioxide,二酸化,an oxide containing two oxides per molecule,daɪˈɑkˌsaɪd,名詞(n.)
disadvantage,不利な点,a negative point; a downside; difficulty,ˌdɪsədˈvæntɪʤ,名詞(n.)
displacement,移動；置換,the act of taking the place of something or someone else,dɪˈspleɪsmənt,名詞(n.)
dissolve,溶解する,to melt into a liquid so that a substance mixes with the liquid itself,dɪˈzɑlv,動詞(verb)
domain,領域；ドメイン,"a field of action, thought or influence; an area of knowledge",doʊˈmeɪn,名詞(n.)
donor,寄贈者,a person or group that gives gifts or money to help support an organization or cause,ˈdoʊnər,名詞(n.)
duration,持続；継続期間,the length of time that something lasts,ˈdʊˈreɪʃən,名詞(n.)
dynamic,動的な; 活動的な,always active or changing; in physics: a force related to motion,daɪˈnæmɪk,形容詞(adj.)
ecological,生態学的な,"concerning the environment, plants, or animals",ikəˈlɑʤɪkəl,形容詞(adj.)
electron,電子,a negatively charged particle,ɪˈlɛktrɑn,名詞(n.)
elementary,初等の,"basic, simple, or essential",ˌɛləˈmɛntri,形容詞(adj.)
emperor,皇帝,man who rules an empire,ˈɛmpərər,名詞(n.)
empirical,実証的な；経験による,based on observation or experiment,ˌɛmˈpɪrɪkəl,形容詞(adj.)
entity,実体,something that is real,ˈɛntəti,名詞(n.)
essence,本質,the most important part or quality of something,ˈɛsəns,名詞(n.)
ethical,倫理的な,morally right or wrong,ˈɛθɪkəl,形容詞(adj.)
ethics,倫理学；道徳,"the moral principles, standards, and rules for deciding what is right and wrong",ˈɛθɪks,名詞(n.) 複数形(pl.)
exit,出口；終了,a door that you go through to leave a place,ˈɛgzɪt,名詞(n.)
expertise,専門知識,the special knowledge that an expert has,ˌɛkspərˈtiz,名詞(n.)
fever,熱,a high body temperature,ˈfivər,名詞(n.)
fluid,流体（名）； 流動的な（形）,a material that can easily flow. e.g. water,ˈfluəd,形容詞(adj.)
forum,フォーラム；講演会；座談会,meeting where people can openly discuss a subject,ˈfɔrəm,名詞(n.)
fossil,化石,a plant or animal that has become rock after many thousands of years,ˈfɑsəl,名詞(n.)
fraction,一部；少量；分数,a part of a whole,ˈfrækʃən,名詞(n.)
fracture,骨折，骨折する；砕く,the result of breaking a hard material; a crack,ˈfrækʧər,名詞(n.)
fringe,縁；縞（しま）,the edge of something; such as the decorative edge on a piece of clothing,frɪnʤ,名詞(n.)
fusion,融合,"when different styles, ideas or designs combine to form something new; in physics: when atoms combine to produce nuclear energy",ˈfjuʒən,名詞(n.)
gauge,計測器，測定する,a tool used to measure things,geɪʤ,名詞(n.)
goat,ヤギ,small animal with beard and horns,goʊt,名詞(n.)
graph,図表；グラフ,image expressing numerical data in lines or shapes,græf,名詞(n.)
grid,格子；送電網,a metal structure with bars that is used to cover a hole,grɪd,名詞(n.)
gut,腸,"the parts inside: a human body, animal body or a machine",gʌt,名詞(n.)
habitat,生息地,"the natural place, or type of place, where a plant or animal lives",ˈhæbəˌtæt,名詞(n.)
harvest,収穫,the time of year to bring crops in from the fields,ˈhɑrvəst,名詞(n.)
hierarchy,階層；ヒエラルキー,a system for organizing people or things according to their importance,ˈhaɪəˌrɑrki,名詞(n.)
horizon,地平線；水平線；視野；層位,the line where the earth or sea meets the sky,həˈraɪzən,名詞(n.)
horizontal,水平の,flat or level,ˌhɔrəˈzɑntəl,形容詞(adj.)
hormone,ホルモン,a chemical produced by the body to control some function,ˈhɔrˌmoʊn,名詞(n.)
hydrogen,水素,"the lightest of all chemical elements, has no smell or color",ˈhaɪdrəʤən,名詞(n.)
illusion,幻想,"an image that seems real, but is not real",ɪˈluʒən,名詞(n.)
implicit,暗黙の,not stated directly,ɪmˈplɪsət,形容詞(adj.)
impulse,衝撃,a sudden desire to do something that is not planned,ˈɪmpəls,名詞(n.)
incidence,発生率,the rate that something happens,ˈɪnsədəns,名詞(n.)
incline,傾く，傾斜,a slope or surface that rises uphill,ɪnˈklaɪn,名詞(n.)
inclusion,包含,act of including; person/thing that is included,ɪnˈkluʒən,名詞(n.)
indifference,無関心,a lack of enthusiasm or interest in things; seeming not to care,ɪnˈdɪfərəns,名詞(n.)
indigenous,固有の；土着の,"living or growing naturally in an area, not brought from somewhere else",ɪnˈdɪʤənəs,形容詞(adj.)
indirect,間接的な,having a path that is not straight or direct,ɪndəˈrɛkt,形容詞(adj.)
induce,誘発する,"to cause, to persuade",ɪnˈdus,動詞(verb)
inference,推論,an opinion that you form based on information you already have,ˈɪnfərəns,名詞(n.)
infinite,無限の,without an end,ˈɪnfənət,形容詞(adj.)
informal,非公式の,not official; not done by the rules,ɪnˈfɔrməl,形容詞(adj.)
inhibit,抑制する,to make it difficult for a process to start or continue in a normal way,ɪnˈhɪbət,動詞(verb)
inhibition,抑制；阻害,the process whereby nerves can retard or prevent the functioning of an organ; the act of blocking or holding back,ˌɪnhəˈbɪʃən,名詞(n.)
insect,昆虫,"a small animal with 6 legs, such as a bee or ant",ˈɪnˌsɛkt,名詞(n.)
integral,不可欠な,part of something,ˈɪntəgrəl,形容詞(adj.)
interface,接点,a shared boundary between two persons or systems through which information is communicated.,ˈɪntərˌfeɪs,名詞(n.)
interval,間隔；区間,"the distance between two points, numbers or times",ˈɪntərvəl,名詞(n.)
invade,侵入する,to enter a place with an aim of taking control of it,ɪnˈveɪd,動詞(verb)
jazz,ジャズ,a type of American music known for its energetic beat and parts that musicians make up as they go along,ʤæz,名詞(n.)
leaf,葉,the green part of a tree or plant,lif,名詞(n.)
leisure,余暇；レジャー ,time when you have no work to do and can relax,ˈlɛʒər,名詞(n.)
lever,レバー,a handle that one pulls to operate a machine,ˈlɛvər,名詞(n.)
likewise,同様に,"in the same way, in addition to",ˈlaɪˌkwaɪz,形容詞(adj.)
limb,肢,"leg, arm or wing",lɪm,名詞(n.)
linear,線形の,made of lines,ˈlɪniər,形容詞(adj.)
linguistic,言語の,belonging to language,lɪŋˈgwɪstɪk,形容詞(adj.)
linguistics,言語学,the study of human languages,lɪŋˈgwɪstɪks,名詞(n.) 複数形(pl.)
liver,肝臓,a large organ in the body that helps to absorb food and clean the blood,ˈlɪvər,名詞(n.)
loop,輪,a round shape,lup,名詞(n.)
lung,肺,an organ used to breathe,lʌŋ,名詞(n.)
magnitude,大きさ,size or importance,ˈmægnəˌtud,名詞(n.)
manuscript,原稿,"a document, a piece of writing",ˈmænjəˌskrɪpt,名詞(n.)
marble,大理石,a kind of stone; metamorphosed limestone,ˈmɑrbəl,名詞(n.)
matrix,マトリックス；基質,"a substance, situation, or environment in which something has its origin - in math: an arrangement of numbers in rows and columns",ˈmeɪtrɪks,名詞(n.)
maximize,最大化する,"to increase, or become as large or great as possible",ˈmæksəˌmaɪz,動詞(verb)
mediate,仲介する,"to bring about an agreement between persons or groups, act as a helper",ˈmidiɪt,動詞(verb)
metaphor,隠喩,a figure of speech based on analogy,ˈmɛtəfɔr,名詞(n.)
mineral,鉱物,a substance naturally formed in the ground,ˈmɪnərəl,名詞(n.)
minimal,最小の,the smallest possible,ˈmɪnəməl,形容詞(adj.)
minimize,最小限にする,to make something as small as possible,ˈmɪnəˌmaɪz,動詞(verb)
momentum,勢い；運動量,speed or force that is gained when something moves,moʊˈmɛntəm,名詞(n.)
monetary,金銭的な,"concerning money, often referring to a country's economic system",ˈmɑnəˌtɛri,形容詞(adj.)
monopoly,独占,complete control of the market for a service or product,məˈnɑpəli,副詞(adv)
multiply,掛け合わせる；増殖する,to increase greatly in number,ˈmʌltəˌplaɪ,動詞(verb)
necessity,必要性; 必需品,something that you must have or do,nəˈsɛsəti,名詞(n.)
noble,気高い,having personal qualities that people admire,ˈnoʊbəl,形容詞(adj.)
nonetheless,それにもかかわらず,"in spite of that, nevertheless",ˌnʌnðəˈlɛs,形容詞(adj.)
nonlinear,非線形の,not in a line,nɑnˈlɪˌniər,形容詞(adj.)
norm,規範；基準,an established standard of performance or behavior,nɔrm,名詞(n.)
obscure,あいまいな,"not famous, unknown by most people; not easy to understand",əbˈskjʊr,形容詞(adj.)
optical,光学の,concerning vision or helping people see,ˈɑptɪkəl,形容詞(adj.)
organism,生命体,"living thing, often one that is small",ˈɔrgəˌnɪzəm,名詞(n.)
outlet,アウトレット,"a way for something to be released; a pipe, hole or wire through which gas, liquid or electricity flows",ˈaʊtˌlɛt,名詞(n.)
overhead,間接費,located above your head or in the sky,ˈoʊvərˌhɛd,形容詞(adj.)
overlap,重複，重なる,To lie over or cover a part of something else,ˌoʊvərˈlæp,動詞(verb)
oxygen,酸素,"a gas in the air that has no smell or taste, and that all animals need to breathe",ˈɑksəʤən,名詞(n.)
paradox,逆説；パラドックス,"a saying that seems contrary to popular belief, but which may be true",ˈpɛrəˌdɑks,名詞(n.)
parameter,パラメーター,"a characteristic or constant factor, a limit.",pəˈræmətər,名詞(n.)
particle,粒子,a very small piece of something,ˈpɑrtəkəl,名詞(n.)
peripheral,周辺の,not connected to the main or important part of something,pəˈrɪfərəl,形容詞(adj.)
physician,医師,a medical doctor,fəˈzɪʃən,名詞(n.)
physics,物理学,"the study of heat, light, and other forms of energy and how they affect objects",ˈfɪzɪks,名詞(n.) 複数形(pl.)
plural,複数の,refers to more than one person or thing,ˈplʊrəl,形容詞(adj.)
polar,極の,concerning the areas near the North or South poles,ˈpoʊlər,形容詞(adj.)
portfolio,ポートフォリオ,a list of the financial assets held by an individual or other financial institution,pɔrtˈfoʊliˌoʊ,名詞(n.)
portray,描く,"to represent something or someone in a particular way, often for artistic purposes",pɔrˈtreɪ,動詞(verb)
portrayal,描写,"the way that something or someone is represented in a book, film, picture or other context",pɔrˈtreɪəl,形容詞(adj.)
poster,ポスター,"a large, printed notice or picture",ˈpoʊstər,名詞(n.)
predator,捕食者,an animal that feeds itself by killing and eating other animals,ˈprɛdətər,名詞(n.)
predominantly,圧倒的に,"in a way that is larger, greater or has more power than others",prɪˈdɑmənəntli,副詞(adv)
prejudice,偏見,"an unreasonable hatred for a group of people, usually a race or a religion",ˈprɛʤədɪs,名詞(n.)
preliminary,予備の,before,prɪˈlɪməˌnɛri,形容詞(adj.)
prevalence,流行,"widespread, common, general",ˈprɛvələns,名詞(n.)
prey,捕食,an animal that is killed and eaten by another animal,preɪ,名詞(n.)
primitive,原始的な,being of an early time period in the past,ˈprɪmətɪv,形容詞(adj.)
proposition,提案；命題,an idea; a suggestion,ˌprɑpəˈzɪʃən,名詞(n.)
protocol,外交儀礼；議定書；協定,a set of rules; computers use protocol so they can exchange information,ˈproʊtəˌkɑl,名詞(n.)
pulse,脈拍,beat of the heart,pʌls,名詞(n.)
questionnaire,アンケート,form used to get information from many people,ˌkwɛsʧəˈnɛr,名詞(n.)
rack,棚,"a frame, stand or hook on which things are set or hung",ræk,名詞(n.)
realm,領域,the area ruled by a king or queen,rɛlm,名詞(n.)
regression,回帰；退行,going back; in statistics: a type of correlational procedure that focuses on predicting the values of an outcome based on its correlation with another variable.,rəˈgrɛʃən,名詞(n.)
rehabilitation,修復；リハビリ,"a scheme to help someone who has been ill or in prison to return to a healthy, independent, and useful life",ˌrihəˌbɪləˈteɪʃən,名詞(n.)
residual,残りの，残余,"concerning the last little bit, after the rest has gone or ended",rɪˈzɪʤuəl,形容詞(adj.)
residue,剰余；残留物,left over after part or most is taken away,ˈrɛzəˌdu,名詞(n.)
retrieve,取り戻す；検索する,to find and get something from somewhere,rɪˈtriv,動詞(verb)
rhetoric,言葉遣い；修辞学,the study of public speaking or writing techniques,ˈrɛtərɪk,名詞(n.)
robot,ロボット,a mechanical creature that acts like a human,ˈroʊˌbɑt,名詞(n.)
rotate,回転する,to move or turn around a central point,ˈroʊˌteɪt,動詞(verb)
rotation,回転,movement in a circle around a central point,roʊˈteɪʃən,名詞(n.)
scenario,シナリオ,an outline; an imagined sequence of events in a plan or project,sɪˈnɛrioʊ,名詞(n.)
scholarship,奨学金,money given to a student to pay for education,ˈskɑlərˌʃɪp,名詞(n.)
seminar,セミナー,a small class at a college or university,ˈsɛməˌnɑr,名詞(n.)
sensation,感覚,"a feeling that is experienced by the body, usually through the sense of touch",sɛnˈseɪʃən,名詞(n.)
shallow,浅い,not deep; a small distance between the lowest and highest point,ˈʃæloʊ,形容詞(adj.)
simulate,ふりをする；シミュレーションをする,"to look, feel, or behave like something; to copy",ˈsɪmjələt,動詞(verb)
simulation,シミュレーション,a copy; a method that is used to study and analyze the characteristics of the real world,ˌsɪmjəˈleɪʃən,名詞(n.)
sketch,スケッチ,a drawing made quickly that lacks detail,skɛʧ,名詞(n.)
skip,スキップ，飛ばす,to not do; to jump,skɪp,動詞(verb)
slot,細長い穴；地位；時間枠,"a long narrow opening, into which you put or fit something",slɑt,名詞(n.)
sodium,ナトリウム,"a soft, white chemical element",ˈsoʊdiəm,名詞(n.)
solar,太陽の,"concerning the sun, or its heat",ˈsoʊlər,形容詞(adj.)
span,期間，架かる；及ぶ,the amount of time something lasts,spæn,動詞(verb)
spatial,空間的な,about space,ˈspeɪʃəl,形容詞(adj.)
specimen,見本；標本,"an example of something, especially of a plant or an animal; a small amount of blood or urine",ˈspɛsəmən,名詞(n.) 複数形(pl.)
spectrum,スペクトル,the wavelengths of colors from red to violet,ˈspɛktrəm,名詞(n.)
sphere,球体；天体,a round 3D object. e.g. a ball,sfɪr,名詞(n.)
spontaneous,自発的な,"something that happens on its own, seemingly without cause",spɑnˈteɪniəs,形容詞(adj.)
stack,山，積み上げる,To put one thing on top of another e.g. books,stæk,動詞(verb)
stadium,スタジアム,very large building with a sports field and rows of seats all around that is used for various events,ˈsteɪdiəm,名詞(n.)
stance,姿勢,a position or opinion that is stated to the public,stæns,名詞(n.)
stereotype,固定観念，固定観念で見る,"an idea or belief about what someone or something is like, often unfair or untrue",ˈstɛriəˌtaɪp,名詞(n.)
stimulus,刺激,something that makes a change.,ˈstɪmjələs,名詞(n.) 複数形(pl.)
straightforward,まっすぐな；率直な；正直な,easy to do or understand; not complicated,ˈstreɪtˈfɔrwərd,形容詞(adj.)
strand,糸,something that is plaited or twisted as a rope-like length,strænd,名詞(n.)
stripe,縞模様,"a long, thin part of something which is a different color from the parts beside it",straɪp,名詞(n.)
subjective,主観的な,"the use of personal feelings and opinions, rather than facts",səbˈʤɛktɪv,形容詞(adj.)
surgeon,外科医,a doctor who performs surgery,ˈsɜrʤən,名詞(n.)
surplus,余剰；黒字,extra; more than is needed,ˈsɜrpləs,形容詞(adj.)
syndrome,症候群,a group of signs and symptoms that accompany a disease,ˈsɪnˌdroʊm,名詞(n.)
synthesis,合成,building something complex from simple parts,ˈsɪnθəsəs,名詞(n.) 複数形(pl.)
terminal,終点；終着駅；ターミナル,the end of something,ˈtɜrmənəl,名詞(n.)
thesis,論文；命題,a long essay; a position taken in an argument supported by a set of reasons,ˈθisəs,名詞(n.)
thread,糸,"a long, very thin, soft material used to join or make cloth",θrɛd,名詞(n.)
threshold,しきい値,a level or point at which something would start or stop happening.,ˈθrɛˌʃoʊld,名詞(n.)
thumb,親指,"the short, thick finger on the side of your hand",θʌm,名詞(n.)
toxic,毒性の,poisonous; harmful,ˈtɑksɪk,形容詞(adj.)
trait,特徴,a characteristic,treɪt,名詞(n.)
transcription,転写,something written,ˌtrænˈskrɪpʃən,名詞(n.)
transplant,移植，移植する,a medical operation in which a new organ is placed inside a patient's body,trænˈsplænt,名詞(n.)
trauma,外傷；トラウマ,a very severe or upsetting experience,ˈtrɔmə,名詞(n.)
triangle,三角形,a closed shape with three straight sides,ˈtraɪˌæŋgəl,名詞(n.)
tropical,熱帯の,hot and humid; near to the equator,ˈtrɑpɪkəl,形容詞(adj.)
tumor,腫瘍,a mass of abnormal cells that develops when cancerous cells divide and grow uncontrollably,ˈtumər,名詞(n.)
tutor,家庭教師,a teacher,ˈtutər,名詞(n.)
undermine,弱体化させる,to weaken or destroy something secretly and usually slowly,ˈʌndərˌmaɪn,動詞(verb)
unify,統一する,to join or bring together,ˈjunəˌfaɪ,動詞(verb)
upward,上向きに,moving toward a higher point or position,ˈʌpwərd,副詞(adv)
utilize,利用する,to use something practically for a particular purpose,ˈjutəˌlaɪz,動詞(verb)
utterance,発話,something that is said,ˈʌtərəns,名詞(n.)
vein,静脈,one of the little tubes that return blood from the body to the heart,veɪn,名詞(n.)
verbal,言葉による,"using speech, rather than being written",ˈvɜrbəl,形容詞(adj.)
vertical,垂直の,a line going up/down; not horizontal,ˈvɜrtɪkəl,形容詞(adj.)
viable,実行可能な,able to be done; possible,ˈvaɪəbəl,形容詞(adj.)
vitamin,ビタミン,a substance that is healthy for your body and can be found in foods or taken as a medicine,ˈvaɪtəmən,名詞(n.)
abdominal,腹部の,Concerned with the abdomen or stomach,æbˈdɑmənəl,形容詞(adj.)
aggregate,(...の)総計,a sum total amount of something,ˈægrɪgɪt,名詞(n.)
algorithm,アルゴリズム,a step-by-step problem-solving feature,ˈælgəˌrɪðəm,名詞(n.)
altitude,高度,the height of something above sea level,ˈæltəˌtud,名詞(n.)
analogy,類似；類推,comparison of things based on their similarity,əˈnæləʤi,名詞(n.)
antibiotic,抗生物質，抗生物質の,concerning medicine that is used to fight certain diseases,ˌæntibiˈɑtɪk,形容詞(adj.)
antibody,抗体,a defense provided by the body against disease,ˈæntɪˌbɑdi,名詞(n.)
appendix,付録；追加,additional information at the end of a document,əˈpɛndɪks,名詞(n.)
applause,拍手,the sound made by clapping a performance or speech,əˈplɔz,名詞(n.)
arbitrary,任意の; 気ままな,unsupported,ˈɑrbəˌtrɛri,形容詞(adj.)
axis,軸,"a line about which a rotating body, such as the earth, turns.",ˈæksəs,名詞(n.)
bracket,括弧,a 90 degree piece of metal used to support a wall shelf,ˈbrækɪt,名詞(n.)
coefficient,係数,a number multiplied by a variable in an algebraic expression.,ˌkoʊəˈfɪʃənt,形容詞(adj.)
composite,合成物，複合の,made of more than one different part,kəmˈpɑzət,形容詞(adj.)
cone,円錐,a 3D shape with a circular base; a part of the eye,koʊn,名詞(n.)
converge,集中する,to come together,kənˈvɜrʤ,動詞(verb)
convergence,収束,coming together,kənˈvɜrʤəns,名詞(n.)
cue,合図，合図を送る,a word or action during a stage play to tell an actor to speak,kju,名詞(n.)
cylinder,シリンダー,"a shape or object with flat, circular ends and long, straight sides",ˈsɪləndər,名詞(n.)
degrade,低下する；分解する,to treat someone without respect; to reduce in amount or strength,dɪˈgreɪd,動詞(verb)
delta,デルタ,the place a river divides before entering a larger body of water,ˈdɛltə,名詞(n.)
deviation,逸脱；偏差,"not standard or normal; in statistics: the difference between one of a set of values and some fixed value, usually the mean of the set.",ˌdiviˈeɪʃən,名詞(n.)
diagnostic,診断の,to do with finding out the cause of a problem,ˌdaɪəgˈnɑstɪk,形容詞(adj.)
differential,区別を示す,difference; diversity,ˌdɪfəˈrɛnʃəl,形容詞(adj.)
diffusion,拡散,the movement of light in many directions,dɪˈfjuʒən,名詞(n.)
dilute,希薄な，薄くする,"to mix; to reduce in strength, concentration, quality or purity",daɪˈlut,動詞(verb)
dominance,支配,"the state of being more powerful, successful, or important than others",ˈdɑmənəns,名詞(n.)
dye,染料，染める,a liquid that colors hair or cloth,daɪ,名詞(n.)
ecology,生態学,"the study of plants, animals, people, and their environments",ɪˈkɑləʤi,名詞(n.)
elastic,弾性の,able to return to original shape or size after stretching,ɪˈlæstɪk,形容詞(adj.)
elasticity,弾力性,the ability to stretch easily and then quickly return to the original shape,ˌiˌlæˈstɪsəti,名詞(n.)
embed,埋め込む,"to place or set inside rock, etc",ɪmˈbɛd,動詞(verb)
enzyme,酵素,a protein made by cells,ˈɛnˌzaɪm,名詞(n.)
epidemic,流行性の；伝染病,a disease affecting many people,ˌɛpəˈdɛmɪk,形容詞(adj.)
equilibrium,平衡,a state of balance,ˌikwəˈlɪbriəm,名詞(n.)
erase,消す,to remove written information or information on a computer memory,ɪˈreɪs,動詞(verb)
fatigue,疲労,being very tired,fəˈtig,名詞(n.)
fungus,菌,"a group of plants that grow on dead materials and have no flowers, e.g. mushrooms",ˈfʌŋgəs,名詞(n.) 複数形(pl.)
gram,グラム,a metric unit of weight,græm,名詞(n.)
hawk,タカ,a large bird that gets its food by killing smaller birds and animals,hɔk,名詞(n.)
incumbent,現職,a person who holds a particular office or position,ɪnˈkʌmbənt,名詞(n.)
inferior,劣る，目下の者,not as good as something else,ɪnˈfɪriər,形容詞(adj.)
intermediate,中級の；中間の,between,ˌɪntərˈmidiɪt,形容詞(adj.)
ion,イオン,a charged atom,ˈaɪən,名詞(n.)
kidney,腎臓,an organ in the body that cleans the blood,ˈkɪdni,名詞(n.)
lateral,横の，側面,on the side; moving sideways,ˈlætərəl,形容詞(adj.)
mall,モール,a large shopping center with many individual stores,mɔl,名詞(n.)
maternal,母性の,having to do with being a mother,məˈtɜrnəl,形容詞(adj.)
membrane,膜,a thin covering of tissue.,ˈmɛmˌbreɪn,名詞(n.)
messenger,使者；メッセンジャー,someone who delivers a messages,ˈmɛsənʤər,名詞(n.)
motif,モチーフ,"a distinctive form, shape or figure in a design",moʊˈtif,名詞(n.)
multinational,多国籍の，多国籍企業,involving many countries,ˌmʌlˌtaɪˈnæʃənəl,形容詞(adj.)
mutation,突然変異,a change; in genetics: any event that changes genetic structure,mjuˈteɪʃən,名詞(n.)
niche,ニッチ,"a small area; a specialised business, job or activity",nɪʧ,名詞(n.)
nitrogen,窒素,a colorless chemical element without a smell that forms most of the earth's atmosphere,ˈnaɪtrəʤən,名詞(n.)
node,こぶ；結節,an intersection or junction point in a network; a part on a plant where a new leaf grows,noʊd,名詞(n.)
nominal,名ばかりの,in name or thought but not reality,ˈnɑmənəl,形容詞(adj.)
nucleus,核,control center of a cell,ˈnukliəs,名詞(n.) 複数形(pl.)
numerical,数値,includes numbers,nuˈmɛrəkəl,形容詞(adj.)
nutrient,栄養素,"a chemical, food, that animals and plants need to live, develop, and be healthy",ˈnutriənt,名詞(n.)
offspring,子孫,the child of a person or the young of a plant or animal,ˈɔfˌsprɪŋ,名詞(n.)
onset,開始,the beginning,ˈɑnˌsɛt,名詞(n.)
optimal,最適な,best,ˈɑptəməl,形容詞(adj.)
orient,適応させる；正しい方向に置く,to focus your attention or efforts on something,ˈɔriənt,動詞(verb)
overview,概観,a description of the main features of something,ˈoʊvərˌvju,名詞(n.)
par,等価；平均；額面価格,the usual amount,pɑr,名詞(n.)
paradigm,パラダイム,a set of ideas that are used for understanding or explaining something,ˈpɛrəˌdaɪm,名詞(n.)
parcel,小包,"a package or box wrapped in paper, a thing bigger than a letter that is sent in the mail",ˈpɑrsəl,名詞(n.)
pest,害虫,an unwanted insect or small animal that eats plants or food supplies,pɛst,名詞(n.)
pesticide,農薬,a chemical substance used to kill pests,ˈpɛstəˌsaɪd,名詞(n.)
plantation,農園,"a large area of plants, usually in a hot climate",ˌplænˈteɪʃən,名詞(n.)
plausible,もっともらしい,being reasonable and possibly true,ˈplɔzəbəl,形容詞(adj.)
pragmatic,実用的な,"dealing with problems in a reasonable, practical manner",prægˈmætɪk,形容詞(adj.)
precipitate,沈殿物,to cause to happen,prɪˈsɪpɪtɪt,動詞(verb)
precipitation,降水量,"rain, snow or hail",prɪˌsɪpɪˈteɪʃən,名詞(n.)
qualitative,質的な,"concerning how good something is, rather than quantity",ˈkwɑləˌteɪtɪv,形容詞(adj.)
quantum,量子,the smallest unit or amount of energy,ˈkwɑntəm,名詞(n.)
radar,レーダー,a device that sends out radio waves for finding out the position of another object,ˈreɪˌdɑr,名詞(n.)
replicate,複製する,"to repeat something, such as an experiment, study or process",ˈrɛpləˌkeɪt,動詞(verb)
replication,複製,the act of making copies,ˌrɛpləˈkeɪʃən,名詞(n.)
reservoir,貯水池,"a lake, usually artificial, where water is collected and stored for the use of a community or industry",ˈrɛzəˌvwɑr,名詞(n.)
scripture,聖書,the holy books of a particular religion,ˈskrɪpʧər,名詞(n.)
sediment,堆積物,the material that settles to the bottom of a liquid,ˈsɛdəmənt,名詞(n.)
semantic,意味の,the different meanings of words,sɪˈmæntɪk,形容詞(adj.)
shuttle,シャトル，往復する,a vehicle that carries passengers or items between two places,ˈʃʌtəl,名詞(n.)
singular,単数の；並外れた,one,ˈsɪŋgjələr,形容詞(adj.)
slab,厚板；厚切り,"a thick, flat slice of something",slæb,名詞(n.)
slash,サッと切る；大幅に削減する，切り傷；削減；スラッシュ,to cut violently,slæʃ,名詞(n.)
sniff,匂いを嗅ぐ,to smell by short intakes of air.,snɪf,動詞(verb)
socialize,社交化,to teach people to behave in a way which is acceptable in their culture; to spend time with people,ˈsoʊʃəˌlaɪz,動詞(verb)
static,静的な,being unchangeable or unmovable,ˈstætɪk,形容詞(adj.)
surgical,外科の,concerning surgery,ˈsɜrʤɪkəl,形容詞(adj.)
susceptible,影響を受けやすい,at risk of developing a certain illness or problem,səˈsɛptəbəl,形容詞(adj.)
swap,交換する,to trade or exchange,swɑp,動詞(verb)
synthetic,合成的な,not natural; made from artificial materials,sɪnˈθɛtɪk,形容詞(adj.)
temporal,一時的な,concerning time,ˈtɛmpərəl,形容詞(adj.)
thermal,熱の,with reference to some source of heat,ˈθɜrməl,形容詞(adj.)
tolerance,耐性,"a willingness to let people do, say or believe what they wish, without judging or challenging them",ˈtɑlərəns,名詞(n.)
tract,器官系；土地,a large stretch of land,trækt,名詞(n.)
trivial,ささいな,unimportant,ˈtrɪviəl,形容詞(adj.)
turbulent,乱流,moving violently and unevenly,ˈtɜrbjələnt,形容詞(adj.)
undergraduate,学部生,a college student who is working toward his or her first degree,ˌʌndərˈgræʤəwət,名詞(n.)
unintelligible,理解できない,that cannot be understood,ˌʌnɪnˈtɛləʤəbəl,形容詞(adj.)
urine,尿,yellow liquid waste from the body,ˈjɜrən,名詞(n.)
usage,使用,the way something is used,ˈjusəʤ,名詞(n.)
valve,弁；バルブ,"a device along a pipe that can either open and allow something to flow, or close and block it",vælv,名詞(n.)
vegetation,植生,plants,ˌvɛʤəˈteɪʃən,名詞(n.)
velocity,速度,speed in a given direction,vəˈlɑsəti,名詞(n.)
vocabulary,語彙,the words that a person knows,voʊˈkæbjəˌlɛri,名詞(n.)
wheat,小麦,a kind of grain that is used to make flour for bread,wit,名詞(n.)
whereby,それによって～する,by which; by that thing,wɛrˈbaɪ,副詞(adv)
antiquity,古代；古代に作られたもの,an ancient period; something made a long time ago,ænˈtɪkwəti,名詞(n.)
binary,２つの；２進法の,"having two parts; using only 2 numbers, 1 and 0",ˈbaɪnəri,形容詞(adj.)
chess,チェス,"a game of strategy, for two players",ʧɛs,名詞(n.)
chromosome,染色体,cell structures that carry the genetic material that is copied and passed to the next generation.,ˈkroʊməˌsoʊm,名詞(n.)
contour,輪郭,the shape of the outside edge of something,ˈkɑnˌtʊr,名詞(n.)
coronary,冠状動脈,concerning the heart,ˈkɔrəˌnɛri,形容詞(adj.)
corpus,集成；コーパス；体,a body; in linguistics: a body of words,ˈkɔrpəs,名詞(n.) 複数形(pl.)
deceive,欺く,to make someone believe something that is not true,dɪˈsiv,動詞(verb)
deflection,たわみ,the action of making something move in a different direction,deflection,名詞(n.)
denote,示す,be a name or symbol for,dɪˈnoʊt,動詞(verb)
dialect,方言,a way of speaking a language that is used only in a particular area or by a particular group,ˈdaɪəˌlɛkt,名詞(n.)
discrete,別々の,separate; composed of distinct parts,dɪˈskrit,形容詞(adj.)
encode,暗号化する,to change a message or information into code,ɛnˈkoʊd,動詞(verb)
epidemiology,疫学,the science of how diseases spread,ˌɛpəˌdɛmiˈɑləʤi,名詞(n.)
facet,宝石などの小面,a part of something,ˈfæsət,名詞(n.)
fin,魚のひれ,"the flat, thin body parts of a fish that sticks out and helps guide it through water",fɪn,名詞(n.)
finite,有限の,having limits; lasting for a limited time,ˈfaɪˌnaɪt,形容詞(adj.)
flux,流れ,a state of flow and change,flʌks,名詞(n.)
friction,摩擦,the act of sliding two objects against each other,ˈfrɪkʃən,名詞(n.)
hepatitis,肝炎,"a disease of the liver that causes inflammation, yellow skin and a fever",ˌhɛpəˈtaɪtəs,名詞(n.)
induction,誘導,"bringing about, or causing",ɪnˈdʌkʃən,名詞(n.)
invert,反転する,to turn something upside down,ˈɪnvɜrt,動詞(verb)
irrigation,かんがい,supplying land with water using pipes,ˌɪrəˈgeɪʃən,名詞(n.)
liter,リットル,metric unit for measuring liquid or gas,ˈlitər,名詞(n.)
locus,軌跡,a place or location; in genetics: the location of a gene on a chromosome,ˈloʊkəs,名詞(n.)
mentor,メンター,an experienced or wise person who teaches or helps another person,ˈmɛnˌtɔr,名詞(n.)
mercury,水銀,"a heavy, silver-white metal that is used in thermometers to measure temperature; a planet",ˈmɜrkjəri,名詞(n.)
metabolism,代謝,the chemical processes of the body in which food is converted to energy,məˈtæbəˌlɪzəm,名詞(n.)
mole,ほくろ,a small animal with dark fur that lives under the ground; a unit for measuring molecules,moʊl,名詞(n.)
neuron,ニューロン,a nerve cell; the basic building block of the nervous system.,neuron,名詞(n.)
notation,表記法,a set of written signs or shapes that are used in music or mathematics,noʊˈteɪʃən,名詞(n.)
novice,初心者,"a person with little or no experience in a particular activity, skill, or subject",ˈnɑvəs,名詞(n.)
onwards,前方へ,forward,ˈɑnwərdz,副詞(adv)
oscillation,振動,"movement, from side to side at a steady speed; a frequent change in size, strength, or direction between two limits",ˌɑsəˈleɪʃən,名詞(n.)
partition,分割,"a wall, screen, or piece of glass used to separate one area from another",pɑrˈtɪʃən,名詞(n.)
physiological,生理学的な,concerning how the body functions,ˌfɪziəˈlɑʤɪkəl,形容詞(adj.)
quiz,小テスト，小テストをする,a game in which players answer questions on a specific topic,kwɪz,名詞(n.)
radius,半径,a given area or a range around a certain point; a line from the center of a circle to its edge,ˈreɪdiəs,名詞(n.)
receptor,受容体,a device that receives information; in physiology: a nerve ending that changes stimuli into impulses,riˈsɛptər,名詞(n.)
repertoire,レパートリー,a collection of skills or accomplishments.,ˈrɛpərˌtwɑr,名詞(n.)
respiratory,呼吸器の,to do with breathing,ˈrɛspərəˌtɔri,形容詞(adj.)
scroll,スクロール,a long rolled piece of paper with writing on it; to move up and down a computer screen,skroʊl,名詞(n.)
secrete,隠す；分泌する,to produce a liquid,sɪˈkrit,動詞(verb)
sensory,感覚の,"referring to the five senses (hearing, sight, smell, taste and touch)",ˈsɛnsəri,形容詞(adj.)
solvent,溶剤,something that dissolves or can melt another substance,ˈsɑlvənt,名詞(n.)
sperm,精子,male sex cell,spɜrm,名詞(n.)
syllable,音節,a unit of speech,ˈsɪləbəl,名詞(n.)
terminology,用語,specific words and expressions used in a particular field,ˌtɜrmɪˈnɑləʤi,名詞(n.)
transcribe,～を書き写す,to write something spoken,trænˈskraɪb,動詞(verb)
vector,ベクトル,a quantity that has both size and direction.,ˈvɛktər,名詞(n.)
yeast,イースト,a single-celled fungi used to make bread and beer,jist,名詞(n.)
amino,アミノ酸,a substance that combines to form the structure of proteins,əˈminoʊ,名詞(n.)
artifact,工芸品；人工遺物,"object made by humans, e.g. ancient tool",ˈɑrtəˌfækt,名詞(n.)
bilingual,バイリンガル,being able to speak two languages well,baɪˈlɪŋgwəl,形容詞(adj.)
chemotherapy,化学療法,"the treatment of diseases, such as cancer, using chemicals",ˌkimoʊˈθɛrəpi,名詞(n.)
confound,情況などを混乱させる,"to confuse and greatly surprise someone, so that they are unable to explain a situation",kɑnˈfaʊnd,動詞(verb)
dissection,切開,the act or process of cutting something,daɪˈsɛkʃən,名詞(n.)
dissertation,論文,an in-depth paper submitted for a doctorate degree,ˌdɪsərˈteɪʃən,名詞(n.)
entrant,参加者,a person who enters a contest,ˈɛntrənt,名詞(n.)
fetal,胎児,"concerning a fetus, an unborn baby",ˈfitəl,形容詞(adj.)
gradient,勾配,a measure of how steep something is,ˈgreɪdiənt,名詞(n.)
grammatical,文法の,concerning grammatical rules,grəˈmætəkəl,形容詞(adj.)
infinity,無限,with out end; limitless,ɪnˈfɪnəti,名詞(n.)
innate,生まれつきの,present in a person or animal from the time of birth,ɪˈneɪt,形容詞(adj.)
longitudinal,縦方向の,going from the top to the bottom of something,ˌlɑnʤəˈtudənəl,形容詞(adj.)
marrow,骨髄,"a soft, fatty tissue inside bones",ˈmɛroʊ,名詞(n.)
millimeter,ミリメートル,1/1000th of a meter,ˈmɪləˌmitər,名詞(n.)
morphological,形態学の,the study of form and structure,ˌmɔrfəˈlɑʤɪkəl,形容詞(adj.)
morphology,形態学,"the study of the forms and structures of plants, animals and words",mɔrˈfɑləʤi,名詞(n.)
neural,神経の,about the nerves or nervous system,ˈnʊrəl,形容詞(adj.)
null,無効の,having no impact,nʌl,形容詞(adj.)
optimum,最適な,the best or most desirable,ˈɑptəməm,形容詞(adj.)
phenomenal,驚異的な,"unusual, remarkable",fəˈnɑmənəl,形容詞(adj.)
phosphate,リン酸塩,a salt or compound used to help grown plants,ˈfɑsfeɪt,名詞(n.)
potassium,カリウム,"a common, soft, silvery white metal that is usually used for farming or industrial purposes",pəˈtæsiəm,名詞(n.)
primer,入門書,a book that covers the basics of a subject; a kind of paint,ˈpraɪmər,名詞(n.)
proton,陽子,a very small part of an atom that has a positive electrical charge,ˈproʊˌtɑn,名詞(n.)
soluble,水溶性,"can be mixed with a liquid, e.g. salt is soluble in water",ˈsɑljəbəl,形容詞(adj.)
substrate,基板,a substance which a catalyst or enzyme has an effect on,ˈsʌbˌstreɪt,動詞(verb)
subtract,減算する,"to take away, e.g. 20 - 5 = 15",səbˈtrækt,動詞(verb)
syllabus,概要,the teaching schedule for a course in a school or university,ˈsɪləbəs,名詞(n.)
trajectory,弾道,the path followed by an object moving through space,trəˈʤɛktəri,名詞(n.)
transparency,透明,the amount you can see through something,trænˈspɛrənsi,名詞(n.)
vowel,母音,"a speech sound; a, e , i, o, u and sometimes y",ˈvaʊəl,名詞(n.)
watershed,流域,"a period of time during which important, significant changes take place",ˈwɔtərˌʃɛd,動詞(verb)
algebra,代数学,mathematics using letters and symbols in place of some numbers,ˈælʤəbrə,名詞(n.)
amplitude,振幅,"the breadth, width or largeness of something",ˈæmpləˌtud,名詞(n.)
biodiversity,生物多様性,"the variation in an environment, the number of different types of life found there",ˌbaɪoʊdaɪˈvɜrsəti,名詞(n.)
chloride,塩化物,a chemical compound that is a mixture of chlorine and something else,ˈklɔraɪd,名詞(n.)
circa,約（年号に使われる）,an approximate time period,ˈsɜrkə,名詞(n.)
consonant,一致した,a speech sound; any letter in the alphabet that is not a vowel.,ˈkɑnsənənt,形容詞(adj.)
cortex,皮質,the outer part of an organ or structure,ˈkɔrtɛks,名詞(n.)
inversion,反転,a change in position of things so they become the opposite,ɪnˈvɜrʒən,名詞(n.)
lexical,語彙の,about words,ˈlɛksɪkəl,形容詞(adj.)
multi,多数の,a prefix meaning 'more than one',ˈmʌlti,接頭辞(prefix)
phonological,音韻的な,concerning sound,ˌfoʊnəˈlɑʤɪkəl,形容詞(adj.)
postgraduate,大学院生,graduate studying for a further degree,postgraduate,名詞(n.)
sneeze,くしゃみをする,to loudly blow air out of your nose or mouth in a sudden uncontrolled way,sniz,動詞(verb)
syntactic,構文,grammatical,syntactic,形容詞(adj.)
syntax,構文,"the study of a system, such as the system of words in a sentence",ˈsɪnˌtæks,名詞(n.)
theorem,定理,a statement that can be proved,ˈθɪrəm,名詞(n.)
aerosol,エアロゾル,a container that sprays liquid under pressure,ˈɛrəˌsɑl,名詞(n.)
axiom,公理,a statement that is accepted as true,ˈæksiəm,名詞(n.)
calculus,結石；微積分（数学）,a type of mathematics used for calculating such things as the slopes of curves,ˈkælkjələs,名詞(n.)
capillary,毛細血管,very small blood vessels,ˈkæpəˌlɛri,名詞(n.)
comma,コンマ,mark showing a pause or list in a sentence,ˈkɑmə,名詞(n.)
congruent,合同の,having the same shape and size,congruent,形容詞(adj.)
denominator,分母,the bottom number in a fraction,dɪˈnɑməˌneɪtər,名詞(n.)
equivalence,同価値,when something is equal to something else,ɪˈkwɪvələns,名詞(n.)
exponential,指数の,a constant e raised to a power equal to a given expression: e.g. e3x is the exponential of 3x.,ˌɛkspoʊˈnɛnʧəl,形容詞(adj.)
helix,螺旋,a 3D spiral shape,ˈhilɪks,名詞(n.)
herbicide,除草剤,a poison that kills weeds,ˈhɜrbɪˌsaɪd,名詞(n.)
semi,半；準,a prefix meaning 'half',ˈsɛmi,接頭辞(prefix)
splice,接合,act of connecting two pieces of rope or wire into one,splaɪs,名詞(n.)
connotation,含蓄,an association; an implication,ˌkɑnəˈteɪʃən,名詞(n.)
descriptor,記述語；記述子,a label; something that describes,descriptor,名詞(n.)
oxidize,酸化,to convert (an element) into an oxide; combine with oxygen - to rust,ˈɑksəˌdaɪz,動詞(verb)
parenthesis,括弧,"one of two symbols ( and ), used in writing",pəˈrɛnθəsɪs,名詞(n.)
semester,学期,half a year in school or college,səˈmɛstər,名詞(n.)
trans,トランス,"a prefix meaning 'across', 'through' or 'changing thoroughly'",trænz,接頭辞(prefix)
volition,意志選択行為,the act of making a conscious choice,voʊˈlɪʃən,名詞(n.)
factorial,要因の；階乗の,concerning factors or factorials,factorial,形容詞(adj.)
solute,溶質,"a substance that has dissolved in a solvent and become part of the liquid, so that they form a solution",solute,形容詞(adj.)
mid,中央の,at (or near) the middle point,mɪd,形容詞(adj.)
airplane,飛行機,a machine that flies through the air,ˈɛrˌpleɪn,名詞(n.)
artwork,作品,photographs or pictures in a printed publication,ˈɑrˌtwɜrk,名詞(n.)
breakdown,故障；破壊,when normal activity or behaviour stops,ˈbreɪkˌdaʊn,名詞(n.)
classroom,教室,room in a school where lessons take place,ˈklæsˌrum,名詞(n.)
feedback,フィードバック,a response to a message; information about a person's behavior,ˈfidˌbæk,名詞(n.)
footnote,脚注,extra information at the bottom of a page,ˈfʊtˌnoʊt,名詞(n.)
halfway,中間で；途中で,a middle point between two extremes,ˈhæˈfweɪ,副詞(adv)
handout,配布資料,"a piece of paper with information, often given out before a presentation",ˈhænˌdaʊt,名詞(n.)
homework,宿題,work that a student is given to do at home,ˈhoʊmˌwɜrk,名詞(n.)
layout,レイアウト；設計,"plan or design of something, e.g. of book page",ˈleɪˌaʊt,名詞(n.)
lifestyle,ライフスタイル；生活様式,the type of life that you have,ˈlaɪfˌstaɪl,名詞(n.)
lifetime,生涯,the time between birth and death,ˈlaɪfˌtaɪm,名詞(n.)
pathway,経路,a path or way that you can walk,ˈpæˌθweɪ,名詞(n.)
rainfall,降雨,water falling from the sky,ˈreɪnˌfɔl,名詞(n.)
textbook,教科書,a book that is used to study,ˈtɛkstˌbʊk,名詞(n.)
uplift,元気付ける,to make someone feel happier or more hopeful,ˈʌplɪft,名詞(n.)
wavelength,波長,the size of a wave; a shared understanding,ˈweɪˌvlɛŋθ,名詞(n.)
widespread,広く行き渡っている,happening or existing in many places; affecting many people,ˈwaɪdˈsprɛd,形容詞(adj.)
workshop,作業場；研修会,a brief intensive course for a small group; emphasizes problem solving,ˈwɜrkˌʃɑp,名詞(n.)
anti,アンチ,a prefix meaning 'against' or 'opposed',ˈænti,接頭辞(prefix)
ex,元,"a prefix meaning ""out of,"" ""from,"" or ""not""",ɛks,接頭辞(prefix)
micro,マイクロ,"a prefix meaning 'very small', such as microchip",ˈmaɪˌkroʊ,名詞(n.)
neo,ネオ,a prefix meaning 'recent' or 'new',ˈnioʊ,名詞(n.)
non,～でない,a prefix meaning 'not',nɑn,接頭辞(prefix)
pi,パイ,the ratio of the circumference to the diameter of a circle; approximately equal to 3.14,paɪ,名詞(n.)
pole,極,"a long, narrow piece of metal or wood, that is used to hold or support something",poʊl,名詞(n.)
pre,前,a prefix meaning 'before',pri,接頭辞(prefix)
sub,サブ,a prefix meaning 'under' or 'instead of',sʌb,接頭辞(prefix)
super,超；最高の,of the highest quality; great; marvelous,ˈsupər,形容詞(adj.)
headquarter,本社,the main office of a company or organisation,ˈhɛdˌkwɔrtər,名詞(n.)
identical,同一の,the same in every way,aɪˈdɛntɪkəl,形容詞(adj.)
descendent,下降する；(先祖)伝来の; 世襲の；派生した,,dɪˈsɛndənt,形容詞(adj.)