TSL Word,Japanese Translate,Pronunciation(IPA),Explanation,TSL Definition
acceptance,受け入れ,ækˈsɛptəns,,state of being okay with something or someone
actress,女優,ˈæktrəs,,a female actor
additionally,さらに,əˈdɪʃənəli,,"furthermore, also"
advertiser,広告主,ˈædvərˌtaɪzər,,someone who is selling something through media
affordable,手頃な価格,əˈfɔrdəbəl,,"not expensive, one is able to pay easily"
afterward,その後,ˈæftərwərd,,after an event or action
anyhow,どうせ,ˈɛniˌhaʊ,anywayに同じ,"anyway, besides"
anytime,どんなときも,ˈɛniˌtaɪm,,"at a time you choose, it's not important when"
artistic,芸術的,ɑrˈtɪstɪk,,"to be creative, good at art"
baggage,荷物,ˈbægəʤ,,travel bags
banker,銀行家；胴元,ˈbæŋkər,,someone who works for the bank
beginner,初心者,bɪˈgɪnər,,to be new at something
booklet,冊子,ˈbʊklɪt,,"a small book, leaflet, or brochure"
born,生まれ,bɔrn,,brought to life
bye,さよなら,baɪ,,opposite of 'hello'
caller,呼び出し側,ˈkɔlər,,the person that is phoning you
careless,不注意な,ˈkɛrləs,,to do something with little care or attention
carrier,運搬人；運送業者；使者,ˈkæriər,,a person or thing that carries something
cleaner,掃除をする人,ˈklinər,,someone who cleans  for a living
cleanliness,清潔,ˈklɛnlinɪs,,"state of being not dirty, clean"
collector,収集者；集金人,kəˈlɛktər,,someone who buys and keeps old things
colorful,色彩に富んだ；華やかな,ˈkʌlərfəl,,having many different colors
comfortably,楽に,ˈkʌmfərtəbli,,to do something easily
completion,完了,kəmˈpliʃən,,"the end, the finishing point"
cooler,冷却器；冷たい清涼飲料,ˈkulər,,a box (filled with ice) that keeps drinks cold
costly,高価な,ˈkɑstli,,"to be expensive, to be of a high price"
dealership,販売権；販売代理店,ˈdilərˌʃɪp,,a business that can buy and sell certain things
definite,"明確な, はっきりとした; 正確な",ˈdɛfənət,,"for certain, exact"
delicious,おいしい,dɪˈlɪʃəs,,to taste good
dependable,信頼できる；頼みになる,dɪˈpɛndəbəl,,"reliable, trustworthy"
dislike,嫌い,dɪˈslaɪk,,"to not like, hate"
enjoyable,楽しい,ɛnˈʤɔɪəbəl,,"not boring, fun"
explanatory,説明的,ɪkˈsplænəˌtɔri,,to explain or make clear
finalize,完成させる；終了させる,ˈfaɪnəˌlaɪz,,to make final
fitness,適合；健康,ˈfɪtnəs,,the state of being healthy
flyer,チラシ,ˈflaɪər,,"brochure, leaflet"
fortunately,幸運なことに,ˈfɔrʧənətli,,"happily, luckily"
gardener,植木屋,ˈgɑrdənər,,a person who works with plants and flowers for a living
generalization,一般化,ˌʤɛnərəlɪˈzeɪʃən,,an idea that is true most of the time but not all of the time
heater,発熱器；ヒーター,ˈhitər,,something that warms a room
homeless,ホームレス,ˈhoʊmləs,,to be without a place to live
honestly,正直,ˈɑnəstli,,"really, truly"
hourly,毎時,ˈaʊrli,,happens every 60 minutes
hungry,空腹の,ˈhʌŋgri,,"in need of food, needing to eat"
icy,氷の；氷のような；氷の張った；冷淡な,ˈaɪsi,,made of ice
incomplete,不完全な,ɪnkəmˈplit,,not yet finished
indoor,屋内,ˈɪnˌdɔr,,inside a house or building
inexpensive,安価な,ˌɪnɪkˈspɛnsɪv,,having a low price; cheap
inexperience,未経験,ˌɪnɪkˈspɪriəns,,to not have much practice with something
internet,インターネット,ˈɪntərˌnɛt,,"the information highway, the worldwide web"
lately,近頃,ˈleɪtli,,recently
locally,場所の上から；局所的に,ˈloʊkəli,,in a specific area
loudly,大声で,ˈlaʊdli,,in a manner that is not quiet
machinery,機械,məˈʃinəri,,"tools, equipment"
managerial,経営者の,ˌmænɪˈʤɪriəl,,to do with management or supervision
meaningful,重要,ˈminɪŋfəl,,to have a meaning or purpose
mileage,総マイル数；走行距離,ˈmaɪləʤ,,distance travelled in miles
mislead,誤解,mɪsˈlid,,to lead someone in the wrong direction or give someone wrong directions
mister,さん；だんな；あなた,ˈmɪstər,,a form of address for a man
nationwide,全国の,ˈneɪʃənˈwaɪd,,all across the country
neat,すっきり,nit,,"tidy, clean"
noisy,うるさい,ˈnɔɪzi,,too loud
outdoor,アウトドア,ˈaʊtˌdɔr,,outside in the open air
painter,画家,ˈpeɪntər,,an artist who paints
partial,部分的,ˈpɑrʃəl,,to be a part of something whole
partially,部分的に,ˈpɑrʃəli,,In part; in some degree; not wholly
payable,支払う必要のある；支払い可能な；支払われる,ˈpeɪəbəl,,an amount of money due
photographer,写真家,fəˈtɑgrəfər,,someone who takes pictures for a living
photography,写真術,fəˈtɑgrəfi,,the art of taking pictures
placement,配置,ˈpleɪsmənt,,the act of placing someone in a job or the location of something
planner,プランナー,ˈplænər,,a person who makes plans
poorly,不完全に,ˈpurli,,Badly; not enough; not sufficient
postage,送料,ˈpoʊstəʤ,,the charge for mailing something
postal,"郵便(局)の, 郵便による",ˈpoʊstəl,,of or relating to the system for delivering mail
pottery,陶器,ˈpɑtəri,,"earthenware, stoneware, ceramics"
presenter,発表者；賞の授与を行う人；司会者,ˈprɛzəntər,,a person who shows and explains something to an audience
probable,ありそう,ˈprɑbəbəl,,"possible, but not certain to be or become true or real"
programmer,プログラマー,ˈproʊˌgræmər,,a person who designs and writes and tests computer programs
protective,"保護する, 防護用の",prəˈtɛktɪv,,to want to keep safe
quarterly,季刊,ˈkwɔrtərli,,every 4 months
rainy,雨の,ˈreɪni,,"water from the clouds, wet or showery"
realistic,現実的,ˌriəˈlɪstɪk,,to be reasonable or be close to real life
reconsider,考え直す,ˌrikənˈsɪdər,,to think something over again
renew,更新する；再開する,rɪˈnu,,to make something new again
renewal,更新；再開；書き換え,rɪˈnuəl,,the act of making something new again
rental,賃貸料；賃貸のできる,ˈrɛntəl,,the act of paying for the use of something (as an apartment or house or car)
reopen,再開する,riˈoʊpən,,to open again
rewrite,書き直す；改正する,riˈraɪt,,to write again differently
rider,乗る人；添書き；付加条件,ˈraɪdər,,someone who uses an animal or a bicycle or motorcycle for transport
rose,バラ；バラ色,roʊz,,a red flower used to show love
runner,走る人；運び屋；逃亡者,ˈrʌnər,,someone who travels on foot by running
safely,安全に,ˈseɪfli,,in a way that is not dangerous
seller,売り手,ˈsɛlər,,someone who promotes or exchanges goods or services for money
sender,送信者,ˈsɛndər,,someone who transmits a message
shipment,出荷,ˈʃɪpmənt,,"delivery of goods, e.g. carried by a large vehicle"
shopper,消費者,ˈʃɑpər,,someone who buys things in a store
shortage,不足,ˈʃɔrtəʤ,,a lack of something
shorten,短くする；減じる；弱める,ˈʃɔrtən,,to make smaller in length
simplify,簡素化する,ˈsɪmpləˌfaɪ,,make easier to understand
sleepy,眠い；眠そうな；活気のない,ˈslipi,,"tired, ready for bed"
snowy,"雪に覆われた, 雪の降る,雪のように白い",ˈsnoʊi,,cold weather with snow falling
sometime,いつか,ˈsʌmˌtaɪm,,at some unknown point in time
spacious,広々とした,ˈspeɪʃəs,,lots of room or space
specially,特別,ˈspɛʃəli,,in particular
specialty,専門,ˈspɛʃəlti,,something you are very good at
sticker,ステッカー；粘り強い人；突く人；難問,ˈstɪkər,,a label with glue on the back
sunny,日のよく照る；日のよく当たる；明るい,ˈsʌni,,a day with no clouds or rain just sunshine
sunshine,日光,ˈsʌnˌʃaɪn,,the warmth and light of the sun
tablecloth,テーブルクロス,ˈteɪbəlˌklɔθ,,a cover for a table
taker,受け手,ˈteɪkər,,someone who does not give but only takes
tasty,おいしい,ˈteɪsti,,delicious
thirsty,喉が渇いた,ˈθɜrsti,,in need of water
timely,タイミングの良い,ˈtaɪmli,,to happen at the right time or good time
timer,タイマー,ˈtaɪmər,,something that counts seconds and minutes
trainee,研修生,ˈtreɪˈni,,someone who is learning on the job
trainer,トレーナー,ˈtreɪnər,,one who teaches a person or animal to do something
traveler,旅行者,ˈtrævələr,,a tourist or adventurer who visits many countries
uncomfortable,不快な,ənˈkʌmfərtəbəl,,not pleased or happy with a situation or thing
unemployed,失業者,ˌʌnɛmˈplɔɪd,,having no job
unexpected,予想外,ˌʌnɪkˈspɛktɪd,,to be a surprise
unhappy,不幸,ənˈhæpi,,feeling little or no joy
unload,降ろす；売り払う；(カメラ・銃)から弾丸やフィルムを抜く,ənˈloʊd,,to remove something (usually from a truck)
unnecessary,不要,ənˈnɛsəˌsɛri,,not needed
unpaid,未払い,ənˈpeɪd,,working for no money
unreal,非現実的な,ənˈril,,not true to life
unsure,"確信がない, 不確かな; 信頼できない.",ənˈʃʊr,,not certain or sure
unused,未使用,ənˈjuzd,,not yet put into use
unusually,異常,ənˈjuʒˌuəli,,not normal or usual
whoever,誰でも,huˈɛvər,,anyone who
willingness,意欲,ˈwɪlɪŋnəs,,being happy to do something
windy,風の強い；強い風の吹く；中身のない; 大げさな.,ˈwɪndi,,weather that is stormy or gusty
yearly,毎年,ˈjɪrli,,happening every 12 months
accent,特徴的な発音；なまり；強勢；強調点；強調する,ˈæksɛnt,,special manner of oral expression
accessible,入手できる；手が届く；行ける,ækˈsɛsəbəl,,"available, easy to reach"
accordingly,それに応じて,əˈkɔrdɪŋli,,"therefore, so"
actively,積極的に,ˈæktɪvli,,in a way that takes effort and action
adapter,アダプタ；脚色家,əˈdæptər,,something that connects to something to make it usable
advisable,お勧め,ədˈvaɪzəbəl,,"something one should do, or is good to do"
advisor,顧問,ædˈvaɪzər,,someone who gives an opinion on what to do
advisory,顧問,ædˈvaɪzəri,,related to giving advice or an opinion on what to do
amuse,楽しませます,əmˈjuz,,to entertain
announcer,アナウンサー,əˈnaʊnsər,,someone who gives a message publicly
annoy,いらいらさせます,əˈnɔɪ,,to bother or irritate
apple,林檎,ˈæpəl,,"a type of fruit from trees that is green, red, or yellow"
appreciation,感謝,əˌpriʃiˈeɪʃən,,to show thanks for something or someone
asleep,眠っています,əˈslip,,"not awake, in sleep"
assurance,保証,əˈʃʊrəns,,certainty or full confidence
attendant,係員,əˈtɛndənt,,someone who waits on or tends to the needs of another
attendee,出席者,əˈtɛnˈdi,,someone present (at a meeting or event)
authority,権限,əˈθɔrəti,,the power to give orders and make decisions
automatic,自動の；無意識の,ˌɔtəˈmætɪk,,done without thinking
availability,可用性,əˌveɪləˈbɪləti,,Being present and able to be used
bake,焼く,beɪk,,to cook things inside the oven
baker,焼く人；パン職人；小型オーブン,ˈbeɪkər,,someone who bakes for a living
bakery,製パン所；パン屋,ˈbeɪkəri,,a place where baked goods (breads and cakes and pastries) are made and sold
basket,かご；バスケット；集まり,ˈbæskət,,a container made of pieces of wood
battery,電池,ˈbætəri,,something that produces electric energy
bean,豆,bin,,a long thin green vegetable
blanket,毛布,ˈblæŋkət,,a large piece of cloth used to cover someone or something
brake,制動器；抑制；ブレーキをかける,breɪk,,to stop a vehicle by pressing a pedal
broaden,広げる,ˈbrɔdən,,to widen
bug,虫；熱中；欠陥；悩ます,bʌg,,an insect
butter,バター；おべっか,ˈbʌtər,,"a kind of soft spread for bread, made from cow's milk"
cage,かご；おり；収容所；カゴに入れておく,keɪʤ,,a box-like crate usually made of steel
calculation,計算,ˌkælkjəˈleɪʃən,,"to add, subtract, multiply, divide etc. "
calculator,電卓,ˈkælkjəˌleɪtər,,a device that does math for you
captain,キャプテン,ˈkæptən,,the person in charge of a ship or airplane
cart,カート；手押し車；運ぶ；移動させる,kɑrt,,a wagon or truck used to for transport
casual,無頓着の；普段着の；臨時の；偶然の,ˈkæʒəwəl,,"uncertain, unplanned"
ceiling,天井,ˈsilɪŋ,,the thing that covers the room up high
centimeter,センチメートル,ˈsɛntəˌmitər,,"a form of measurement,  e.g. there are 100 cm in a meter"
cheer,歓声,ʧɪr,,"to cheer on, shout encouragement"
clip,切りそろえる；切り抜く；切り抜き,klɪp,,"to cut short, snip"
cloth,布,klɔθ,,a piece of thin material
cloudy,曇った；陰気な,ˈklaʊdi,,weather where the sky is filled with clouds
clue,手がかり,klu,,"a hint, a tip"
commerce,商業,ˈkɑmərs,,"trade, business, industry "
commonly,一般に,ˈkɑmənli,,"frequently, usually"
complication,複雑,ˌkɑmpləˈkeɪʃən,,the act of making something more difficult
conditioner,柔軟剤；調整する人；ヘアコンディショナー,kənˈdɪʃənər,,shampoo-like substance used after washing hair
container,容器,kənˈteɪnər,,something that holds things
contractor,請負人,ˈkɑnˌtræktər,,a builder
copier,コピー機,ˈkɑpiər,,a machine that makes paper copies
correction,補正,kəˈrɛkʃən,,the act of making something right
correctly,正しく；適切に；正確には,kəˈrɛktli,,to do something the right way
creativity,創造性,ˌkrieɪˈtɪvəti,,the state of having talent and imagination
deck,甲板；床；飾られる,dɛk,,like a patio or terrace
decorate,飾る,ˈdɛkəˌreɪt,,"make more attractive by adding ornament, colour, etc."
decoration,飾り；装飾品；装飾,ˌdɛkəˈreɪʃən,,the act of decorating something (in the hope of making it more attractive)
departmental,部門,dɪˌpɑrtˈmɛnəl,,to do with a specific area or unit in an organization
desirable,望ましい,dɪˈzaɪrəbəl,,worth having or wanting
desperate,やけくその,ˈdɛsprɪt,,to be in urgent need of something
developer,開発者,dɪˈvɛləpər,,someone who designs and builds properties
dine,食事をする；正餐をとる；ごちそうする.,daɪn,,have supper; eat dinner
diner,安レストラン；食事をする人,ˈdaɪnər,,"a small, informal restaurant"
directory,人名簿；住所録；登録簿；管理の,dəˈrɛktəri,,an alphabetical list of names and addresses
disappointment,失望,ˌdɪsəˈpɔɪntmənt,,what is felt when someone does not fulfill your expectations
disgust,嫌悪,dɪsˈgʌst,,strong feelings of dislike
dive,飛び込む,daɪv,,jump in or swim under water
drawer,引き出し,drɔr,,a sliding compartment you keep things in
drum,太鼓；太鼓を叩く；たたく,drʌm,,a musical instrument you hit with wooden sticks
economical,経済,ˌɛkəˈnɑmɪkəl,,of good value
economically,経済的に,ˌɛkəˈnɑmɪkli,,related to use of income and money
economist,経済学者,ɪˈkɑnəmɪst,,an expert in the science of economics
economize,節約する,ɪˈkɑnəˌmaɪz,,"to save money, avoid waste"
editorial,社説,ˌɛdəˈtɔriəl,,a newspaper article written by the editor
electrical,電気,ɪˈlɛktrɪkəl,,to do with electricity
electrician,電気工,ɪlɛkˈtrɪʃən,,a person who installs or repairs electrical or telephone lines
elephant,象,ˈɛləfənt,,a large animal with a long trunk and big ears found in Africa and Asia
energetic,精力的な；活発な；意欲的な,ˌɛnərˈʤɛtɪk,,"to be lively, full of energy"
engagement,婚約；約束,ɛnˈgeɪʤmənt,,the act of participating in something
environmentally,環境保護の面から；環境保護の観点から言えば,ɪnˌvaɪrənˈmɛntəli,,related to natural surroundings
equip,"備え付ける, 装備する",ɪˈkwɪp,,provide with abilities or tools
excellence,優秀,ˈɛksələns,,"the state of being very, very good"
familiarity,親しみやすさ,fəˌmɪlˈjɛrəti,,"the state of being used to, or comfortable with something"
familiarize,慣れさせる；普及させる,fəˈmɪljəˌraɪz,,to get to know better
faulty,不完全,ˈfɔlti,,"broken, not perfect"
favorable,好ましい,ˈfeɪvərəbəl,,to be seen as good or positive
frustrate,イライラさせる；失敗する；挫折する,ˈfrʌˌstreɪt,,to upset someone
fry,稚魚,fraɪ,,to cook in a pan
garage,車庫；修理工場；車庫に入れる,gəˈrɑʒ,,a place where you keep your car
grocery,食料品,ˈgroʊsəri,,a place that sells food items
guidance,案内；指導；手引き,ˈgaɪdəns,,the act of showing the way
handy,扱いやすい；便利な；すぐ手が届く,ˈhændi,,useful
harmful,有害,ˈhɑrmfəl,,"damaging, hurtful"
hesitation,躊躇,ˌhɛzəˈteɪʃən,,the act of pausing uncertainly
hobby,趣味,ˈhɑbi,,something you do in your spare time for fun
identification,識別,aɪˌdɛntəfəˈkeɪʃən,,"a document that shows who a person is,  e.g. passport, driver's licence"
indicator,指示する人；尺度；表示計器,ˈɪndəˌkeɪtər,,a signal or a warning
individually,個々に,ˌɪndɪˈvɪʤuəli,,apart from others
influential,影響力の強い；有力な,ˌɪnfluˈɛnʧəl,,powerful
inspect,調べる；検査する；検閲する；視察する,ɪnˈspɛkt,,look over carefully
inspection,立入検査；視察；監査；調査,ɪnˈspɛkʃən,,a formal or official examination of something
inspector,調査官；検査官；警視正,ɪnˈspɛktər,,a high ranking police officer
instruct,指示を与える；命じる；教える,ɪnˈstrʌkt,,to teach
instructor,指導者；先生；専任講師,ɪnˈstrʌktər,,someon who teaches for a living
intently,"一心に, 熱心に",ɪnˈtɛntli,,concentrate closely
interrupt,割り込み,ˌɪntəˈrʌpt,,to stop something or someone in the middle of something
introductory,入門,ˌɪntrəˈdʌktəri,,"something that comes before the main event, e.g. introductory speech"
invaluable,貴重な,ɪnˈvæljəbəl,,to be of great worth
irregular,不定期,ɪˈrɛgjələr,,occuring at unexpected times
jam,混雑する,ʤæm,,push down hard
jeans,ジーンズ,ʤinz,,pants made from denim
juice,ジュース,ʤus,,the natural liquid from a plant or fruit
junior,後輩の；経験の浅い；若い方の；年少者,ˈʤunjər,,"younger, lower in rank"
kilometer,キロメートル,kəˈlɑmətər,,a metric unit of length equal to 1000 meters
knowledgeable,精通している；熟知した；博識な,ˈnɑləʤəbəl,,to know much about a topic
lab,実験室；研究所,læb,,where you do experiments
lamp,街灯；電気スタンド,læmp,,an artificial source of light
lane,小道；路地；車線,leɪn,,a narrow road
lawn,芝生,lɔn,,the grassy area in your garden
lengthy,長い,ˈlɛŋθi,,long in time or size
librarian,司書,laɪˈbrɛriən,,a person who works with books in a library
lighter,火をつける人；ライター,ˈlaɪtər,,not as heavy as
lightweight,軽量,ˈlaɪˈtweɪt,,someone or something that is not heavy
mask,覆面；仮面；表情；見せかけ,mæsk,,something that covers your face
memorize,暗記,ˈmɛməˌraɪz,,to learn and remember things
microwave,マイクロ波,ˈmaɪkrəˌweɪv,,kitchen appliance that cooks food quickly
mower,芝刈り機,ˈmoʊər,,machine used to cut grass
nail,くぎ；びょう；爪,neɪl,,"a long, thin piece of metal used to hold pieces of wood together banged in with a hammer"
occurrence,発生,əˈkɜrəns,,something that happens
officially,正式に,əˈfɪʃəli,,done by the government or office in charge
operational,使用できて；機能して；作戦上の；操作上の,ˌɑpəˈreɪʃənəl,,in working order
optional,自分で選べる；随意の,ˈɑpʃənəl,,"a choice, something you do not have to do"
organizational,組織,ˌɔrgənəˈzeɪʃənəl,,to do with planning and managing
organizer,主催者,ˈɔrgəˌnaɪzər,,someone who plans things for a living
oven,オーブン；天火；かまど；炉,ˈʌvən,,kitchen appliance used for baking or roasting
pan,鍋；酷評；酷評される,pæn,,"a flat, round cooking container used for frying"
performer,役者；芸人；遂行する人；選手,pərˈfɔrmər,,an entertainer  like an actor or a singer
periodical,定期刊行物,ˌpɪriˈɑdɪkəl,,a magazine made and available on a regular basis
periodically,定期的に,ˌpiriˈɑdɪkəli,,"every so often, at regular times"
pet,愛玩動物；大好きな；お気に入りの；支持している,pɛt,,an animal you keep in the house to play with
pie,パイ；総額；簡単な仕事；楽勝,paɪ,,"round, covered pastrywith a filling like cherry or apple "
plug,プラグ；売り込み；栓をする；つなぐ；差し込む；一生懸命働く；,plʌg,,to fill in a hole
polish,研磨,ˈpɑlɪʃ,,to make something shine with a cloth
polite,丁寧,pəˈlaɪt,,being kind to others
pollute,汚染,pəˈlut,,to make the environment dirty
popularity,人気,ˌpɑpjəˈlɛrəti,,the state of being liked by many people
productive,生産,prəˈdʌktɪv,,"useful or worthwhile, e.g. a productive meeting"
productivity,生産性,ˌproʊdəkˈtɪvəti,,the amount of work done
professionally,専門的に,prəˈfɛʃənəli,,to do with your work or job
projection,投影,prəˈʤɛkʃən,,"a guess about future events, e.g. sales or income"
provider,プロバイダ；供給者,prəˈvaɪdər,,"someone who takes care of others with money, food, home"
purchaser,購入者,ˈpɜrʧəsər,,someone who buys things; buyer
quit,終了する,kwɪt,,to stop doing something
ray,光線；熱線,reɪ,,a beam of light from the sun
rearrange, 〈物〉を並べ換える；〈会議など〉の予定を組み直す.,ˌriəˈreɪnʤ,,to put into a new order
reassure,安心させる；元気付ける,ˌriəˈʃʊr,,to make someone feel certain of something
recipe,調理法；原因；秘訣,ˈrɛsəpi,,directions for baking or cooking something
redecorate,改装,riˈdɛkəˌreɪt,,to redo the inside of a house with new colors and furniture
referral,照会,rɪˈfɜrəl,,the recommendation of someone or something
refrigerator,冷蔵庫,rəˈfrɪʤəˌreɪtər,,an electric box that cools food
relaxation,くつろぎ,ˌrilækˈseɪʃən,,the act of resting
reliability,確実,riˌlaɪəˈbɪləti,,the state of being trustworthy
relocate,再配置する；新しい場所に移す[移る],riˈloʊkeɪt,,to move to a new location
relocation,移転,riˈloʊˈkeɪʃən,,the act of moving something to a new location
reminder,思い出させるもの；通知；督促状,riˈmaɪndər,,something that makes you remember something
removal,除去,rɪˈmuvəl,,to take away and put in another place
repeatedly,何度も；繰り返して,rɪˈpitɪdli,,many times
repetition,繰り返すこと；反復；暗唱；再発,ˌrɛpəˈtɪʃən,,to do something over and over again
replacement,置換,rɪˈpleɪsmənt,,to put something/someone in place of something/someone else
reschedule,再スケジュール,riˈskɛʤul,,to set a new time for something
reservation,予約,ˌrɛzərˈveɪʃən,,"to put something on hold for use later, e.g. car, hotel room"
salad,サラダ,ˈsæləd,,food made of mainly leaves or lettuce and vegetables
sandwich,サンドイッチ,ˈsændwɪʧ,,"two pieces of bread with a filling inside, e.g. meat or jam"
scenery,風景,ˈsinəri,,the view of natural surroundings
seasonal,季節的,ˈsizənəl,,happening at a certain time of the year only
seeker,探し求める人；探求者,ˈsikər,,someone looking for something
separately,別々に,ˈsɛpərətli,,"to do things one at a time, not together"
sew,縫う,soʊ,,to use a needle and thread
similarity,相似,ˌsɪməˈlɛrəti,,the state of being almost the same
smoothly,なめらかに,ˈsmuðli,,to do something easily with no trouble
sock,靴下,sɑk,,something you wear on your foot to keep you warm
soup,スープ,sup,,"a liquid meal, usually hot"
specification,仕様,ˌspɛsɪfɪˈkeɪʃən,,a special detail or necessity for something
spray,噴射,spreɪ,,to send tiny drops of liquid into the air
steadily,どんどん,ˈstɛdəli,,in a slow and even manner
steak,ステーキ,steɪk,,a big piece of meat or fish
suspicious,疑わしい,səˈspɪʃəs,,the feeling that something is not right
tech,工科大学；技術；技術者；技術系の,tɛk,,short form of the word 'technology'
tempt,誘惑する；惹きつける,tɛmpt,,to try to get someone to do something they should not
tomato,トマト,təˈmeɪˌtoʊ,,"a round red fruit, usually thought of as a vegetable"
toner,トナー；化粧品の一種,ˈtoʊnər,,the ink in the computer or printer
towel,タオル,ˈtaʊəl,,a big cloth used for drying after a shower or swim
traditionally,伝統的に,trəˈdɪʃənəli,,to do things the way they used to be done
tray,盆；盛り皿,treɪ,,"a flat plate used to carry things, usually coffee or tea"
unattended,無人,ənəˈtɛndɪd,,when someone or something is not being watched
unavailable,無効,ˌʌnəˈveɪləbəl,,not ready for use
unfamiliar,見知らぬ,ˌʌnfəˈmɪljər,,not well known
unlimited,無制限,ənˈlɪmətəd,,without end
unpleasant,不快,ənˈplɛzənt,,"not nice, not comfortable"
unplug,電源を抜く；栓を抜く；プラグを抜く,ənˈplʌg,,to pull out an electrical cord from its socket
unreliable,不確実,ˌʌnrɪˈlaɪəbəl,,not trustworthy
wisely,賢く,ˈwaɪzli,,to do something that is the right thing to do
wool,羊毛；毛糸,wʊl,,the fur of sheep
absorb,吸収する,əbˈzɔrb,,to take in or soak up
accommodate,収容できる；定員である；順応する,əˈkɑməˌdeɪt,,to give something that is needed
accomplishment,完成,əˈkɑmplɪʃmənt,,something you achieve
accumulate,累積,əˈkjumjəˌleɪt,,"to slowly get more and more of something, e.g. wealth"
accuracy,正確さ,ˈækjərəsi,,the state of being exact and correct
accurately,正しく,ˈækjərətli,,when something is done correctly
administrative,行政の,ədˈmɪnəˌstreɪtɪv,,to do with the management of an office
administrator,管理者,ədˈmɪnəˌstreɪtər,,the person who manages an office
admission,入場,ædˈmɪʃən,,entrance into something
affirmative,肯定的な,əˈfɜrmətɪv,,"positive, meaning 'yes'"
alert,警報,əˈlɜrt,,"wide awake, aware"
allocate,割り当てる,ˈæləˌkeɪt,,to assign (usually people or money) to something
alternatively,或いは,ɔlˈtɜrnətɪvli,,another option
annually,毎年,ˈænjuəli,,every 12 months
apology,謝罪,əˈpɑləʤi,,saying you are sorry for something
approximate,近似,əˈprɑksəmət,,to give a general number as a guess
architect,建築家,ˈɑrkəˌtɛkt,,someone who designs buildings
architectural,建築,ˌɑrkəˈtɛkʧərəl,,to do with the design of buildings
aspect,側面,ˈæˌspɛkt,,a part or a feature
assemble,組み立てる,əˈsɛmbəl,,to gather people together
assembly,議会；立法府；集会；組み立てキット,əˈsɛmbli,,when people are gathered together
assignment,割り当て,əˈsaɪnmənt,,a project or task
athletic,運動の好きな；運動選手の,æˈθlɛtɪk,,to do with sports
audit,監査,ˈɔdɪt,,"to check something is correct, usually related to accounts in business"
auditor,監査役,ˈɔdɪtər,,a person who checks to make sure things are correct
authorization,認定,ˌɔθərəˈzeɪʃən,,the permission given to do something
authorize,権威を与える；正式に許可する,ˈɔθəˌraɪz,,to give permission for something
bacteria,細菌,bækˈtɪriə,,small microbes that often make you sick
bargain,格安品；掘り出し物；契約,ˈbɑrgən,,"a good deal, a good price"
bench,長いす；裁判官；作業台；ベンチに下げる,bɛnʧ,,"a long, usually wooden, seat found mainly in parks"
cabinet,戸棚,ˈkæbənət,,a piece of furniture with shelves to store things
cancellation,取り消し,ˌkænsəˈleɪʃən,,when something is not going to happen after all
candidate,候補者,ˈkændədeɪt,,a person being considered for a job or position in office
chairperson,会長,ˈʧɛrˌpɜrsən,,the person in charge of a meeting
chilly,肌寒い,ˈʧɪli,,when the weather is cold and causing you to shiver
circuit,回路,ˈsɜrkət,,a set path you move along
circulate,循環する；広まる；流通する,ˈsɜrkjəˌleɪt,,to move around in a circle
circulation,循環；流通；広まり；発行部数,ˈsɜrkjəˌleɪʃən,,"to distribute in a wide area, e.g. newspaper "
clarify,明らかにする,ˈklɛrəˌfaɪ,,to explain or make clear
client,依頼人；相談者；患者,ˈklaɪənt,,someone who pays for a service
clinic,診療所,ˈklɪnɪk,,"a place you go when sick, like a mini-hospital"
collaboration,共同で行う；共同研究する；通じる,kəˌlæbəˈreɪʃən,,the act of working together
compensate,"埋め合わせる, 補う；補償をする",ˈkɑmpənˌseɪt,,to give money for a service
conductor,指揮者；導体；導線；指導者；管理者,kənˈdʌktər,,a person who leads
conference,会議,ˈkɑnfərəns,,an event where people exchange ideas
confirmation,確認,ˌkɑnfərˈmeɪʃən,,something that verifies something is true
consent,同意,kənˈsɛnt,,to give permission
considerably,かなり,kənˈsɪdərəbli,,to a large degree
consistently,一貫して,kənˈsɪstəntli,,doing something the same way every time
consultation,相談,ˌkɑnsəlˈteɪʃən,,a meeting between two people
consumption,消費,kənˈsʌmpʃən,,the act of eating
contestant,競技者,kənˈtɛstənt,,someone who is part of a contest
continental,アメリカ本土の；大陸の,ˌkɑntəˈnɛntəl,,to do with the mainland
contradict,否定する；矛盾する,ˌkɑntrəˈdɪkt,,to say the opposite of
contradiction,矛盾；否定すること；反対の主張,ˌkɑntrəˈdɪkʃən,,the opposite of something
convey,伝える,kənˈveɪ,,to give a message to someone
cooperate,協力,koʊˈɑpəˌreɪt,,to work together nicely
coordinate,座標,koʊˈɔrdənət,,to organize or manage
coordinator,調整役；コーディネーター,koʊˈɔrdəˌneɪtər,,someone whose job is to organize things
correspondence,対応,ˌkɔrəˈspɑndəns,,communication by letter
counselor,助言者；相談者,ˈkaʊnsələr,,someone who helps people with problems for a living
criteria,基準,kraɪˈtɪriə,,details used to make a decision
cruise,遊覧航海する；ぶらぶら走る,kruz,,"a long, relaxing holiday on a ship"
dedication,献身,ˌdɛdəˈkeɪʃən,,the act of being faithful to someone or something
delegate,"代表者,代表委員,代理人；下院議員；を委任する,任せる；を代表として派遣する",ˈdɛləgət,,to give others tasks to do
descriptive,記述的な；描写的な；解説的な,dɪˈskrɪptɪv,,something that tells you more about it
designate,指名,ˈdɛzɪgnɪt,,to name or select someone for something
devastate,打ちのめされる；挫折させられる；荒廃させられる,ˈdɛvəˌsteɪt,,to destroy completely
disable,障害を負わせる；作動しないようにする,dɪˈseɪbəl,,to make something not work
disagreement,不一致,dɪsəˈgrimənt,,the act of having a difference of opinion
disposal,処分；配置；処分権,dɪˈspoʊzəl,,the act of getting rid of something
dispose,配置させる；(of)処分する,dɪˈspoʊz,,to get rid of something
disrupt,"混乱させる；存続不可能にする, 崩壊させる.",dɪsˈrʌpt,,to interrupt and cause chaos
disruption," 混乱, 中断, 遮断, 分裂",dɪsˈrʌpʃən,,the act of interrupting and causing chaos
distribution,分布,ˌdɪstrəˈbjuʃən,,the act of circulating things in a wide area
distributor,販売会社；分配する人；配電機,dɪˈstrɪbjətər,,someone who sells or sends things to different areas
documentation,公式文書；証拠書類；書類の作成；説明書,ˌdɑkjəmɛnˈteɪʃən,,the act of showing proof in writing
donate,寄付する,ˈdoʊˌneɪt,,to give money to a cause or charity
donation,寄付,doʊˈneɪʃən,,the money that is given to a cause or charity
dose,用量,doʊs,,the amount of medicine taken at one time
drill,ドリル,drɪl,,to bore a hole into something
eager,熱心な,ˈigər,,to be excited to help or do something
effectiveness,効果,ɪˈfɛktɪvnəs,,the state of working properly or as expected
efficiently,効率的に,ɪˈfɪʃəntli,,to do something well in a little amount of time
electronically,電子的に,ɪˌlɛkˈtrɑnɪkəli,,to do something using electronics
elevate,昇格,ˈɛləˌveɪt,,to raise or make higher
elevator,エレベーター,ˈɛləˌveɪtər,,a machine that takes people to different floors in a building
enthusiasm,熱意,ɪnˈθuziˌæzəm,,the act of being excited about something
enthusiast,熱狂者,ɛnˈθuziˌæst,,"a person who is crazy about something, e.g. a sports enthusiast"
enthusiastic,熱心な,ɪnˌθuziˈæstɪk,,to show excitement for something
enthusiastically,熱狂的に,ɪnˌθuziˈæstɪkli,,to do something with excitement and energy
evident,明らか,ˈɛvədənt,,to be clear or obvious
exceptional,異例,ɪkˈsɛpʃənəl,,beyond excellent
excessive,過大,ɪkˈsɛsɪv,,way too much of something
exclusive,排他的,ɪkˈsklusɪv,,only available to a certain group
exclusively,排他的に,ɪkˈsklusɪvli,,offered only to a certain group
explorer,冒険者,ɪkˈsplɔrər,,a person who travels to unknown places
fabric,布；布製の；基本構造；基礎,ˈfæbrɪk,,"material, cloth"
facilitate,容易にする；促進する；助長する,fəˈsɪləˌteɪt,,to help or make easier
faculty,学部,ˈfækəlti,,an instructor or professor at university
flavor,味,ˈfleɪvər,,"the taste of something, e.g. sweet, sour"
flexibility,柔軟性,ˌflɛksəˈbɪləti,,the ability to adapt or change easily
formally,正式に,ˈfɔrməli,,officially
foster,育む；伸ばす；助長する,ˈfɑstər,,to promote or bring about
founder,創業者,ˈfaʊndər,,someone who starts a business or organization
generous,寛容な,ˈʤɛnərəs,,to give willingly and freely
goods,品,gʊdz,,resources or things bought or sold
graduation,卒業,ˌgræʤuˈeɪʃən,,the ceremony upon finishing a degree or program
graphic,生々しい；詳細な；画像の；画像；図表,ˈgræfɪk,,to do with a picture or image
graphics,作画；画像処理；画像データ；挿絵,ˈgræfɪks,,images or pictures
hazard,危険,ˈhæzərd,,something that is dangerous
hazardous,危険な,ˈhæzərdəs,,to be dangerous
highway,高速道路,ˈhaɪˌweɪ,,a major road connecting cities
ideally,理想的には；,aɪˈdili,,in a perfect world
illogical,非論理的,ɪˈlɑʤɪkəl,,"not making any sense, lack of reasoning"
impact,影響,ˈɪmpækt,,the effect one thing makes on another
inappropriate,不適切,ˌɪnəˈproʊpriɪt,,not suitable for use in a given situation
inefficient,非効率的な,ɪnɪˈfɪʃənt,,not working well or quickly
inflate,ふくらませる；誇張する,ɪnˈfleɪt,,to make bigger
ingredient,成分,ɪnˈgridiənt,,"something listed in a recipe, e.g. flour, sugar"
inquire,問い合わせ,ɪnˈkwaɪr,,to ask about
insert,挿入する；書き入れる；挿入物,ɪnˈsɜrt,,to put into or add into
inspiration,霊感,ˌɪnspəˈreɪʃən,,the thing or person that encourages you to do something
installation,取り付け；設置；装置；設備；インスタレーション,ˌɪnstəˈleɪʃən,,the act of connecting or inputting something
institute,学院,ˈɪnstəˌtut,,like a school or college
insufficient,不十分,ɪnsəˈfɪʃənt,,not enough
interactive,対話,ˌɪntəˈræktɪv,,to engage with others
interfere,干渉する,ˌɪntərˈfɪr,,to take part in something that is not your business
internationally,国際,ˌɪntərˈnæʃənəli,,around the world
interpreter,通訳,ɪnˈtɜrprətər,,someone who translates from one language to another
invention,発明,ɪnˈvɛnʃən,,the idea or creation of something new
irrelevant,無関係,ɪˈrɛləvənt,,"not related to the topic, not important"
jet,噴出；噴出物；噴出する；ジェット機で輸送する,ʤɛt,,an airplane
leak,漏れる；漏らす；漏れ；穴,lik,,to drip water or other liquid
lease,賃貸借契約；賃借権；賃借する,lis,,to rent
lecturer,講師,ˈlɛkʧərər,,an instructor or professor
lobby,ホール；政治的圧力団体；陳情する,ˈlɑbi,,the main area of a hotel just inside the entrance
logical,論理的,ˈlɑʤɪkəl,,to do with reason
loyal,忠誠な；誠実な；熱烈な,ˈlɔɪəl,,to stay true or faithful
loyalty,誠実さ；忠誠；友愛；支持；義務,ˈlɔɪəlti,,the act of being faithful to someone or something
mechanic,機械工；修理工,məˈkænɪk,,a person who fixes machinery for a living
mechanical,機械の；機械的な,məˈkænɪkəl,,to do with machines
media,メディア,ˈmidiə,,"related to different forms of communication, e.g. radio, TV, newspapers etc."
merge,合併する；一つになる；同化する,mɜrʤ,,to bring two things together to make one
merger,合併,ˈmɜrʤər,,when one company buys another company to create one big company
mild,軽い；まろやかな；寛大な；穏やかな,maɪld,,"soft, gentle, not strong in nature"
modification,変形,ˌmɑdəfəˈkeɪʃən,,a change made on something
nominate,推薦する；候補に指名する；任命する,ˈnɑmənət,,to suggest someone for to do or be something
nomination,指名,ˌnɑməˈneɪʃən,,the state of being suggested for something
obligate,絶対,ˈɑbləˌgeɪt,,to have to do
oblige,(be ~d)強制される；喜ばせる；手伝う,əˈblaɪʤ,,to make someone have to do something
obtain,入手する；(~ A B)AにBを得させる；存続する,əbˈteɪn,,to get
occupancy,占有,ˈɑkjəpənsi,,the state of living in a place
occupant,乗員,ˈɑkjəpənt,,"a person who lives in a place, e.g. renter, tenant"
occupation,職業,ˌɑkjəˈpeɪʃən,,profession or job
orientation,方針；目的；基本的考え；入門指導,ˌɔriɛnˈteɪʃən,,something that makes you familiar with a place
overlook,見落とす;見下ろす；,ˈoʊvərˌlʊk,,"to ignore, to not notice "
pad,当て布；緩衝材；詰め物；詰め物をする,pæd,,many sheets of paper glued together for writing
pepper,コショウ,ˈpɛpər,,a strong spice (black or white)
permanently,永久に,ˈpɜrmənəntli,,for ever
precede,先行,prɪˈsid,,to happen before something else
prediction,予測,priˈdɪkʃən,,a guess about the future
profitable,有益,ˈprɑfətəbəl,,able to make money
prohibit,禁止する；(A from doing)Aが...するのを妨げる,proʊˈhɪbət,,not allowed
prominent,主要,ˈprɑmənənt,,"important, significant"
promotional,販売促進用の；宣伝用の,prəˈmoʊʃənəl,,to do with encouraging sales
promptly,即時,ˈprɑmptli,,"done right away, immediately"
prospective,期待される；起こりそうな,prəˈspɛktɪv,,"possible in the future, e.g. prospective client"
publish,出版する；掲載する；発表する,ˈpʌblɪʃ,,to print and distribute
puzzle,パズル,ˈpʌzəl,,something you do not understand
reception,受信,rɪˈsɛpʃən,,the act of greeting people
receptionist,受付,rɪˈsɛpʃənɪst,,"someone who works at the front desk, e.g. secretary"
recession,不況,rɪˈsɛʃən,,a less successful time in the economy
recruiter,新人採用担当者,rɪˈkrutər,,a person who hires people for businesses
recruitment,募集,rəˈkrutmənt,,the act of hiring people for businesses
reinforce,強化する,ˌriɪnˈfɔrs,,to make stronger
relieve,取り除く；安心させる；交代させる,rɪˈliv,,to take something away from someone
reluctant,消極的,rɪˈlʌktənt,,not very willing to do something
reproduce,複写する; 転載する; 再版する；再現する；繁殖する,ˌriprəˈdus,,to make one or more copies of something
resemble,似ている,rɪˈzɛmbəl,,"to look like, similar to"
residence,家；邸宅；居住すること,ˈrɛzɪdəns,,the house or place you live
residential,居住の,ˌrɛzɪˈdɛnʧəl,,an area where people live
resignation,辞任,ˌrɛzəgˈneɪʃən,,to quit one's job
respondent,被告,rɪˈspɑndənt,,someone who replies to something
resume,履歴書,rɪˈzum,,to continue or start again
retailer,小売店,ˈriˌteɪlər,,a store that sells something
retreat,退却,riˈtrit,,to move back or withdraw from a place
reviewer,評論家；校閲家；審査員,riˈvjuər,,someone who checks written work
revision,修正；改正；修正版；復習,riˈvɪʒən,,to change or rewrite something
revolutionize,"大変革をもたらす, 革命を起こす; 革命思想を吹き込む.",ˌrɛvəˈluʃəˌnaɪz,,"to make a new, big change in society"
rumor,噂,ˈrumər,,something said by people but not necessarily true
satellite,衛星,ˈsætəˌlaɪt,,another branch of an office elsewhere
sculpture,彫刻,ˈskʌlpʧər,,a figure or statue
shortly,まもなく,ˈʃɔrtli,,very soon
silently,静かに,ˈsaɪləntli,,in a quiet manner
spill,こぼす；まき散らす；溢流,spɪl,,"to accidentally empty a container, e.g. spill a glass of milk"
statistics,統計,stəˈtɪstɪks,,math related to data collection
strategic,戦略的,strəˈtiʤɪk,,in a way carefully thought about
strictly,厳密に,ˈstrɪktli,,"in a strong manner, in a manner that follows the rules"
subsidize,助成,ˈsʌbsɪˌdaɪz,,to give financial help
substantially,実質的,səbˈstænʃəli,,"a great deal, amount"
suburb,郊外,ˈsʌbərb,,living area outside the city
superior,優れている；上質の；高慢な；目上の人,suˈpɪriər,,"the leader, someone higher than you in rank"
supervise,監督する；管理する,ˈsupərˌvaɪz,,to watch over and manage
supervisor,監督,ˈsupərˌvaɪzər,,the person who is in charge
tactic,作戦；かけひき；戦術；配列の,ˈtæktɪk,,like a plan or scheme
temporarily,仮に,ˌtɛmpəˈrɛrəli,,"not for ever, for a short while"
thorough,綿密な,ˈθɜroʊ,,"to be carefully and completely done, e.g. a thorough search"
thoroughly,徹底的に,ˈθɜroʊli,,to do something carefully with attention to detail
thrill,ゾクゾクすること；ゾクゾクさせる；感動する,θrɪl,,excitement
ton,トン,tʌn,,a measurement equalling 2000 pounds
transaction,取引；交流；やりとり；処理；議事録,trænˈzækʃən,,an exchange between two people
translation,翻訳,trænˈzleɪʃən,,something that is changed into another language
translator,翻訳者,trænˈsleɪtər,,the person who changes something into another language
transmission,送信；伝達；伝染；放送；変速機,trænˈsmɪʃən,,the message sent from one to another
transmit,送信,trænzˈmɪt,,to send a message to someone
tremendous,物凄い；すばらしい；恐ろしい,trəˈmɛndəs,,extraordinary or excellent
tunnel,トンネル,ˈtʌnəl,,a hole one can travel through
unspecified,不特定,ənˈspɛsəˌfaɪd,,not clearly marked or known
urgent,緊急,ˈɜrʤənt,,"very important, needing attention now"
urgently,緊急に,ˈɜrʤəntli,,to do something right away
utility,公共事業体；有用；実用的な；役に立つもの,juˈtɪləti,,usefulness
valid,妥当,ˈvæləd,,"just, fair, right"
violate,違反する；侵害する；汚す；犯す,ˈvaɪəleɪt,,to break the rule or law
violation,違反,vaɪəˈleɪʃən,,the act of breaking a rule or law
withdrawal,撤退,wɪðˈdrɔəl,,"the act of taking something away or out of something, e.g. bank withdrawal"
aboard,"乗って; 船[機, 車]内に,新しく加わって",əˈbɔrd,,"on or in a moving vehicle, e.g. aboard the boat"
absent,不在の,ˈæbsənt,,"missing, not present"
accountant,会計士,əˈkaʊntənt,,a person responsible for the money in a business
accustom,慣らす,əˈkʌstəm,,to get used to
activate,作動する；活性化する；駆り立てる,ˈæktəˌveɪt,,to start or begin something
adhere,遵守する,ədˈhɪr,,"to stay with or follow , e.g. adhere to rules"
adjacent,隣接,əˈʤeɪsənt,,"next to, beside"
administer,管理する；運営する；統治する,ədˈmɪnəstər,,to manage an office
alike," 似ている, 同様である,同じように",əˈlaɪk,,"similar, almost the same"
alternate,代わりの,ˈɔltɜrnət,,another option
amateur,アマチュア,ˈæməˌtɜr,,"a beginner, not a professional, done for pleasure not for pay"
ambassador,大使,æmˈbæsədər,,"somebody who represents somehting, usually a country"
ambitious,野心的な,æmˈbɪʃəs,,"hard-working, wanting to achieve much"
anniversary,記念日,ˌænəˈvɜrsəri,,a date to remember
antique,骨董の；古代の；骨董品；古代美術様式,ænˈtik,,"very old item, usually furniture or jewellery"
applicable,適用できる；応用できる；効力がある,ˈæpləkəbəl,,relating to
applicant,申請者,ˈæplɪkənt,,"a person who submits papers in order to do something, e.g. job applicant"
appraisal,鑑定,əˈpreɪzəl,,an evaluation
archive,古記録；公文書；古記録保管所；保管する,ˈɑrˌkaɪv,,a place where documents are kept for a long time
attain,成し遂げる；達成する；到達する,əˈteɪn,,to get or achieve
attorney,代理人,əˈtɜrni,,lawyer
auction,競売,ˈɑkʃən,,where things are sold to highest payer
authentic,真正の；本物の；確実な；信頼できる；本物そっくりの,əˈθɛntɪk,,"real, not fake"
auto,自動車；自身の；自己の；自動車の,ˈɔtoʊ,,car
automobile,自動車,ˈɔtəmoʊˌbil,,long name for 'car'
await,待つ,əˈweɪt,,"to wait for, or expect, something to happen"
balloon,風船；気球；吹き出し；ふくらむ；太る,bəˈlun,,a colorful round object made of rubber that is filled with air
bankrupt,破産した；破産させる；破産者,ˈbæŋkrəpt,,to have no more money
bankruptcy,倒産,ˈbæŋkrəptsi,,the act of having no more money to pay bills
baseball,野球,ˈbeɪsˈbɔl,,a sports game with a bat and ball
basement,地下,ˈbeɪsmənt,,the level under the ground floor
behalf,味方；利益；(on ~ of A)Aの代理で,bɪˈhæf,,"to speak or do something for someone else, e.g. on behalf of…"
beneficial,有益,ˌbɛnəˈfɪʃəl,,"good for you, positive effect"
bicycle,自転車,ˈbaɪsɪkəl,,a vehicle with two wheels and pedals
biography,伝記；経歴,baɪˈɑgrəfi,,someone's life story
biology,生物学,baɪˈɑləʤi,,the study of nature
bonus,ボーナス；特別手当て；良いこと,ˈboʊnəs,,"extra, usually in the form of money"
broker,仲介人；査定売却人；取り決める；仲介する,ˈbroʊkər,,someone who buys and sells thing for a percentage of sales
bulb,電球；球根；球根状のもの,bʌlb,,"the shape of a teardrop, e.g. light bulb"
bulk,(the ~ of A)Aの大部分；大きさ；かさ；大量の；大きくなる,bʌlk,,in big amount
cab,タクシー,kæb,,taxi
cabin,小屋；船室；小屋に泊める,ˈkæbən,,a small house in the forest
calendar,カレンダー,ˈkæləndər,,something you hang on the wall that has the months of the year on it
campus,構内；校庭；大学の；学生の；大学,ˈkæmpəs,,place where university buildings are
cargo,貨物,ˈkɑrˌgoʊ,,the things carried in the hold of an airplane or on a truck
cater,料理をまかなう,ˈkeɪtər,,to make and deliver food
caterer,仕出し屋,ˈkeɪtərər,,the person who makes food and delivers it for a living
caution,注意,ˈkɑʃən,,a warning to be careful
cautious,"注意深い,用心深い；慎重な",ˈkɔʃəs,〖be cautious about A/doing〗 〈人が〉A〈人･物･事〉について[…することに]慎重である; 〖be cautious to do/not to do〗 〈人が〉…するのに[…しないよう]用心している,to be careful
celebrity,有名人,səˈlɛbrɪti,,someone famous
certificate,証明書,sərˈtɪfɪkət,,a piece of paper stating you did something
certification,認証,ˌsɜrtəfəˈkeɪʃən,,written proof that you did something or that something is good enough
certify,証明する,ˈsɜrtəˌfaɪ,,to state something is real or correct
chef,料理長；料理人；料理をする人,ʃɛf,,a person who cooks for a living
chemistry,化学,ˈkɛməstri,,the study of chemicals
chronic,慢性的,ˈkrɑnɪk,,for a long time
cinema,映画館；映画,ˈsɪnəmə,,a movie theatre
classify,分類,ˈklæsəˌfaɪ,,to put into a category
clerk,店員,klɜrk,,someone who works at a counter
click,クリック；カチッと音を立てる；仲良くなる,klɪk,,to press a button
closure,閉鎖,ˈkloʊʒər,,when something is closed for good
commute,通勤する；交換する；変更する；通勤；通学,kəmˈjut,,to travel a long way to work and back
commuter,通勤[通学]者の；近距離運行の；遠距離の,kəmˈjutər,,someone who travels a long way to work and back
compact,小型の；密集した；簡潔な,ˈkɑmpækt,,tightly packed in a small size
compatible,両用の；互換性のある；うまがあう,kəmˈpætəbəl,,to go well with
compile,編集する；まとめる；機械語に翻訳する,kəmˈpaɪl,,to collect or gather data
compliance,コンプライアンス；法令遵守；追従,kəmˈplaɪəns,,the act of obeying rules
comply,従う；応じる；合致する,kəmˈplaɪ,,to obey a rule
comprehension,"理解力, 理解力の, 理解力を測る",ˌkɑmpriˈhɛnʃən,,the act of understanding
confidential,機密,ˌkɑnfəˈdɛnʃəl,,something that needs to be kept secret
conform,快適さ；慰め；慰める；元気づける,kənˈfɔrm,,to be like others
congratulate,祝う；称賛する；喜ぶ,kənˈgræʧəˌleɪt,,to tell someone 'good job' on a happy occasion
congratulation,祝い,kənˌgræʧəˈleɪʃən,,the act of congratulating
contrary,反対,ˈkɑntrɛri,,opposite to
convenience,便利さ；利便性；便利なもの,kənˈvinjəns,,the state of being easy
convenient,便利,kənˈvinjənt,,to be easy to do
conveniently,便利に,kənˈvinjəntli,,in a manner that is easy
copyright,著作権,ˈkɑpiˌraɪt,,when you cannot copy work
cord,コード；縄；ひもで縛る,kɔrd,,electric cable
cordless,コードのない,ˈkɔrdləs,,no electric cable needed
costume,衣装；仮装；服装；衣装を着せる,kɑˈstum,,"something unusual you dress up in, e.g. for Hallowe'en"
courtesy,礼儀,ˈkɜrtəsi,,a kindness to someone
deadline,締め切り,ˈdɛˌdlaɪn,,when something must be finished
deduct,差し引く；控除する,dɪˈdʌkt,,to minus or take away
deduction,推論；差し引き；控除,dɪˈdʌkʃən,,"the act of taking away, usually money"
defect,欠陥,ˈdifɛkt,,something that is faulty
defective,欠陥のある；不完全な,dɪˈfɛktɪv,,when something is not working
delicate,繊細,ˈdɛləkət,,need to handle with care
depart,出発する；それる；辞任する；逝く,dɪˈpɑrt,,to leave
departure,出発；立ち去ること；辞職；逸脱,dɪˈpɑrʧər,,the act of leaving
dependence,頼ること；依存,dɪˈpɛndəns,,the state of needing someone
destination,"目的地, 到達地, 行き先；最終目標",ˌdɛstəˈneɪʃən,,the place you want to be at the end of a journey
detach,デタッチ,dɪˈtæʧ,,to remove from something
deteriorate,悪化する；悪くなる；低下する,dɪˈtɪriəˌreɪt,,to become worse in state
diagnose,診断,ˌdaɪəgˈnoʊs,,to figure out what is wrong
diagram,図；図式；運行計画表；図で示す,ˈdaɪəˌgræm,,a drawing explaining something
dial,文字盤；調整つまみ；ダイヤルを回す,ˈdaɪəl,,to make a phone call by pressing the buttons
diamond,ダイヤモンド,ˈdaɪmənd,,a very valuable gem
discard,廃棄,dɪˈskɑrd,,to throw away
dispatch,ディスパッチ；公文書；派遣する；発送する,dɪˈspæʧ,,to send out
distract,そらす；紛らわせる；散らす；気晴らしをする,dɪˈstrækt,,to take your focus away from something
distraction,気晴らし,dɪˈstrækʃən,,the act of taking your focus away from something
dividend,配当,ˈdɪvɪˌdɛnd,,money received as a bonus
dock,船渠；港湾施設；波止場；ドックに入れる,dɑk,,the place where boats get tied up
documentary,記録作品；事実を記録した；公文書の,ˌdɑkjəˈmɛntəri,,a film about a real life or event
dull,鈍い,dʌl,,boring; not exciting
duration,期間,ˈdʊˈreɪʃən,,how long something takes
dynamic,動的,daɪˈnæmɪk,,energetic
elegant,優雅な；優美な；上品な；簡潔な,ˈɛləgənt,,fine or beautiful
eligible,適格,ˈɛləʤəbəl,,able to be chosen
embassy,大使館,ˈɛmbəsi,,the office of an ambassador
enclose,同封,ɪnˈkloʊz,,to surround fully
enroll,登録する；入学する；名簿に記入する,ɛnˈroʊl,,to register for something
enrollment,入会,ɛnˈroʊlmənt,,the act of registering for something
entrepreneur,企業家,ˌɑntrəprəˈnɜr,,a business person who starts companies
escort,護衛,ˈɛskɔrt,,to go with someone
ethics,倫理,ˈɛθɪks,,morals or belief system
evacuate,避難,ɪˈvækjəˌeɪt,,to make people leave an area
evenly,均等に,ˈivənli,,in equal ways
exemption,免除,ɪgˈzɛmpʃən,,an exception to the rule
exit,出口,ˈɛgzɪt,,to leave
exotic,異国風な；外来の；外国の,ɪgˈzɑtɪk,,from another country
expertise,熟練,ˌɛkspərˈtiz,,excellent knowledge on something
fare,運賃,fɛr,,"the cost for a ride, e.g. bus, or taxi"
fax,ファックス,fæks,,to send using a fax machine
ferry,連絡船；渡船場；渡す；輸送する；空輸する,ˈfɛri,,a big boat that carries people and cars
fiscal,年度,ˈfɪskəl,,to do with money
flaw,"欠陥, 不備, 瑕疵；欠点, 短所；傷,ひび；を欠点のあるものにする; に傷をつける",flɔ,,something that is faulty in otherwise perfect person/thing
fleet,艦隊,flit,,a group of ships travelling together
flour,小麦粉,ˈflaʊər,,white powder from wheat used in baking
fog,霧,fɑg,,a cloud of white filled with small water droplets
forbid,禁じる；差し止める；許さない,fərˈbɪd,,to not allow
fork,フォーク；分岐点；支流；分岐する,fɔrk,,eating utensil
forum,フォーラム；公開討論会,ˈfɔrəm,,a place for open discussion
franchise,特権；営業販売権；選手権；参政権,ˈfrænˌʧaɪz,,"one of many branches of a business you buy, e.g.KFC"
furnish,備え付ける；用意する,ˈfɜrnɪʃ,,to put furniture in
gallon,ガロン；(~s of A)多量のA,ˈgælən,,a type of measurement equal to 3.78 liters
generic,属の；一般的な；商標登録されていない,ʤəˈnɛrɪk,,general
genre,ジャンル；種類；型；様式,ˈʒɑnrə,,"type of art, literature, or film, e.g. romance"
glove,手袋；手袋をはめる；グローブで捕る,glʌv,,something you wear on your hand to keep warm
gossip,うわさ話；陰口；雑談；うわさ話をする,ˈgɑsəp,,to talk about someone behind his/her back
graph,図表；グラフ化する,græf,,an image that shows data
grill,グリル；焼き網；あみ焼きにする；詰問する,grɪl,,"like a barbeque, something you cook on"
hardware,ハードウェア,ˈhɑrˌdwɛr,,tools or equipment
helmet,ヘルメット,ˈhɛlmət,,something you wear to protect your head
hurricane,ハリケーン,ˈhɜrəˌkeɪn,,a strong often deadly storm that begins over the water
immigration,移民,ˌɪməˈgreɪʃən,,the act of moving from one country to another for good
impatient,せっかち,ɪmˈpeɪʃənt,,"in a hurry, not calm"
inconvenience,不便,ˌɪnkənˈvinjəns,,something that causes trouble or discomfort
indirect,間接の,ɪndəˈrɛkt,,not in a straight way
infer,推量する；ほのめかす；推理する,ɪnˈfɜr,,to guess something with given information
inference,推論,ˈɪnfərəns,,the act of guessing something with given information
informal,非公式,ɪnˈfɔrməl,,"relaxed, casual - often used to describe clothes or an event"
ink,インク,ɪŋk,,liquid found in pens
innovative,革新的な,ˈɪnəˌveɪtɪv,,to be creative and come up with new ideas
integral,積分,ˈɪntəgrəl,,"very important, necessary as part of the whole thing"
irritate,刺激,ˈɪrɪˌteɪt,,to bother
jazz,ジャズ,ʤæz,,a kind of music
jewelry,宝石,ˈʤuəlri,,"gold, silver, stones etc. you wear for decoration, e.g. necklace"
keyboard,キーボード,ˈkiˌbɔrd,,the part of computer that you type on
kit,道具一式；道具入れ；着用する；身に付ける,kɪt,,a box of tools or equipment
ladder,はしご,ˈlædər,,something you use to climb up high
landlord,家主,ˈlænˌdlɔrd,,the person who owns the place you rent
laundry,洗浄すること；洗濯物；洗濯場,ˈlɔndri,,dirty clothes that need washing
leisure,余暇,ˈlɛʒər,,something for fun or relaxing
likewise,同様に,ˈlaɪˌkwaɪz,,in the same way
lounge,待合室；休憩室；座る；ぶらぶらして過ごす,laʊnʤ,,a place to relax
maximize,最大化,ˈmæksəˌmaɪz,,to make use of as much as possible
meantime,その間に,ˈminˌtaɪm,,the time between two events
merchant,商人,ˈmɜrʧənt,,a person who sells things for a living
merit," 長所, 美点, 価値, 値する",ˈmɛrət,,to deserve praise
mineral,鉱物；鉱石；無機物；鉱物性の,ˈmɪnərəl,,a type of substance found in nature
minimize,最小限にする；見くびる；軽視する,ˈmɪnəˌmaɪz,,to make less important or smaller
monument,記念碑,ˈmɑnjumənt,,something built to honor someone
necessity,必要性,nəˈsɛsəti,,something which you need
nutrition,栄養,nuˈtrɪʃən,,the study of food and health
omit,除外する；あえて省く；(to do)しないでおく,oʊˈmɪt,,to leave out or not say
ongoing,現在進行中,ˈɑnˌgoʊɪŋ,,still happening
opt,選択する；決める,ɑpt,,to make a choice
optimistic,楽観的,ˌɑptəˈmɪstɪk,,being positive about the future
orchestra,オーケストラ,ˈɔrkəstrə,,many musicians with different instruments playing one musical piece
outfit,服,ˈaʊtˌfɪt,,a set of clothes like a uniform
outlet,出口,ˈaʊtˌlɛt,,a store that sells things at a discount
outlook,見通し,ˈaʊtˌlʊk,,a view point
overhead,頭上を；上空を；間接費,ˈoʊvərˌhɛd,,"the fixed cost of a business, e.g. rent"
overnight,一晩,ˈoʊvərˈnaɪt,,from one day to the next
oversee,監督,ˈoʊvərˌsi,,to supervise
packet,パケット；パッケージ；包装；袋,ˈpækət,,a small carton or package
parade,記念行列；行進；行進する；見せびらかす,pəˈreɪd,,walk or march
patent,特許,ˈpætənt,,the right to be the only one who is allowed to make a thing
patience,根気,ˈpeɪʃəns,,to accept suffering without getting angry
patron,後援者；支援者；常連客,ˈpeɪtrən,,"someone who gives support with time, money or effort"
petition,嘆願,pəˈtɪʃən,,"a demand for a particular action, usually signed by a lot of people "
physician,医師,fəˈzɪʃən,,A doctor of medicine
physics,物理,ˈfɪzɪks,,the science of how things  like heat and light work
pill,錠剤；経口避妊薬,pɪl,,medicine in the form of a capsule that you swallow
pillow,枕,ˈpɪloʊ,,soft cushion to rest your head on when you go to bed
portfolio,書類入れ；自作の作品集；ポートフォリオ,pɔrtˈfoʊliˌoʊ,,a collection of investments that someone owns
poster,ポスター,ˈpoʊstər,,a large printed picture or notice to stick on a wall
postpone,後回し,poʊstˈpoʊn,,put off until a later time
preliminary,予備的,prɪˈlɪməˌnɛri,,The first action that comes before a more important one
premium,保険料；割増料金；賞品；高級な,ˈprimiəm,,an extra payment added to the cost
prescribe,処方する；規定する；時効で無効にする,prəˈskraɪb,,to formally tell someone what to do
prescription,処方,prəˈskrɪpʃən,,doctor's written order for medicine
prestigious,名門,prɛˈstɪʤəs,,very important and well thought of
publicity,宣伝,pəˈblɪsəti,,the  advertising message to let people know about a product or event
questionnaire,アンケート,ˌkwɛsʧəˈnɛr,,a set of questions to find out what people think about something
rack,棚；台；拷問台；拷問にかける；ひどく苦しむ,ræk,,a stand or shelf to put things on
receipt,領収書,rɪˈsit,,proof of payment
recipient,受信者,rəˈsɪpiənt,,the person who receives something
recreation,気晴らし；娯楽；,ˌrɛkriˈeɪʃən,,leisure
recreational,娯楽[気晴らし]のための,ˌrɛkriˈeɪʃənəl,,what you do for relaxation in your free time
recur,再発する；繰り返される；回想する,rɪˈkɜr,,happens again
recycle,再利用する,riˈsaɪkəl,,to find another use for something that is going to be put in the trash
refinery,精錬所,rɪˈfaɪnəri,,a factory where raw materials are taken to be made pure
refresh,爽快な気分にする；新たにする；更新する,rɪˈfrɛʃ,,to put new life or energy into
refreshment,軽い飲食物；元気を回復させるもの；気分一新,rəˈfrɛʃmənt,,a small amount of food and drink served as a light meal
rehearsal,予行演習；準備；繰り返して話すこと,rɪˈhɜrsəl,,a practice session in preparation for a public performance
rehearse,練習する；心の中で思い描く；細かく話す,riˈhɜrs,,practise so that you get better at doing it
retrieve,"取り戻す, 回収する, 検索する",rɪˈtriv,,to go and get something back
rubber,ゴム,ˈrʌbər,,the stretchy material that elastic bands are made of
rug,敷物；絨毯；膝掛け；かつら,rʌg,,a small loose floor covering
satisfactory,満足のいく；納得のいく,ˌsætəˈsfæktri,,acceptable
scholarship,奨学金,ˈskɑlərˌʃɪp,,an amount of money given to an able student to help pay for their studies
seldom,めったに…ない,ˈsɛldəm,,not very often
seminar,ゼミ；少人数の演習；研究会；研究科,ˈsɛməˌnɑr,,"a discussion session or class led by a teacher, or expert "
signature,署名,ˈsɪgnəʧər,,your name written in your own handwriting
sincerely,心から,sɪnˈsɪrli,,with honesty
sketch,デッサン；素描；概要；下書きする；概略を書く,skɛʧ,,"a simple, quickly made drawing"
sleeve,袖；たもと,sliv,,"the part of a garment that covers some, or all, of the arm"
slot,細長い小穴；時間帯；差し込む；溝穴を掘る,slɑt,,a narrow opening
soap,石鹸,soʊp,,a block of material used for washing or cleaning
soar,急上昇する；舞い上がる；高まる；そびえ立つ,sɔr,,fly quickly up into the air
soccer,サッカー,ˈsɑkər,,ball game played by two teams who try to score goals without handling the ball
solar,"太陽の, 太陽に関する; 太陽から生じる",ˈsoʊlər,,"to do with the sun, like sunlight or the heat from the sun"
spouse,配偶者,spaʊs,,the person you are married to
stack,積み重ね；積み重ねる,stæk,,a pile of things placed one on top of the other
stadium,スタジアム,ˈsteɪdiəm,,sports ground surrounded by rows of seats where people go to watch events
statue,立像,ˈstæˌʧu,,"a work of art, usually a model of a person or animal, made from hard material"
steer,操縦する；連れて行く；進む,stɪr,,guide the direction of
stimulus,刺激,ˈstɪmjələs,,the reason or prompt that causes something to happen
stripe,縞,straɪp,,a line or band of a different color
subscribe,申し込む,səbˈskraɪb,,to pay money to receive a service or product regularly
subscriber,加入者,səbˈskraɪbər,,someone who pays money to receive a service or product regularly
subscription,購読,səbˈskrɪpʃən,,the amount of money that you pay to receive a service or product regularly
suite,ひとつづきの部屋；ひと組；ソフトウェアパッケージ；組曲,swit,,"a set of connecting rooms, usually in a hotel"
superb,見事,sʊˈpɜrb,,very good
tag,鬼ごっこ,tæg,,a label
telecommunication,遠距離通信；電気通信技術,ˌtɛləkəmˌjunɪˈkeɪʃən,,"exchanging audio, visual or digital information at a distance, electronically"
tenant,賃借人；占有者；賃借されている,ˈtɛnənt,,someone who pays rent for the use of property like land or rooms
terminal,末期の；最終の；発着場；端末；端子,ˈtɜrmənəl,,"the place where a transport line ends, like the final train station on the line"
terminate,終わらせる；中絶する；解雇する；暗殺する,ˈtɜrməˌneɪt,,bring to an end
termination,終了；中絶；解雇,tərməˈneɪʃən,,the  end of something
theft,盗難,θɛft,,the taking and keeping of something that does not belong to you
tile,かわら；工管；タイル張りにする,taɪl,,"a thin slab of material, often made of clay, used for covering roofs and floors"
tropical,熱帯の；とても蒸し暑い；比喩の,ˈtrɑpɪkəl,,hot and humid like the climate near the equator
turnover,売上高,ˈtɜrˌnoʊvər,,the amount of money that a business makes in an amount of time
upgrade,アップグレード,əpˈgreɪd,,to improve what was old or outdated
validate,検証,ˈvælədeɪt,,to confirm that something is acceptable
vendor,物売り；製造販売会社,ˈvɛndər,,the person who is selling something
venue,会場,ˈvɛnju,,the place that an event is happening
verbal,口頭,ˈvɜrbəl,,spoken
verify,確認,ˈvɛrəˌfaɪ,,confirm the truth of
vitamin,ビタミン,ˈvaɪtəmən,,a natural substance found in food and drink that your body needs to be healthy
waiter,ウェイター,ˈweɪtər,,a man whose job it is to bring meals to your table in a restaurant or cafe
waitress,ウェートレス,ˈweɪtrəs,,a woman whose job it is to bring meals to your the table in a restaurant or cafe
ward,区,wɔrd,,"an electoral district, a small area within which the people can all vote for the same thing"
warehouse,倉庫,ˈwɛrˌhaʊs,,a building where a large number of things are stored while they are waiting to be sold
whale,鯨,weɪl,,a large mamal that lives in the sea
accessory,付属品；装身具；補助的な；共犯の,ækˈsɛsəri,,partner in crime
aisle,通路,aɪl,,long narrow area for walking between rows of something
allergy,アレルギー,ˈælərʤi,,condition that means you get ill if you come into contact with a particular material
ample," 十分すぎるほどの, 豊富な",ˈæmpəl,,more than enough of
appendix,付録,əˈpɛndɪks,,an extra bit of information at the end of a book or document
appliance,器具,əˈplaɪəns,,a machine or device that does a particular task
apprentice,見習い,əˈprɛntəs,,someone who is learning a trade by working with an expert
arc,円弧；弧を描く；弓状に動く,ɑrk,,"a curved line, like part of a circle"
automate,自動化,ˈɔtəˌmeɪt,,To make a process that does a task over and over again by machine
badge,記章；象徴；証；記章をつける,bæʤ,,a small piece of material with your name and details on that you wear to show who you are
balcony,バルコニー,ˈbælkəni,,a small floor area with a wall or fence round it that is joined to the outside of a building
basketball,バスケットボール,ˈbæskətˌbɔl,,a game played by two teams who try to score goals by throwing the ball
brochure,パンフレット；小冊子,broʊˈʃʊr,,a small paper book that gives information about a product or service
bulletin,会報,ˈbʊlɪtən,,a short news report
candy,あめ；チョコレート菓子；砂糖漬けにする,ˈkændi,,"a very sweet food, made from sugar and other things, that is good to eat"
charitable,慈善の,ˈʧærətəbəl,,giving free money or help of some kind to someone who needs it
circus,サーカス,ˈsɜrkəs,,a showy or noisy performance
clap,拍手,klæp,,hitting your hands together to make a noise to show you enjoyed something
comb,"くし, コーム; 梳き道具；くしでとかす",koʊm,,make smooth by getting the knots out of
compartment,区画,kəmˈpɑrtmənt,,a part of a closed area that has been separated from a bigger one
compliment,お世辞,ˈkɑmpləmənt,,saying something nice about someone
complimentary,無料,ˌkɑmpləˈmɛntəri,,"it does not cost anything, it is free"
congestion,混雑,kənˈʤɛsʧən,,a blockage; something that blocks it up
consecutive,連続的な,kənˈsɛkjətɪv,,following one after the other
cosmetic,"化粧用の, 美容の; 化粧品；ごまかし.",kɑzˈmɛtɪk,,makes something look better without changing it too much
crane,起重機；（首・頭）を伸ばす；身を乗り出す,kreɪn,,a machine used to move and lift heavy things
cushion,緩衝材；備え；緩和する；和らげる,ˈkʊʃən,,a pad to make something more comfortable
delete,削除,dɪˈlit,,remove
dentist,歯科医,ˈdɛntəst,,a person who looks after your teeth for a living
dessert,デザート,dɪˈzɜrt,,sweet food you eat after your main meal
diagnostic,診断,ˌdaɪəgˈnɑstɪk,,how you solve problems by working out what is wrong
discrepancy,不一致,dɪˈskrɛpənsi,,an unexpected difference between two things that needs to be explained
dissatisfy,不満を抱かせる；不満にする,dɪˈsætəˌsfaɪ,,to make someone not pleased with what you have done
drastically,"思い切って, 抜本的に.",ˈdræstɪkli,,very seriously
drought,干ばつ,draʊt,,a period of time when there is very little rainfall
duplicate,重複,ˈdupləkət,,make an exact copy
durable,丈夫な,ˈdʊrəbəl,,very long lasting
earthquake,地震,ˈɜrθˌkweɪk,,when the ground shakes due to the natural movement of rocks underground
embed,埋め込み,ɪmˈbɛd,,to push something deep inside something else
erase,消去,ɪˈreɪs,,to remove or delete
expiration,満了,ˌɛkspəˈreɪʃən,,the end of a period of time
expire,期限が切れる；満了する；亡くなる；息を吐く,ɪkˈspaɪr,,Come to an end
factual,事実の,ˈfækʧuəl,,based on true information
farewell,お別れ,ˌfɛrˈwɛl,,goodbye
fasten,留める；締める；固定する；集中する,ˈfæsən,,fix together firmly
fatigue,倦怠感,fəˈtig,,"what you feel when you are very, very tired"
fixture,設備；お決まりのもの；定番,ˈfɪksʧər,,"a piece of equipment, like a bath, that is permanently fixed to a building "
flu,インフルエンザ,flu,,"illness that you catch from other people, that gives you a fever for a few days"
fluctuate,変動する；波打つ,ˈflʌkʧəˌweɪt,,comes and goes stronger and weaker
fountain,噴水,ˈfaʊntən,,a man-made spray of water that shoots upwards
freight,貨物運送,freɪt,,goods that are transported from one place to another
freighter,貨物船,ˈfreɪtər,,a large ship that is used to transport goods
garment,"衣類；覆い;外観,外見；〖be ～ed〗 服を着る,装う.",ˈgɑrmənt,,"something made of material that you can wear, like pants or a dress"
generator,発生器,ˈʤɛnəˌreɪtər,,a machine that makes electricity
gram,グラム,græm,,a small measurement of weight
gum,チューインガム；ゴム；ゴムのりでくっつける；ゴムで覆う,gʌm,,stubstance that can be used to stick things together
gym,体育館；スポーツクラブ；体育,ʤɪm,,building with equipment you can use to exercise your body
gymnasium,体育館；屋内競技場；ギムナジウム,ʤɪmˈneɪziəm,,building with equipment you can use to exercise your body
hacker,ハッカー,ˈhækər,,someone who gains access to a computer system without permission
hamburger,ハンバーガー,ˈhæmbərgər,,a flat round cake of minced beef that is fried and then eaten in a bread roll
hike,ハイキング；値上げ；長距離歩く,haɪk,,walk a long way
hiker,徒歩旅行者,ˈhaɪkər,,someone who likes to go for long walks in their leisure time
imperative,命令,ɪmˈpɛrətɪv,,very important and urgent
incur,招く；被る；負う,ɪnˈkɜr,,lay yourself open to something as a result of your actions
intersection,交差点,ˌɪntərˈsɛkʃən,,where two paths cross each other
inventory,在庫,ˌɪnvənˈtɔri,,detailed list of everything included
jog,ゆっくりと走る；どうにかやっていく；軽く突く,ʤɑg,,a gentle run
journalism,新聞雑誌類；報道機関；新聞雑誌の記事,ˈʤɜrnəˌlɪzəm,,the reporting of news
junk,がらくた；くず；くだらないもの,ʤʌŋk,,useless item; trash
logo,ロゴ,ˈloʊgoʊ,,a small design used by a company as its symbol
mall,ショッピングモール；木陰のある散歩道,mɔl,,very large building containing lots of stores and restaurants
mandatory,必須の,ˈmændəˌtɔri,,something that has to be done
massage,あんま；刷り込む；改竄する；マッサージする,məˈsɑʒ,,rub the body in a special way that makes it feel better
medication,薬,ˌmɛdəˈkeɪʃən,,a substance used to make an illness or condition get better
memo,連絡票；連絡メモ；メモ用紙,ˈmɛˌmoʊ,,a written reminder to do somethng
messenger,伝言を伝える人；使者；人を使って届ける,ˈmɛsənʤər,,person who carries a piece of information to someone else
microphone,マイクロフォン,ˈmaɪkrəˌfoʊn,,device used by singers and public speakers to make their voice louder
microscope,顕微鏡,ˈmaɪkrəˌskoʊp,,a device that makes very small things look bigger so you can study them closer
modem,モデム；変復調装機,ˈmoʊdəm,,a device that lets you send information from one computer to another
morale,士気,məˈræl,,"the confidence in how a group of people all feel, usually at a difficult time "
mosquito,蚊,məˈskitoʊ,,a small winged insect that bites
noon,正午,nun,,the middle of the day
notify,知らせる；通知する,ˈnoʊtəˌfaɪ,,officially tell someone some information
oval,小判,ˈoʊvəl,,A shape that looks like an egg
overview,概要,ˈoʊvərˌvju,,a general summary of a subject
parcel,小包,ˈpɑrsəl,,"something wrapped in paper so that it can be sent, or delivered somewhere"
passport,旅券；通行許可証；確実な手段,ˈpæˌspɔrt,,"official document containing information about you, that allows you to enter other countries"
pasta,パスタ,ˈpɑstə,,"shaped and dried dough, made from flour and water, often used in Italian cooking"
pastry,ペストリー,ˈpeɪstri,,"a food made of flour, fat and water and baked with other food inside it"
pedestrian,歩行者,pəˈdɛstriən,,a person who is walking on the street
pharmaceutical,製薬,ˌfɑrməˈsutɪkəl,,relating to the preparation and making of medicine
picnic,遠足；楽な仕事；屋外で食事をする,ˈpɪkˌnɪk,,a packed meal to take with you and eaten in the open air
pizza,ピザ,ˈpitsə,,"a round piece of baked dough, covered with tomato, cheese and other ingredients"
plausible,もっともらしい；口先のうまい；見込みのある,ˈplɔzəbəl,,it sounds like it could be true
plow,すき；すきで耕す；投資する,plaʊ,,to force your way through something
plumber,配管工,ˈplʌmər,,someone connects and mends water pipes for a living
portable,携帯用の；移動式の,ˈpɔrtəbəl,,something that is small and easy to carry
publicize,公表,ˈpʌblɪˌsaɪz,,make known generally
purse,財布,pɜrs,,a small bag women use to carry personal items
query,質問,ˈkwiri,,"question, inquire"
referee,審判,ˌrɛfəˈri,,the person who oversees something to make sure that the rules are followed
remainder,余り,rɪˈmeɪndər,,what is left over
renovate,改修,ˈrɛnəˌveɪt,,restore to a previous or better condition
renovation,更新,ˌrɛnəˈveɪʃən,,the process of being restored to a previous or better condition
renown,高名,rɪˈnaʊn,,the state of being well known
reunion,再会,riˈunjən,,when people get together to meet up after not meeting for a long time
salon,店；客間；現代美術展,səˈlɑn,,"a store where you can get a particular service, like getting your hair styled"
scarf,スカーフ；かけ布；スカーフをつける,skɑrf,,"a long, narrow piece of material you wear round your neck to keep you warm"
serial,連続もの；連続的な；直列の,ˈsɪˌriəl,,"ongoing, happening more than once in a particular order"
shuttle,折り返し運転；頻繁に往復する；往復させる,ˈʃʌtəl,,travel back and forth between two points
signify,示す；意味する；重要である,ˈsɪgnəˌfaɪ,,shows a sign that it has an important meaning
skate,スケートをする；スケート靴,skeɪt,行為としての「スケート」はskating,glide over the surface as if you are sliding on ice
snack,軽食；間食；たやすいこと；軽食をとる,snæk,,Small amount of food eaten between meals
sofa,ソファー,ˈsoʊfə,,"a long soft seat with a back, big enough for at least two people to sit on"
spa,鉱泉；温泉；健康センター,spɑ,,"a place you can go to relax and  improve your health, or how you look"
spectator,観客,ˈspɛkteɪtər,,a person who watches something happening
spite,悪意,spaɪt,,the desire to direct bad feeling towards someone
stereo,ステレオ；立体音響；ステレオの,ˈstɛriˌoʊ,,a device that plays sound through two or more speakers
submission,提出,səbˈmɪʃən,,"the act of formally delivering a document, for a decision to be made about it"
surf,寄せる波；サーフィンをする,sɜrf,,move from one website to another on the internet
sweater,セーター；汗をかく人；発汗剤；搾取する雇い主,ˈswɛtər,,"a warm item of clothing worn over the arms and upper body, made of wool, "
tablet,錠剤；メモ帳；銘板,ˈtæblət,,a small flat solid cake of some substance
tailor,洋服屋；仕立て屋；服を仕立てる,ˈteɪlər,,adjust something to fit a specific need or market
technician,技術者；専門家；技巧家,tɛkˈnɪʃən,,someone who is trained with special skills to do practical work
teen,１０代の；１０代向けの,tin,,someone aged between the ages of thirteen and nineteen
terrific,ものすごくいい；大変な；恐ろしい,təˈrɪfɪk,,very great or wonderful
tidy,整頓,ˈtaɪdi,,put things in their correct place
toll,通行料金,toʊl,,a small cost or fee you pay to use a service
tow,牽引,toʊ,,pull something along
transit,運送；運送機関；通過；横切る,ˈtrænzɪt,,on the move from one place to another
umbrella,傘,əmˈbrɛlə,,"something, like an organization, that covers a  similar range of things "
underline,下線,ˈʌndərˌlaɪn,,to call attention to
usage,使用法,ˈjusəʤ,,the usual or customary way in which something is used
vacant,空いている；使われていない；ぼんやりとした,ˈveɪkənt,,empty
vacation,休暇,veɪˈkeɪʃən,,a holiday or break from work
vacuum,真空,ˈvækjum,,a completely empty space
vase,花瓶,veɪs,,"a jug or urn to put cut flowers in, to make a room look pretty "
vegetarian,菜食主義者；菜食主義の；野菜だけの,ˌvɛʤəˈtɛriən,,someone who does not eat meat or fish
violin,バイオリン,vaɪəˈlɪn,,small wooden instrument with four strings for making music
visa,ビザ；査証；査証する,ˈvizə,,travel permit that allows you to enter a particular country for a period of time
voucher,伝票,ˈvaʊʧər,,a piece of paper that you can use to buy goods or to get them at a reduced price
wallet,財布,ˈwɔlət,,"a small case that can fit in a pocket, used by men to hold money  and credit cards"
wireless,無線,ˈwaɪrlɪs,,a means of communication that uses radio waves instead of wires
worthwhile,価値のある；役に立つ,ˈwɜrˈθwaɪl,,useful; there is some value to it
wrinkle,"しわ,ひだ；しわをつくる；名案",ˈrɪŋkəl,,a crease or fold
zoo,動物園,zu,,a park where many different types of live animals are kept
abide,遵守,əˈbaɪd,,put up with
acclaim,称賛,əˈkleɪm,,approval and great praise
amenity,快適さ,əˈmɛnəti,,"Something, like a swimming pool in a town, that makes life more comfortable and enjoyable."
audition,試演；聴力；聴取；オーディションを受ける,ɑˈdɪʃən,,a try out done by a performer to test whether they have the skills to do the job
banquet,晩餐会；大宴会；晩餐会を催す；御馳走を食べる,ˈbæŋkwət,,a formal meal given for a lot of people
barbecue,バーベキュー,ˈbɑrbɪˌkju,,"meal that has been cooked on a grill, outdoors"
beforehand,予め,bɪˈfɔrˌhænd,,earlier in time
blueprint,設計図,ˈbluˌprɪnt,,a drawing or plan to show what the finished thing will look like
booth,小さく仕切られた部屋；展示スペース,buθ,,"an enclosed space like a cubicle, stall or stand"
briefcase,書類かばん,ˈbrifˌkeɪs,,a small case with a handle usually used for carrying business papers
browse,ブラウザ；拾い読みをする人,braʊz,,"look or leaf through casually, like looking through a book without really reading it"
buffet,激しく揺さぶる；翻弄する；簡易食堂；セルフサービスの食事,ˈbʌfət,,a meal consisting of a number of different dishes from which people serve themselves
carpenter,大工；木工職人；大工仕事でつくる,ˈkɑrpəntər,,a person makes and mends things made of wood for a liviing
cartridge,交換用容器；弾薬筒；実包,ˈkɑrtrəʤ,,"a piece of the equipment that is a sealed unit, and that can be taken out and replaced "
closet,戸棚；収納室；秘密の；部屋に閉じ込める,ˈklɑzət,,a small cupboard
contraction,収縮,kənˈtrækʃən,,a tightening or squeezing movement
coupon,割引券；申し込み用紙；回数券,ˈkuˌpɔn,,a piece of paper that you can use to buy goods or to get them at a reduced price
cumulative,累積的な,ˈkjumjələtɪv,,gets bigger by more and more being added to it
demolish,取り壊す；くつがえす；食い尽くす,dɪˈmɑlɪʃ,,knock down; completely destroy
dental,歯科用,ˈdɛntəl,,relating to teeth
diploma,卒業証書；免許証；課程；公文書,dɪˈploʊmə,,a document certifying the successful completion of a course of study
disconnect,遮断する；接続を切る；関係を切る；相違,dɪskəˈnɛkt,,cut off or detach
drawback,"不利な点, 欠点；障害, 故障；払い戻し金",ˈdrɔˌbæk,,the downside of something
euro,ユーロ,ˈjuroʊ,,a unit of money used in a number of European countries
excursion,修学旅行,ɪkˈskɜrʒən,,a journey taken for pleasure
firefighter,消防士,ˈfaɪrˌfaɪtər,,someone whose job it is to put out fires or save people from dangerous situations
firework,花火,ˈfaɪrˌwɜrk,,"a small stick-like object that, when lit with a flame, goes off with a bang and flashes of colored light "
fluent,流暢,ˈfluənt,,able to speak a language easily and with confidence
folder,フォルダ；書類ばさみ,ˈfoʊldər,,a file or covering to keep papers in
freelance,フリーランサー；自由契約の；フリーで働く,ˈfriˌlæns,,"working for yourself, not for an employer  "
garbage,ごみ,ˈgɑrbɪʤ,,trash; something that is worthless
handbook,手引書；入門書；旅行案内書,ˈhændˌbʊk,,a book that gives intructions on how to do something
hesitant,ためらいがちな,ˈhɛzɪtənt,,hold back from acting because you are uncertain or undecided
hospitality,親切なもてなし；厚遇；もてなしの食事,ˌhɑspəˈtæləti,,"welcoming, friendly behavior  you show to visitors or guests"
humidity,湿度,hjuˈmɪdəti,,how much dampness their is in the air
hygiene,衛生学; 健康法；衛生(状態)；清潔（に保つこと）,ˈhaɪˌʤin,,how you keep yourself and your surroundings clean and so that you stay healthy
inclusive,包含的,ɪnˈklusɪv,,includes everything
induction,誘導,ɪnˈdʌkʃən,,the act of being introduced into
informative,有益,ɪnˈfɔrmətɪv,,tells you a lot of useful facts about somethiing
intern,抑留する；研修生；インターンとして勤務する,ˈɪntɜrn,,"a stuent or trainee who is doing a job, often without pay, to get work experience"
internship,インターンの身分[実施期間],ˈɪntərnˌʃɪp,,"a position or placement for someone to learn a job through work, sometimes without pay"
kilogram,キログラム,ˈkɪləˌgræm,,a unit of weight; one kilogram is about the same weight as 2.2 pounds
liter,リットル,ˈlitər,,a unit  of measurement for liquids
locker,ロッカー,ˈlɑkər,,a small cupboard  you can store personal items in securely for a period of time
luggage,荷物,ˈlʌgəʤ,,Bags and cases that you carry your clothes in when you go on a journey
memorandum,連絡票；覚書契約書；定款；報告書,ˌmɛməˈrændəm,,A written note or message to remind you or someone else to do something
mentor,師匠,ˈmɛnˌtɔr,,personal advisor or teacher
merchandise,商品,ˈmɜrʧənˌdaɪz,,goods for sale
mini,極小の；小型の,ˈmɪni,,smaller than is usual for a particular type of thing
nap,昼寝,næp,,"a short sleep, often taken during the daytime"
necklace,ネックレス,ˈnɛkləs,,"a piece of jewelery, or decoration, worn around the neck"
overcrowd,混雑さ,ˌoʊvərˈkraʊd,,too many people in too small a space
pamphlet,パンフレット；小冊子；小論文；論説,ˈpæmflət,,a small paper leaflet or booklet  that tells you about a single subject
pant,あえぐ；喘ぎながら言う；喘ぎ；息切れ；動悸；ズボンの,pænt,,"take short sharp breaths through your mouth, noisily"
payroll,給与計算,ˈpeɪˌroʊl,,the total amount of money paid in wages
pharmacist,薬剤師,ˈfɑrməsɪst,,a person whose job it is to prepare medicines
pharmacy,薬局,ˈfɑrməsi,,a store where medicines are prepared and sold
preview,試写,ˈpriˌvju,,a chance to see something before it becomes generally available
reflexive,反射的,rəˈflɛksɪv,,referring back to itself
refund,返金；(~ A B)AにBを払い戻す,ˈriˌfʌnd,,give back money that has already been paid
refundable,返金可能な,rɪˈfʌndəbəl,,money that can be returned if you change your mind about a purchase
reimburse,返済する,ˌriɪmˈbɜrs,,give back the money for an expense that has been paid out
reimbursement,弁償,ˌriɪmˈbɜrsmənt,,the money that is given to cover the cost of an expense that has been paid out
sewer,下水道,ˈsuər,,the pipes that carry water and waste away from toilets
skim,すくいとる；すれすれに飛ぶ；ざっと目を通す；不正コピーする；脱脂乳,skɪm,,to move quickly above the surface without touching it
spreadsheet,スプレッドシート；表計算ソフト,ˈsprɛdˌʃit,,a computer program worksheet or table that you enter information onto
staple,主食,ˈsteɪpəl,,short thin piece of wire  that is punched through sheets of paper to fasten them together
streamline,流線形；流線形にする；能率[合理]化する,ˈstrimˌlaɪn,,make smoother and more efficient
trash,ごみ；壊す；ボロクソに言う；捨てる,træʃ,,garbage or waste; something worthless
tuition,学費,tjuˈɪʃən,,the sum of money charged for teaching by a college or university
tuna,ツナ,ˈtunə,,"a type of fish that lives in the sea, and is good to eat"
underway,進行中,ˌʌndərˈweɪ,,happening now
vacancy,欠員,ˈveɪkənsi,,job or position that needs to be filled
waive,放棄する；撤回する；無効にする；見送る,weɪv,,to give up or do without
warranty,保証,ˈwɔrənti,,the promise to repair or replace a product if it ceases to work properly
yen,円,jɛn,,the basic unit of money in Japan
auditorium,講堂,ˌɔdəˈtɔriəm,,the area of a theater or concert hall where the audience sits
beverage,飲み物,ˈbɛvərɪʤ,,any liquid suitable for drinking
broom,帚,brum,,a brush with a long handle used for sweeping the dirt from the floor
carton,カートン,ˈkɑrtən,,a box made of cardboard or plastic in which things like milk and juice are sold
consignment,託送,kənˈsaɪnmənt,,a shipment of goods for  delivery
culinary,料理の,ˈkjulɪˌnɛri,,relating to cooking
customize,カスタマイズする；好みに合わせて変更する,ˈkʌstəˌmaɪz,,make or change something to suit the customer's  particular needs
discontinue,中止する；やめる,dɪskənˈtɪnju,,stop doing it
extinguisher,消火器,ɪkˈstɪŋgwɪʃər,,Device used to put out fires
foreman,親方；監督；陪審長,ˈfɔrmən,,Senior worker who controls other workers
habitual,常習,həˈbɪʧuəl,,"regular, what you always do"
intonation,抑揚；音調；語調；発声法,ɪntəˈneɪʃən,,the rise and fall of the voice when speaking
invoice,請求書,ˈɪnvɔɪs,,a written request for payment for the goods and services listed
luncheon,昼食会；午餐会；昼食；軽食,ˈlʌnʧən,,a formal meal eaten in the middle of the day
misplace,置き間違える；間違って与える；置き忘れる,mɪsˈpleɪs,,forget where you have put it
needy,貧乏な；貧しい人々；愛情に飢えた,ˈnidi,,people who are poor and do not have enough to live on
overdue,延滞,ˈoʊvərˈdu,,past the date you should do something; late
password,パスワード,ˈpæˌswɜrd,,a secret word or phrase needed to prove who you are
penalize,有罪と宣告する；罰する,ˈpɛnəˌlaɪz,,to punish someone
personalize,に名を入れる；個々にあったものにする；個人の問題に引き付けて扱う；擬人化する,ˈpɜrsənəˌlaɪz,,change something so that it is tailored to a particular person's needs
photocopier,コピー機,ˈfoʊtoʊˌkɑpiər,,a machine that makes exact copies of documents
photocopy,コピー,ˈfoʊtoʊˌkɑpi,,an exact copy of a document made with a photographic machine
proficiency,熟練,prəˈfɪʃənsi,,skill and experience
rebate,払い戻し；割引金,ˈriˌbeɪt,日本語の「リベート」と異なり非合法な意味はない,an amount of money given back to you as part of the deal when you buy goods or services
redesign,再設計,ˌridɪˈzaɪn,,change or improve the plan of how a thing is made
subtract,引く；減じる；控除する；引き算する,səbˈtrækt,,take away from
subway,地下鉄,ˈsʌˌbweɪ,,a tunnel under the road for people to walk through
teller,出納係,ˈtɛlər,,"person who works in a bank, who pays out and takes in money"
vanilla,バニラ,vəˈnɪlə,,a flavoring used in ice cream and other sweet foods to make them taste good
anew,新たに,əˈnu,,"starting over again, a fresh start"
apprehensive,心配して；気づかって；恐れて；明敏な；知覚の,ˌæprɪˈhɛnsɪv,,"uneasy, worried"
attire,服装,əˈtaɪər,,clothing
automotive,自動車,ˌɔtəˈmoʊtɪv,,of or relating to motor vehicles
cafeteria,カフェテリア；学食；社員食堂,ˌkæfəˈtɪriə,,a restaurant where you serve yourself and pay a cashier
cashier,会計係；レジ係；会計監査役；免職になる；捨てる,kæˈʃɪr,,the person whose job it is to take the money you pay for goods or services
cookie,クッキー,ˈkʊki,,"a small, flat, round, dry, sweet cake-like snack "
courier,宅配便,ˈkɜriər,,Person paid to carry and deliver documents
debit,"引き落とし額,借り方;＜金額を＞引き落とす",ˈdɛbɪt,,a record of an amount of money taken out of an account
donut,ドーナツ,ˈdoʊˌnʌt,,"small, fried, very sweet piece of dough covered in sugar and good to eat"
gasoline,ガソリン,ˈgæsəˌlin,,fuel used in most motor vehicles
hotline,ホットライン（国家首脳間の直通電話）,ˈhɑtˌlaɪn,,"telephone line that gives direct, fast access"
itinerary,旅程,aɪˈtɪnəˌrɛri,,a detailed plan of what will happen on a journey
outdated,時代遅れ,ˈaʊtˌdeɪtɪd,,to be older than
paraphrase,言い換え,ˈpɛrəˌfreɪz,,saying it again but putting the same meaning into different words
projector,映写機；投影機,prəˈʤɛktər,,an optical instrument that projects an enlarged image onto a screen
remodel,改造する；リフォームする；模様替えする,riˈmɑdəl,,change or alter nearly everything to make it look different
restatement,"言い換え, 言い直し; 再声明.",riˈsteɪtmənt,,a statement that has been reworded
stationery,文房具,ˈsteɪʃəˌnɛri,,any materials needed for writing and printing
stockbroker,株式仲介人,ˈstɑkˌbroʊkər,,an agent whose job it is to buy and sell stocks and bonds
upcoming,来たる,ˈʌpˌkʌmɪŋ,,happening soon
vacate,退く；辞任する；立ち退く；無効にする,ˈveɪkeɪt,,leave empty; move out of
yoga,ヨガ,ˈjoʊgə,,a system of exercise to give control over your mind and body
considerate,思いやりのある；優しい；(It is ~of A to do )...するとはAは思いやりがある,kənˈsɪdərət,,showing concern for the rights and feelings of others
malfunction,故障,mælˈfʌŋkʃən,,a breakdown or failure in the system
sauna,サウナ,ˈsɔnə,,a Finnish steam bath; steam is produced by pouring water over heated rocks
volleyball,バレーボール,ˈvɑliˌbɔl,,a ballgame for two teams who try to hit a large ball backwards and forwards across a central net
brainstorm,突然のひらめき；名案；ブレストする,ˈbreɪnˌstɔrm,,a group discussion to come up with a lot of ideas very quickly
condominium,分譲マンション；共同統治,ˌkɑndəˈmɪniəm,,"a building that has lots of apartments in it, all owned and lived in by different people"
deluxe,豪華な；豪華に,dəˈlʌks,,rich and superior in quality
escalator,エスカレーター,ˈɛskəˌleɪtər,,a moving stairway
expedite,緊急,ˈɛkspɪˌdaɪt,,speed up the progress of
hereby,ここに,hɪrˈbaɪ,,a formal way of saying 'as a result of this'
punctual,時間に正確な；時間通りの,ˈpʌŋkʧuəl,,arriving on time
sedan,セダン,səˈdæn,,a type of car that has seats for four people
semester,学期,səˈmɛstər,,one of two divisions of the school year
spam,クズメール；多数の人に送りつける,spæm,,"unwanted e-mail, usually of a commercial nature sent out in bulk "
vend,販売する；売り歩く；売却する,vend,,To offer something for sale or to sell something
cellphone,携帯電話,ˈsɛlfoʊn,,phone that connects to the system by radio so that you can use it anywhere
overpay,余計に払う；払いすぎる,ˈoʊvərˌpeɪ,,to hand over too much money
realtor,不動産業者,ˈriəltər,,"a person who sells, rents out or manages property for a living"
toiletry,洗面化粧品,ˈtɔɪlətri,,articles used for washing and taking care of your body
concierge,接客係；守衛；管理人,ˌkɑnsiˈɛrʒ,,the person in a hotel whose job it is to arrange things for the guests
overcharge,負荷をかけすぎる；満たす；誇張する；過剰請求；過充電,ˈoʊvərˌʧɑrʤ,,to ask for too much money for goods or service
outage,停電,ˈaʊtəʤ,,a failure in the power system so that there is no electricity available
paralegal,弁護士補助員,ˌpɛrəˈligəl,,someone who works in a law company but who has not trained as a lawyer
purser,事務長（事務だけでなく；乗客サービスも担当する乗務員）,ˈpɜrsər,,an officer aboard a ship who keeps accounts and attends to the passengers' needs
login,ログインする,login,,to enter a computer website account
flextime,自由勤務時間制,ˈflɛkˌstaɪm,,there is a choice about when to start and finish working a set number of hours
sue,訴える,su,,To take legal action against someone
airfare,航空運賃,ˈɛrˌfɛr,,the amount of money charged for traveling by airplane
airplane,飛行機,ˈɛrˌpleɪn,,a powered vehicle that flys through the air to its destination
airport,空港,ˈɛrˌpɔrt,,the place where you go to get on a plane
backpack,バックパックを背負って旅行する,ˈbækˌpæk,,a bag with shoulder straps worn on the back
ballroom,宴会場,ˈbɔlˌrum,,large room used mainly for dancing
bathroom,バスルーム,ˈbæˌθrum,,a room where there is a bath and/or a shower
birthday,お誕生日,ˈbɜrθˌdeɪ,,the day in the year on which a person was born
boardroom,会議室,ˈbɔrˌdrum,,a room where the board of directors of a company hold meetings
bookcase,本棚,ˈbʊkˌkeɪs,,a piece of furniture with shelves for storing books
bookstore,本屋,ˈbʊkˌstɔr,,A place where you go to buy books
businessman,ビジネスマン,ˈbɪznəˌsmæn,,"a man who works in commercial or industrial business, especially an owner or executive  "
businessperson,事業者,ˈbɪznəˈspɜrsən,,"a person who works in commercial or industrial business, especially an owner or executive  "
checkout,出る；チェックアウトする；正しいと判明する,ˈʧɛˌkaʊt,,the latest time that you must vacate a hotel room
cheeseburger,チーズバーガー,ˈʧizbərgər,,a hamburger with melted cheese on it
classmate,同級生,ˈklæˌsmeɪt,,Someone studying in your class with you
cookbook,料理の本,ˈkʊkˌbʊk,,a book that gives directions  on how to prepare and cook food
countryside,田舎,ˈkʌntriˌsaɪd,,"land outside of cities and towns, that does not have buildings on it"
daytime,昼間,ˈdeɪˌtaɪm,,The time between when the sun rises and when it  goes down; not nightime
desktop,デスクトップ；机の表面,ˈdɛskˌtɑp,,the working area of a computer screen when no programs are open
dishwasher,食器洗い機,ˈdɪˌʃwɑʃər,,a machine that cleans dirty dishes
doorman,玄関世話係,ˈdɔrˌmæn,,Someone whose job it is to stand at entrance to a hotel to let people go in and out
download,ダウンロード,ˈdaʊnˌloʊd,,transfer a file or program onto your computer
downsize,小型化,ˈdaʊnˌsaɪz,,reduce in size or number
downstairs,階下,ˈdaʊnˈstɛrz,,on a lower floor of a building
downtown,中心部へ；繁華街；商業地区の；,ˈdaʊnˈtaʊn,,the business or central part of a city or town
downturn,低迷,ˈdaʊnˌtɜrn,,a drop in the success of a business or the economy
feedback,反応；反響；感想；意見；ハウリング,ˈfidˌbæk,,information given to the provider about how good or bad the goods or services were
footwear,履物,ˈfʊˌtwɛr,,"something you wear on your feet, such as shoes or boots"
fundraise,資金集め,fundraise,,to get money from people for a partular project
getaway,逃げる,ˈgɛtəˌweɪ,,escape or leave very quickly
hallway,廊下,ˈhɔlˌweɪ,,a passage or corridor that other rooms open out of
hardworking,勤勉な,ˈhɑrˌdwɜrkɪŋ,,always puts a lot of effort into the task or job
headache,頭痛,ˈhɛˌdeɪk,,pain in the head
headphone,ヘッドホン,ˈhɛdˌfoʊn,,a set of small speakers that fit into each ear so that only you can hear the sound
healthcare,健康管理,ˈhɛlθˌkɛr,,the business of providing medical services to a community or individuals
homemade,自家製,ˈhoʊmˈmeɪd,,not bought from a store; made at home
homeowner,家主,ˈhoʊˌmoʊnər,,someone who owns the house that they live in
homework,宿題,ˈhoʊmˌwɜrk,,the work a teacher gives to students to be done outside of school
housekeeper,お手伝いさん,ˈhaʊˌskipər,,someone whose job it is to take care of and clean another person's house
incoming,入ってくる；後任の；次に来る；次期,ˈɪnˌkʌmɪŋ,,just arriving
laptop,ノートパソコン,ˈlæpˌtɑp,,a computer small enough to carry and to use in your lap
layoff,一時解雇する,ˈleɪˌɔf,,"the act of ending a worker's job because there is not enough work, or not enough money to pay for it"
layout,レイアウト；設計,ˈleɪˌaʊt,,the plan of how it is set out
letterhead,レターヘッド（便箋上部の会社名･住所などの印刷）,ˈlɛtərˌhɛd,,the printing at the top of a letter that tells you the name and details of the company sending it
lifeguard,監視員；救助員；ライフセーバー；監視員をする,ˈlaɪfˌgɑrd,,the person whose job it is to keep people safe at the beach or at  pool
lifestyle,生活様式；暮らしぶり；ライフスタイル,ˈlaɪfˌstaɪl,,the way that you live; the things that you usually do
lifetime,一生,ˈlaɪfˌtaɪm,,The time between when a person is born and when they die
lunchtime,昼食時間,ˈlʌnʧˌtaɪm,,The usual time for eating the midday meal
midnight,真夜中,ˈmɪdˌnaɪt,,12 o'clock at night
motorcycle,オートバイ,ˈmoʊtərˌsaɪkəl,,a motor vehicle with two wheels and a strong frame
newsletter,広報；社報；会報,ˈnuˌzlɛtər,,report or open letter giving information of interest to a special group
newsstand,新聞売り場,ˈnuzˌstænd,,a small structure where newspapers and magazines are sold
outstanding,傑出した；目立った；未払いの；未解決の,ˌaʊtˈstændɪŋ,,not yet completed
overtime,"超過勤務, 残業；残業手当；延長戦；時間外の,超過勤務の；時間外で；勤務時間を超過して",ˈoʊvərˌtaɪm,,work done in addition to regular working hours
paperback,紙表紙本の,ˈpeɪpərˌbæk,,a book that has a cover made of paper
paperwork,事務処理,ˈpeɪpərˌwɜrk,,the written work to do with any particular job
paycheck,給料,ˈpeɪˌʧɛk,,the piece of paper that tells a worker how much they have earned
popcorn,ポップコーン,ˈpɑpˌkɔrn,,grains of maize that have been heated up until they explode; good to eat as a snack
postcard,葉書,ˈpoʊstˌkɑrd,,a card for sending messages by post without an envelope
proofread,校正,ˈpruˌfrid,,read for errors
railway,鉄道,ˈreɪlˌweɪ,,"transport system of tracks ,stations and trains"
raincoat,レインコート,ˈreɪnˌkoʊt,,a water-resistant coat
rainfall,降雨,ˈreɪnˌfɔl,,"Water that falls from the clouds in the sky, in little drops"
restroom,トイレ；お手洗い,ˈrɛˌstrum,,room in a building which contains one or more toilets for public use
salesman,男性店員；男性販売員；男性外交官；営業マン,ˈseɪlzmən,,a man whose job it is to get people to buy things from his company
salespeople,営業担当者,ˈseɪlzˌpipəl,,men and women whose job it is get people to buy things from their company
salesperson,店員,ˈseɪlzˌpɜrsən,,a man or woman whose job it is get people to buy things from their company
seafood,海産食品；魚介,ˈsiˌfud,,things you can eat as food that live in the sea
seaside,海岸；海岸の,ˈsiˌsaɪd,,a place right by the ocean where people can go to relax and have fun
showroom,(商品の)展示室,ˈʃoʊˌrʊm,,an area where goods for sale are set out so people can look at them
sidewalk,歩道,ˈsaɪˌdwɔk,,the area that runs alonside a road for people to walk on
sightsee,観光旅行をする；見物する,ˈsaɪtˈsi,,go to visit places of interest
skateboard,スケートボード,ˈskeɪtˌbɔrd,,a flat board with small wheels on the bottom that you move by pushing on the ground with one foot
someday,何時か,ˈsʌmˌdeɪ,,At some unspecified time in the future
spokesperson,代弁者,ˈspoʊkspərsən,,one man or woman who speaks officially for the rest of the group
stockholder,株主,ˈstɑkˌhoʊldər,,someone who holds shares of stock in a corporation
storeroom,納戸,ˈstɔrˌrum,,a room where things can be kept when they are not being used
suitcase,旅行かばん,ˈsutˌkeɪs,,A large bag like container for carrying clothes when traveling
sunscreen,日焼け止め,sənˈskrin,,a cream spread on the skin that protects your skin from the sun
supermarket,スーパーマーケット,ˈsupərˌmɑrkɪt,,a large self-service store selling food and household items
takeover,買収,ˈteɪˌkoʊvər,,the buying out of one company by another
textbook,教科書,ˈtɛkstˌbʊk,,a book of facts to be used for the study of a particular subject
thunderstorm,雷雨,ˈθʌndərˌstɔrm,,"an extreme weather condition with rain, wind, thunder and lightening"
timeline,スケジュール表；歴史年表,ˈtaɪmlaɪn,,"a series of related events arranged in the order they happen, and displayed in a row "
timetable,時刻表,ˈtaɪmˌteɪbəl,,a list of events and when they are going to happen
trademark,商標,ˈtreɪdˌmɑrk,,the trade or brand name
underground,地下,ˈʌndərˌgraʊnd,,below the surface
upstairs,二階,əpˈstɛrz,,on a higher level of the building
videoconference,ビデオ会議,ˈvidioʊˌkɑnfrəns,,meeting carried out over the internet
walkway,歩道,ˈwɔˌkweɪ,,a connecting passage or path for pedestrians to move along
webpage,ウェブページ,webpage,,information shown on the screen of an internet website about a particular subject
website,ウェブサイト,ˈwɛbˌsaɪt,,a set of internet pages that give information about a particular person or organization
weekday,平日,ˈwikˌdeɪ,,"All the working days in a week, usually Monday to Friday"
wheelchair,車椅子,ˈwilˌʧɛr,,"a seat, that has wheels, that allows a person who cannot walk to move about"
wildlife,野生動物,ˈwaɪlˌdlaɪf,,animals and plants that live in the natural world
workbook,練習帳；取扱説明書；作業手引書,workbook,,"a file containing information about a particular subject, and relatated problems to be solved by the student"
workforce,労働力,ˈwɜrkˌfɔrs,,all the people that a company employs
workplace,職場,ˈwɜrkˌpleɪs,,the location where you do your job
workshop,工房,ˈwɜrkˌʃɑp,,a building or room where things are made or repaired
worldwide,世界的に,ˈwɜrlˈdwaɪd,,Spanning or reaching across the whole earth
wristwatch,腕時計,ˈrɪˌstwɑʧ,,a small device for telling the time that you wear on your lower arm
pole,棒；柱；電柱；さおを突いて進める,poʊl,,"a long, thin stick or post"
coworker,同僚,ˈkoʊˈwɜrkər,,a person that works with you in the same workplace
headquarter,本社,ˈhɛdˌkwɔrtər,,the main office of an organization
wellness,健康（な状態）,ˈwɛlnəs,,State of being healthy; not ill
sharply,鋭く,ˈʃɑrpli,,harshly
manual,手動の；手引書；マニュアル,ˈmænjuəl,,a book that explains how to do something
advancement,昇進；昇給；出世；進歩；向上；促進,ədˈvænsmənt,,gradual move forward
ma'am,奥様,mæm,,"short for 'madam', a polite way to address a woman"
appetizer,前菜,ˈæpəˌtaɪzər,,small amount of food eaten before the main meal
checkup,調べる,ˈʧɛˌkʌp,,a test to see that all is as it should be
healthful,健康的な,ˈhɛlθfəl,,helping to keep well in body and mind
housekeep,家政婦；清掃係,housekeep,,take care of all business related to a household
o'clock,時,əˈklɑk,,the hour of the day
renter,借家人,ˈrɛntər,,someone who pays money to have the use of something for a period of time
stapler,ホッチキス；主要物品商；羊毛商；羊毛を選別する人,ˈsteɪpələr,,a small device used to fix papers together with a small thin piece of wire called a staple
bound,限界；境界；はずむ,baʊnd,,"wrap around with something, so as to cover or enclose  "
distractor,気を散らすもの；(選択式問題の)誤った選択肢.,dɪˈstræktər,,an incorrect option offered in a multiple choice question
ice cream,アイスクリーム,aɪs krim,,"Frozen food made of cream, very sweet and good to eat"
repairperson,修理人,repairperson,,Person whose job it is to fixe things when they are broken
unauthorized,不正,əˈnɔθəˌraɪzd,,without official permission
misidentify,誤認,mɪsaɪˈdɛntəˌfaɪ,,to mistakenly recognise something; to think that it is something else