BSL Word,Japanese Translate,Pronunciation(IPA),Explanation
abolish,廃止,əˈbɑlɪʃ,
absorb,吸収する,əbˈzɔrb,
absorption,吸収,əbˈzɔrpʃən,
accelerate,加速する；促進する,ækˈsɛləˌreɪt,
acceptance,受け入れ,ækˈsɛptəns,
accessible,入手できる；行ける；気さくな,ækˈsɛsəbəl,
accommodate,収容できる；適応する,əˈkɑməˌdeɪt,
accomplishment,完成,əˈkɑmplɪʃmənt,
accordance,一致,əˈkɔrdəns,
accordingly,それに応じて,əˈkɔrdɪŋli,
accountability,"説明責任, 報告義務",əˈkaʊntəbɪlɪti,
accountable,責任,əˈkaʊntəbəl,
accountant,会計士,əˈkaʊntənt,
accrual,発生主義,əˈkruəl,
accrue,（利益・権利などが）増加する；生じる,əˈkru,
accumulate,累積,əˈkjumjəˌleɪt,
accumulation,累積,əˌkjumjəˈleɪʃən,
accuracy,正確さ,ˈækjərəsi,
accurately,正しく,ˈækjərətli,
accusation,告訴,ˌækjəˈzeɪʃən,
acid,酸,ˈæsəd,
acre,"エーカー； 土地, 所有地",ˈeɪkər,
actively,積極的に,ˈæktɪvli,
activist,活動家,ˈæktəvəst,
adequately,"十分に,適切に;そこそこに",ˈædəkwətli,
adhere,遵守する,ədˈhɪr,
administer,管理する；運営する；統治する,ədˈmɪnəstər,
administrative,行政の,ədˈmɪnəˌstreɪtɪv,
administrator,管理者,ədˈmɪnəˌstreɪtər,
admission,入場,ædˈmɪʃən,
adoption,可決,əˈdɑpʃən,
adverse,"不都合な,不利な；有害な；敵対的な；反対の",ædˈvɜrs,
advertiser,広告主,ˈædvərˌtaɪzər,
advisor,顧問,ædˈvaɪzər,
advisory,顧問,ædˈvaɪzəri,
affiliate,"系列組織；加入させる, 提携させる",əˈfɪliˌeɪt,
affordable,手頃な価格,əˈfɔrdəbəl,
afterward,その後,ˈæftərwərd,
aggregate,"集合(体), 集団；総計；集成岩；総計の, 総合の; 集合した；総計でC〈数量〉となる；集まる",ˈægrɪgɪt,動詞｜ -ɡèɪt｜(!〖名詞〗〖形容詞〗と〖動詞〗で発音が異なるので注意)
agriculture,農業,ˈægrɪˌkʌlʧər,
airport,空港,ˈɛrˌpɔrt,
alas,"嗚呼；残念ながら,悲しいことに.",əˈlæs,
albeit,とはいえ,ɔlˈbiɪt,
alert,警報,əˈlɜrt,
algorithm,アルゴリズム,ˈælgəˌrɪðəm,
align,一直線にする；提携する,əˈlaɪn,
alike,共に,əˈlaɪk,
allegation,申し立て,ˌæləˈgeɪʃən,
allegedly,伝えられるところでは,əˈlɛʤədli,
alliance,同盟；提携,əˈlaɪəns,
allocate,割り当てる,ˈæləˌkeɪt,
allocation,割り当て,ˌæləˈkeɪʃən,
allowance,手当,əˈlaʊəns,
alpha,アルファ；初めのもの,ˈælfə,
aluminum,アルミニウム,əˈlumənəm,
ambassador,大使,æmˈbæsədər,
ambition,野心,æmˈbɪʃən,
ambitious,野心的な,æmˈbɪʃəs,
amend,修正する,əˈmɛnd,
amid,の真ん中に；の最中に,əˈmɪd,
amongst,の間に,əˈmʌŋst,
amortization,償却,ˌæmərtɪˈzeɪʃən,
amortize,定期的に返済する,ˈæmərˌtaɪz,
analytic,分析,ˌænəˈlɪtɪk,
analytical,分析,ˌænəˈlɪtɪkəl,
anniversary,記念日,ˌænəˈvɜrsəri,
annualize,年間で〜になる；〜を年間で計算する,ˈænjuwəˌlaɪz,
annually,毎年,ˈænjuəli,
annuity,年金,əˈnuəti,
annum,年間,ˈænəm,
anti,反,ˈænti,
antitrust,独占禁止,ˌæntaɪˈtrʌst,
appetite,食欲,ˈæpəˌtaɪt,
apple,林檎,ˈæpəl,
appliance,器具,əˈplaɪəns,
applicable,適用できる；応用できる；効力がある；ふさわしい；該当する,ˈæpləkəbəl,
applicant,申請者,ˈæplɪkənt,
appraisal,鑑定,əˈpreɪzəl,
appreciation,感謝,əˌpriʃiˈeɪʃən,
appropriately,適当に,əˈproʊpriɪtli,
approximate,近似,əˈprɑksəmət,
approximation,近似値,əˌprɑksəˈmeɪʃən,
arbitrage,さや取り,ˈɑrbɪˌtrɑʒ,
arbitrary,任意,ˈɑrbəˌtrɛri,
arbitration,仲裁,ˌɑrbɪˈtreɪʃən,
architect,建築家,ˈɑrkəˌtɛkt,
archive,アーカイブ；古記録；保管する,ˈɑrˌkaɪv,
arguably,間違いなく,ˈɑrgjuəbli,
array,整列；配列；配置される,əˈreɪ,美しく並べられるときに使われる
artificial,人工的な,ˌɑrtəˈfɪʃəl,
aspect,側面,ˈæˌspɛkt,
assault,暴行,əˈsɔlt,
assemble,組み立てる,əˈsɛmbəl,
assembly,議会；集会；組み立て,əˈsɛmbli,
assert,主張する,əˈsɜrt,
assertion,主張；明言,əˈsɜrʃən,しばしば根拠のない主張につかわれる
assignment,割り当て,əˈsaɪnmənt,
assurance,保証,əˈʃʊrəns,
asylum,収容所,əˈsaɪləm,
atom,原子,ˈætəm,
attain,達成する,əˈteɪn,
attorney,代理人,əˈtɜrni,
attributable,(be)に起因すると思われて；せいと考えられていて,əˈtrɪbjətəbəl,
auction,競売,ˈɑkʃən,
audio,音声；オーディオ,ˈɑdiˌoʊ,
audit,監査,ˈɔdɪt,
auditor,監査役,ˈɔdɪtər,
authority,権限,əˈθɔrəti,
authorization,認定,ˌɔθərəˈzeɪʃən,
authorize,権威を与える；正式に許可する,ˈɔθəˌraɪz,
auto,オート；自動車,ˈɔtoʊ,
automate,自動化,ˈɔtəˌmeɪt,
automatic,自動式の；機械的な,ˌɔtəˈmætɪk,
automobile,自動車,ˈɔtəmoʊˌbil,
autonomous,自主的な,ɔˈtɑnəməs,
autonomy,自治,ɔˈtɑnəmi,
availability,可用性,əˌveɪləˈbɪləti,
averse,嫌って；気が進まなくて；反対して,əˈvɜrs,
aversion,嫌悪,əˈvɜrʒən,
aviation,"航空；飛行術,航空学；航空機産業",ˌeɪviˈeɪʃən,
await,待つ,əˈweɪt,
awkward,気まずい；ぎこちない,ˈɑkwərd,
axis,軸,ˈæksəs,
backward,後方,ˈbækwərd,
bail,寄託,beɪl,
ballot,票,ˈbælət,
banker,銀行家,ˈbæŋkər,
bankrupt,破産,ˈbæŋkrəpt,
bankruptcy,倒産,ˈbæŋkrəptsi,
bargain,格安品；掘り出し物；交渉する,ˈbɑrgən,
barrel,たる,ˈbærəl,
baseball,野球,ˈbeɪsˈbɔl,
baseline,基準線,ˈbeɪˌslaɪn,
basket,バスケット；かご,ˈbæskət,
batch,バッチ；一群,bæʧ,
battery,電池,ˈbætəri,
beam,ビーム；光の筋,bim,
beef,牛肉,bif,
behalf,味方；利益；(on ~ of A)Aの代理で,bɪˈhæf,
behavioral,行動,bɪˈheɪvjərəl,
benchmark,基準,ˈbɛnʧˌmɑrk,
beneficial,有益,ˌbɛnəˈfɪʃəl,
beneficiary,受益者,ˌbɛnəˈfɪʃiˌɛri,
beta,ベータ,ˈbeɪtə,
beverage,飲み物,ˈbɛvərɪʤ,
bidder,入札者,ˈbɪdər,
bilateral,二国間,baɪˈlætərəl,
biography,伝記；経歴,baɪˈɑgrəfi,
bitter,苦い,ˈbɪtər,
blank,無表情な；空白の,blæŋk,
blast,爆風,blæst,
blend,混ぜ合わせる；組み合わせる,blɛnd,
blog,ブログ,blɔg,
boast,自慢,boʊst,
bold,大胆な,boʊld,
bolster,強化する,ˈboʊlstər,
bomber,爆撃機,ˈbɑmər,
bondholder,債券保有者,ˈbɑndˌhoʊldər,
bonus,ボーナス,ˈboʊnəs,
born,生まれ,bɔrn,
borrower,借り手,ˈbɑroʊər,
bounce,跳ねる；弾む,baʊns,
bound,限界；境界；はずむ,baʊnd,
boycott,ボイコット,ˈbɔɪˌkɑt,
bracket,ブラケット；かっこ類；ひとくくりにする,ˈbrækɪt,
brave,勇敢な；勇者,breɪv,
breach,違反,briʧ,
breakdown,壊す,ˈbreɪkˌdaʊn,
breakthrough,突破口,ˈbreɪkˌθru,
bribe,賄賂,braɪb,
brick,煉瓦,brɪk,
broadband,ブロードバンド；広帯域の,ˈbrɔdˌbænd,
broaden,広げる,ˈbrɔdən,
broadly,広く,ˈbrɔdli,
brochure,パンフレット；小冊子,broʊˈʃʊr,
broker,ブローカー；仲介者；仲介する,ˈbroʊkər,
brokerage,仲買,ˈbroʊkərɪʤ,
browser,ブラウザ；拾い読みをする人,ˈbraʊzər,
brutal,凶悪な,ˈbrutəl,
bubble,バブル；泡；泡立つ,ˈbʌbəl,
buffer,バッファ；和らげるもの；衝撃を和らげる,ˈbʌfər,
bug,バグ；虫；悩ませる,bʌg,
builder,建築業者；〜を形成するもの,ˈbɪldər,
bulk,かさ,bʌlk,
bull,ブル,bʊl,
bullet,弾丸,ˈbʊlət,
bully,いじめ,ˈbʊli,
bundle,バンドル；束；包み,ˈbʌndəl,
bureaucracy,官僚,bjʊˈrɑkrəsi,
bureaucrat,官僚,ˈbjʊrəˌkræt,
bureaucratic,官僚,ˌbjʊrəˈkrætɪk,
businessman,ビジネスマン,ˈbɪznəˌsmæn,
bust,胸像；(女性の）胸；破裂させる；破産させる,bʌst,
buyout,買収,ˈbaɪˌaʊt,
cabinet,戸棚,ˈkæbənət,
calculation,計算,ˌkælkjəˈleɪʃən,
calculator,電卓,ˈkælkjəˌleɪtər,
calendar,カレンダー,ˈkæləndər,
campus,構内；大学の,ˈkæmpəs,
cancellation,取り消し,ˌkænsəˈleɪʃən,
candidate,候補者,ˈkændədeɪt,
capita,人,ˈkæpɪtə,
capitalism,資本主義,ˈkæpɪtəˌlɪzəm,
capitalist,資本家,ˈkæpətəlɪst,
capitalization,総額,ˌkæpɪtəlɪˈzeɪʃən,
capitalize,大文字にする,ˈkæpətəˌlaɪz,
captain,キャプテン；長,ˈkæptən,
cargo,貨物,ˈkɑrˌgoʊ,
carmaker,自動車メーカー,ˈkɑrˌmeɪkər,
carrier,運ぶもの；運送会社；通信会社；保険会社,ˈkæriər,
cartel,カルテル；企業連合,kɑrˈtɛl,
casino,カジノ,kəˈsinoʊ,
casual,カジュアル；無頓着な；臨時の；偶然の,ˈkæʒəwəl,原義は「偶然の」
casualty,死傷者,ˈkæʒəwəlti,
catastrophe,破局,kəˈtæstrəfi,
cater,（for A）Aの料理をまかなう,ˈkeɪtər,
cattle,牛,ˈkætəl,
caution,注意,ˈkɑʃən,
cautious,"注意深い,用心深い；慎重な",ˈkɔʃəs,〖be cautious about A/doing〗 〈人が〉A〈人･物･事〉について[…することに]慎重である; 〖be cautious to do/not to do〗 〈人が〉…するのに[…しないよう]用心している
cease,終わる；やめる,sis,
ceasefire,停戦,ˈsiˈsfaɪər,
ceiling,天井,ˈsilɪŋ,
celebrity,有名人,səˈlɛbrɪti,
census,人口調査,ˈsɛnsəs,
centralize,一元化,ˈsɛntrəˌlaɪz,
certainty,確実,ˈsɜrtənti,
certificate,証明書,sərˈtɪfɪkət,
certification,認証,ˌsɜrtəfəˈkeɪʃən,
certify,証明 / 保証する,ˈsɜrtəˌfaɪ,
chancellor,宰相,ˈʧænsələr,
chaos,混沌,ˈkeɪɑs,
charitable,慈善の,ˈʧærətəbəl,
charter,憲章；認可書；契約使用,ˈʧɑrtər,
cheaply,安く,ˈʧipli,
cheat,チート；騙す,ʧit,
cheer,歓声,ʧɪr,
cheque,小切手,cheque,
chunk,チャンク；大きな塊；かなりの量；決まり文句,ʧʌŋk,
cinema,映画館；映画,ˈsɪnəmə,
circuit,回路,ˈsɜrkət,
circulate,循環する；広まる；動き回る,ˈsɜrkjəˌleɪt,
circulation,循環；流通；広まり；発行部数,ˈsɜrkjəˌleɪʃən,
citation,引用,saɪˈteɪʃən,
citizenship,市民権,ˈsɪtɪzənˌʃɪp,
clarify,明らかにする,ˈklɛrəˌfaɪ,
clarity,明快,ˈklɛrəti,
clash,衝突,klæʃ,
classification,分類,ˌklæsəfəˈkeɪʃən,
classify,分類,ˈklæsəˌfaɪ,
classroom,教室,ˈklæsˌrum,
cleaner,クリーナー；掃除機；清浄機,ˈklinər,
cleric,牧師,ˈklɛrɪk,
clever,賢い；抜け目ない,ˈklɛvər,
click,クリック；カチッと音を立てる；仲良くなる,klɪk,
client,クライアント；依頼人；相談者；保護国,ˈklaɪənt,
clinic,診療所,ˈklɪnɪk,
clip,クリップ；切りそろえる；切り抜く,klɪp,
clone,クローン；まったく同じようなもの；無性生殖する,kloʊn,
closure,閉鎖,ˈkloʊʒər,
clout,影響力,klaʊt,
clue,手がかり,klu,
coalition,連立,ˌkoʊəˈlɪʃən,
coefficient,係数,ˌkoʊəˈfɪʃənt,
cognitive,認知,ˈkɑgnɪtɪv,
coincide,一致,ˌkoʊɪnˈsaɪd,
collaboration,協力；共同研究,kəˌlæbəˈreɪʃən,
collar,襟,ˈkɑlər,
collateral,"担保；傍系親族；付随する, 副次[二次]的な；並行した；見返りの.",kəˈlætərəl,
collective,集合的な,kəˈlɛktɪv,
collectively,ひとまとめに,kəˈlɛktɪvli,
colonial,植民地の；群生の,kəˈloʊniəl,
combat,戦闘,ˈkɑmbæt,
commander,指揮官,kəˈmændər,
commence,開始する,kəˈmɛns,
commentator,実況解説者；評論家,ˈkɑmənˌteɪtər,
commerce,商業,ˈkɑmərs,
commissioner,長官；警視総監,kəˈmɪʃənər,
commodity,"産物,商品;日用品；役に立つ[便利な]物",kəˈmɑdəti,
commonly,一般に,ˈkɑmənli,
communism,共産主義,ˈkɑmjəˌnɪzəm,
communist,共産主義者,ˈkɑmjənəst,
comparable,同程度の,ˈkɑmpərəbəl,
comparative,比較の,kəmˈpɛrətɪv,
compatible,両用の；互換性のある；うまがあう,kəmˈpætəbəl,
compel,強制する；引き起こす,kəmˈpɛl,
compensate,埋め合わせる；補償をする,ˈkɑmpənˌseɪt,
competence,技量,ˈkɑmpətɪns,
competency,能力；力量；適性；法的権限,ˈkɑmpətɪnsi,competenceと同義
competent,"（形）有能な；能力のある；適任の；満足のいく；法的権限のある；（副）有能に, 効果的に",ˈkɑmpətɪnt,
competitiveness,競争力,kəmˈpɛtɪtɪvnɪs,
compile,編集する；まとめる；機械語に翻訳する,kəmˈpaɪl,
complement,"補うもの；総数；補語；補色；補う,補完する；引き立てる",ˈkɑmpləmənt,
completion,完了,kəmˈpliʃən,
compliance,コンプライアンス；法令遵守；追従,kəmˈplaɪəns,
comply,従う；応じる；合致する,kəmˈplaɪ,
composite,複合,kəmˈpɑzət,
compulsory,"義務的な, 強制的な；必修の；規定演技.",kəmˈpʌlsəri,
computation,算出,ˌkɑmpjəˈteɪʃən,
computerize,コンピューター化する；電子化する,kəmˈpjutəˌraɪz,
con,信用詐欺；反対理由,kɑn,
conceal,隠す,kənˈsil,
concede,認める,kənˈsid,
conceptual,概念の,kənˈsɛpʧuəl,
concession,"譲歩,許容；売店；許可,認可,特権；考慮,配慮；居留地",kənˈsɛʃən,
condemn,非難する,kənˈdɛm,
conditional,条件付きの,kənˈdɪʃənəl,
confer,与える,kənˈfɜr,
conference,会議,ˈkɑnfərəns,
confidential,機密,ˌkɑnfəˈdɛnʃəl,
configuration,配置；機器構成；プログラムの設定,kənˌfɪgjəˈreɪʃən,
confine,閉じ込める,kənˈfaɪn,
confirmation,確認,ˌkɑnfərˈmeɪʃən,
conform,従う；従わせる,kənˈfɔrm,
confront,対面,kənˈfrʌnt,
confrontation,対決,ˌkɑnfrənˈteɪʃən,
conglomerate,複合企業体；寄せ集まった,kənˈglɑmərət,
congressional,米国議会の; (一般に)国会の; 会議の,kənˈgrɛʃənəl,
congressman,議員,ˈkɑŋgrəsmən,
conjunction,接続詞,kənˈʤʌŋkʃən,
conscious,意識して,ˈkɑnʃəs,
consecutive,連続的な,kənˈsɛkjətɪv,
consensus,コンセンサス；合意；総意,kənˈsɛnsəs,
consent,同意,kənˈsɛnt,
conservation,保全,ˌkɑnsərˈveɪʃən,
considerably,かなり,kənˈsɪdərəbli,
consistency,一貫性,kənˈsɪstənsi,
consistently,一貫して,kənˈsɪstəntli,
consolidate,統合する,kənˈsɑlɪˌdeɪt,
consolidation,合併,kənˌsɑləˈdeɪʃən,
consortium,コンソーシアム；連合体；企業連合,kənˈsɔrʃiəm,
conspiracy,陰謀,kənˈspɪrəsi,
constituency,選挙区；(選挙区の)有権者；支援団体；購買層,kənˈstɪʧuənsi,
constituent,成分,kənˈstɪʧuənt,
constitution,憲法,ˌkɑnstəˈtuʃən,
constitutional,憲法の,ˌkɑnstəˈtuʃənəl,
constrain,制約,kənˈstreɪn,
constructive,建設的,kənˈstrʌktɪv,
consultancy,コンサルタント会社；専門的なアドバイス,kənˈsʌltənsi,
consultation,相談,ˌkɑnsəlˈteɪʃən,
consumption,"消費, 消耗, 使い果たすこと；購入；消費量；摂取；肺結核",kənˈsʌmpʃən,
container,容器,kənˈteɪnər,
contemplate,企図,ˈkɑntəmˌpleɪt,
contend,であると強く主張する；戦う；(with A)Aに対処する,kənˈtɛnd,
continent,大陸,ˈkɑntənənt,
continental,北アメリカ大陸の；大陸的な,ˌkɑntəˈnɛntəl,
contingency,非常事態,kənˈtɪnʤənsi,
contingent,"派遣団,代表団；不慮の出来事；（be~）依存して；不慮の, 偶発の；不確かな,ありえる.",kənˈtɪnʤənt,
continually,絶えず,kənˈtɪnjuəli,
continuity,連続,ˌkɑntəˈnuəti,
continuously,連続,kənˈtɪnjuəsli,
contractor,請負人,ˈkɑnˌtræktər,
contractual,契約,kənˈtrækʧuəl,
contrary,反対,ˈkɑntrɛri,
contributor,投稿者,kənˈtrɪbjətər,
controller,コントローラー；管理する人；監査役,kənˈtroʊlər,
controversy,論争,ˈkɑntrəˌvɜrsi,
convenience,便利さ；利便性；便利なもの,kənˈvinjəns,
convenient,便利,kənˈvinjənt,
converge,一点に向かって集まる；収斂する,kənˈvɜrʤ,
convergence,収束,kənˈvɜrʤəns,
conversion,変換,kənˈvɜrʒən,
convertible,変換できる；同義の；転換社債,kənˈvɜrtəbəl,
convey,伝える,kənˈveɪ,
convict,犯罪者,ˈkɑnvɪkt,
conviction,信念,kənˈvɪkʃən,
cooperative,協同組合,koʊˈɑpəˌreɪtɪv,
coordinate,うまく調整する；まとめる；調和させる；座標；等位の；対等の,koʊˈɔrdənət,
coordination,同調；調整；同調関係,koʊˌɔrdəˈneɪʃən,
copper,銅,ˈkɑpər,
copyright,著作権,ˈkɑpiˌraɪt,
corn,とうもろこし；（肉などを）塩漬けにする,kɔrn,
correction,補正,kəˈrɛkʃən,
corrective,是正,kəˈrɛktɪv,
correctly,正しく,kəˈrɛktli,
correlate,相関,ˈkɔrəˌleɪt,
correlation,相関,ˌkɔrəˈleɪʃən,
correspondent,"特派員,通信員,記者；手紙を書く人；取引先；対応[一致]するもの；〖be～〗一致[対応]して",ˌkɔrəˈspɑndənt,
corrupt,腐敗した,kəˈrʌpt,
corruption,汚職,kəˈrʌpʃən,
costly,高価な,ˈkɑstli,
cotton,コットン；木綿；綿,ˈkɑtən,
counterpart,対応,ˈkaʊntərˌpɑrt,
counterparty,相手方,ˈkaʊntərˌpɑrti,
countryside,田舎,ˈkʌntriˌsaɪd,
coup,クーデター；武力政変,ku,
coupon,割引券；申し込み用紙；回数券,ˈkuˌpɔn,
covariance,共分散,covariance,
covenant,契約,ˈkʌvənənt,
creativity,創造性,ˌkrieɪˈtɪvəti,
credential,信任状,krɪˈdɛnʧəl,
credibility,信頼性,ˌkrɛdəˈbɪlɪti,
credible,信頼できる,ˈkrɛdəbəl,
creditor,債権者,ˈkrɛdətər,
criteria,基準,kraɪˈtɪriə,
crude,"粗削りな,雑な;大ざっぱな；無礼な；みだらな；天然のままの；ありのままの；原油",krud,
cruise,クルーズ；遊覧航海する,kruz,
crunch,噛み砕く,krʌnʧ,
crush,押しつぶす；粉砕する,krʌʃ,
cumulative,累積的な,ˈkjumjələtɪv,
curb,縁石,kɜrb,
cure,治す,kjʊr,
customize,カスタマイズする；好みに合わせて変更する,ˈkʌstəˌmaɪz,
cyclical,循環的,ˈsaɪklɪkəl,
dash,急いでいく；突進する,dæʃ,
deadline,締め切り,ˈdɛˌdlaɪn,
debenture,債券,dəˈbɛnʧər,
debit,借り方,ˈdɛbɪt,
debtor,債務者,ˈdɛtər,
decent,"満足できる,立派な；相当な；まずまずの；親切な,上品な；きちんとした,まともな",ˈdisənt,〖原義は「適切な」〗
decentralize,分散する；分権する,dɪˈsɛntrəˌlaɪz,
decimal,小数,ˈdɛsəməl,
declaration,宣言,ˌdɛkləˈreɪʃən,
decree,"法令, 命令, 布告；判決；神意；法令で定める；命じる；判決を下す",dɪˈkri,
deduct,差し引く；控除する,dɪˈdʌkt,
deductible,課税控除の対象になる,dɪˈdʌktəbəl,
deduction,推論；差し引き；控除,dɪˈdʌkʃən,
deed,証書,did,
deem,みなす,dim,
default,デフォルト,dɪˈfɔlt,
defect,欠陥,ˈdifɛkt,
defective,欠陥のある；不完全な,dɪˈfɛktɪv,
defendant,被告(人)；被告(側)の,dɪˈfɛndənt,
defensive,守備の,dɪˈfɛnsɪv,
defer,延期,dɪˈfɜr,
deficiency,欠乏,dɪˈfɪʃənsi,
deflation,デフレ,dɪˈfleɪʃən,
defy,従わない；公然と反抗する,dɪˈfaɪ,
delegate,代表,ˈdɛləgət,
delegation,代表団,ˌdɛləˈgeɪʃən,
delete,削除,dɪˈlit,
deliberate,意図的,dɪˈlɪb(ə)rət,
deliberately,わざと,dɪˈlɪbərətli,
deliverable,配送品；達成事項；配達可能な; 救出できる；到達可能な.,dɪˈlɪvərəbəl,
delta,デルタ；三角州；三角形のもの,ˈdɛltə,
demise,"終了,停止；終結；死去；不動産権の移転；譲位；譲渡する；譲る",dɪˈmaɪz,
demographic,(単数)特定の人工集団；人口統計学の,ˌdɛməˈgræfɪk,
denominate,呼称,dɪˈnɑməˌneɪt,
denote,示す；意味する,dɪˈnoʊt,
denounce,非難,dɪˈnaʊns,
dent,凹み,dɛnt,
depart,出発する；それる；辞任する；逝く,dɪˈpɑrt,
departure,出発；立ち去ること；辞職；逸脱,dɪˈpɑrʧər,
dependence,頼ること；依存,dɪˈpɛndəns,
dependency,依存；属国；依存物,dɪˈpɛndənsi,
depict,表現する；描写する,dɪˈpɪkt,
deploy,展開させる；配置する；作動する,dɪˈplɔɪ,
deployment,配備,dɪˈplɔɪmənt,
depositor,寄託者,dəˈpɑzɪtər,
depreciate,価値・価格が下がる,dɪˈpriʃiˌeɪt,
depreciation,価値の低下；減価償却；軽視,dɪˌpriʃiˈeɪʃən,
deprive,奪う,dɪˈpraɪv,
deputy,代理人；代行；代議士,ˈdɛpjəti,
deregulation,規制緩和,diˌrɛgjəˈleɪʃən,
derivative,派生物,dəˈrɪvətɪv,
designate,指名,ˈdɛzɪgnɪt,
desirable,望ましい,dɪˈzaɪrəbəl,
desktop,デスクトップ；机の表面,ˈdɛskˌtɑp,
desperate,"絶望した；自暴自棄の,やけくその；〖be～〗欲しくてたまらない；深刻な；必死の",ˈdɛsprɪt,〖be ～〗 «…が» 欲しくてたまらない «for» ; «…したくて» たまらない «to do» ; 〖be ～ for A to do〗 A〈人〉が…するのを強く望む
destination,"目的地, 到達地, 行き先；最終目標",ˌdɛstəˈneɪʃən,
detection,検出,dɪˈtɛkʃən,
deter,思いとどまらせる；躊躇わせる,dɪˈtɜr,
deteriorate,悪化する；悪くなる；低下する,dɪˈtɪriəˌreɪt,
determinant,"（名）決定要因；行列式；（形）決定的な, 決定力のある.",dɪˈtɜrmənənt,
devaluation,平価切下げ,dɪˌvæljuˈeɪʃən,
devastate,打ちのめされる；挫折させられる；荒廃させられる,ˈdɛvəˌsteɪt,
developer,宅地開発業者；開発者,dɪˈvɛləpər,
deviation,偏差,ˌdiviˈeɪʃən,
devise,工夫,dɪˈvaɪz,
diagram,図；図式；運行計画表；図で示す,ˈdaɪəˌgræm,
diamond,ダイヤモンド,ˈdaɪmənd,
diary,日記,ˈdaɪəri,
dictate,書き取らせる；厳しく命令する；影響する,ˈdɪkˌteɪt,
dictator,独裁者,dɪkˈteɪtər,
dictatorship,独裁,dɪkˈteɪtərˌʃɪp,
differential,微分,ˌdɪfəˈrɛnʃəl,
differentiate,分化,ˌdɪfəˈrɛnʃiˌeɪt,
differentiation,"区別,識別；差別；分化",dɪfəˌrɛnʃiˈeɪʃən,
digit,桁,ˈdɪʤət,
dilemma,ジレンマ；板挟み,dɪˈlɛmə,
diligence,勤勉,ˈdɪləʤəns,
dilute,希薄,daɪˈlut,
diminish,減る,dɪˈmɪnɪʃ,
dioxide,二酸化物,daɪˈɑkˌsaɪd,
dip,浸漬,dɪp,
diplomacy,外交,dɪˈploʊməsi,
diplomat,外交官,ˈdɪpləˌmæt,
diplomatic,外交的,ˌdɪpləˈmætɪk,
directive,指令,dəˈrɛktɪv,
directory,人名簿；住所録；ディレクトリ,dəˈrɛktəri,
disability,身体障害,ˌdɪsəˈbɪlɪti,
disable,障害を負わせる；作動しないようにする,dɪˈseɪbəl,
disadvantage,不利益,ˌdɪsədˈvæntɪʤ,
disagreement,不一致,dɪsəˈgrimənt,
disastrous,悲惨,dɪˈzæstrəs,
discharge,流出,dɪsˈʧɑrʤ,
disclose,開示する；明らかにする,dɪˈskloʊz,
disclosure,開示,dɪˈskloʊʒər,
discontinue,中止する；やめる,dɪskənˈtɪnju,
discourage,落胆させる,dɪˈskərɪʤ,
discrete,離散,dɪˈskrit,
discretion,自由裁量；思慮分別,dɪˈskrɛʃən,
discretionary,自由裁量の,dɪˈskrɛʃəˌnɛri,
discriminate,差別する,dɪˈskrɪmənɪt,
discrimination,差別；優遇；えこひいき；識別眼；鑑識眼,dɪˌskrɪməˈneɪʃən,
disguise,変装,dɪsˈgaɪz,
dislike,嫌い,dɪˈslaɪk,
dismal,陰気,ˈdɪzməl,
dismantle,解体,dɪˈsmæntəl,
dismissal,解任,dɪˈsmɪsəl,
dispatch,ディスパッチ；公文書；派遣する；発送する,dɪˈspæʧ,
displace,変位,dɪˈspleɪs,
disposable,使い捨て,dɪˈspoʊzəbəl,
disposal,処分；配置；処分権,dɪˈspoʊzəl,
dispose,"配置する,(of)処分する",dɪˈspoʊz,
disposition,"性質,性格；傾向；気持ち,意向；配置,配列；譲渡,売却,処分",ˌdɪspəˈzɪʃən,
disrupt,混乱させる,dɪsˈrʌpt,
disruption,混乱,dɪsˈrʌpʃən,
dissent,異議,dɪˈsɛnt,
dissident,"（名）異議を唱える人;反体制派の人；（形）異論を持つ, 反体制(派)の.",ˈdɪsədɪnt,
dissolution,解散,ˌdɪsəˈluʃən,
dissolve,ディゾルブ；溶かす；溶ける；解散させる,dɪˈzɑlv,
distinctive,独特,dɪˈstɪŋktɪv,
distort,歪めて伝える；ゆがめる,dɪˈstɔrt,
distortion,ねじれ,dɪˈstɔrʃən,
distress,苦悩,dɪˈstrɛs,
distribution,分布,ˌdɪstrəˈbjuʃən,
distributor,代理店,dɪˈstrɪbjətər,
diverse,多様,daɪˈvɜrs,
diversification,多様化,daɪˌvɜrsəfəˈkeɪʃən,
diversify,多様化,daɪˈvɜrsəˌfaɪ,
divert,迂回,daɪˈvɜrt,
dividend,配当,ˈdɪvɪˌdɛnd,
doctrine,教義；基本方針,ˈdɑktrən,
documentation,ドキュメンテーション；公式文書；説明書,ˌdɑkjəmɛnˈteɪʃən,
domain,ドメイン；分野；領地,doʊˈmeɪn,
dominance,"優勢,優越；支配(力)；優性",ˈdɑmənəns,
dominant,支配的な,ˈdɑmənənt,
donation,寄付,doʊˈneɪʃən,
donor,ドナー；寄付する人,ˈdoʊnər,
doom,運命,dum,
dose,用量,doʊs,
dot,ドット；点,dɑt,
doubtful,疑わしい,ˈdaʊtfəl,
downgrade,ダウングレード,ˈdaʊnˈgreɪd,
download,ダウンロード,ˈdaʊnˌloʊd,
downside,（商売などが）下降気味の；下降気味；否定的な側面,ˈdaʊnˌsaɪd,
downturn,低迷,ˈdaʊnˌtɜrn,
downward,下向き,ˈdaʊnwərd,
drain,ドレイン；水を抜く；排出する,dreɪn,
drawback,欠点,ˈdrɔˌbæk,
drift,"漂う,流れる,漂流する；ゆっくり動く；放浪する；いつの間にかなる；漂流（物）；ゆるやかな変化",drɪft,
drill,ドリル,drɪl,
dual,二重の；二つの,ˈduəl,
dub,（as）あだ名をつける；吹き替えをする,dʌb,
duly,正式に,ˈduli,
dump,投げ捨てる,dʌmp,
duplicate,重複,ˈdupləkət,
durable,丈夫な,ˈdʊrəbəl,
duration,期間,ˈdʊˈreɪʃən,
dynamic,動的,daɪˈnæmɪk,
e-book,電子書籍,i-bʊk,
eager,熱心な,ˈigər,
earthquake,地震,ˈɜrθˌkweɪk,
echo,こだま；模倣；共感；反響する；真似る,ˈɛkoʊ,
economically,経済的に,ˌɛkəˈnɑmɪkli,
economist,経済学者；倹約化,ɪˈkɑnəmɪst,
editorial,社説,ˌɛdəˈtɔriəl,
effectiveness,有効性,ɪˈfɛktɪvnəs,
efficiently,効率的に,ɪˈfɪʃəntli,
elaborate,精巧,ɪˈlæbrət,
elastic,弾性のある；柔軟な,ɪˈlæstɪk,
elasticity,弾性,ˌiˌlæˈstɪsəti,
electoral,選挙の,ɪˈlɛktərəl,
electorate,有権者,ɪˈlɛktərət,
electrical,電気の；電気に関する,ɪˈlɛktrɪkəl,
eligible,適格,ˈɛləʤəbəl,
elite,エリート；選ばれた人たち,ɪˈlit,
embed,埋め込み,ɪmˈbɛd,
embody,具現化,ɪmˈbɑdi,
emergence,"発生,出現；台頭；(困難からの)脱却,抜け出すこと",ɪˈmɜrʤəns,
emission,放射,ɪˈmɪʃən,
empirical,実証的,ˌɛmˈpɪrɪkəl,
empower,権限を与える,ɪmˈpaʊər,
empowerment,能力を高めること；権限を与えること,ɪmˈpaʊərmənt,
enact,制定,ɪˈnækt,
encompass,包含する,ɛnˈkʌmpəs,
encyclopedia,百科事典,ɪnˌsaɪkləˈpidiə,
endless,終わりのない；果てしない；絶え間ない,ˈɛndləs,
endorse,"支持する,承認する；ほめる,推奨する；署名する；を裏書き[保証]する.",ɛnˈdɔrs,
endorsement,裏書,ɛnˈdɔrsmənt,
endowment,寄付,ɛnˈdaʊmənt,
endure,耐える,ɛnˈdjʊr,
enforce,執行する；強制する,ɛnˈfɔrs,
enforceable,強制力,ɛnˈfɔrsəbəl,
enforcement,執行,ɛnˈfɔrsmənt,
engagement,婚約；約束,ɛnˈgeɪʤmənt,
enhancement,改良；増進,ɛnˈhænsmənt,
enlarge,拡大する；大きくする；引き伸ばす,ɛnˈlɑrʤ,
enlargement,拡大；引き伸ばし；大きくすること；引き伸ばし写真,ɪnˈlɑrʤmənt,
enrich,肥沃にする；豊かにする,ɛnˈrɪʧ,
entail,伴う；もたらす,ɛnˈteɪl,
enthusiasm,熱意,ɪnˈθuziˌæzəm,
enthusiastic,熱心な,ɪnˌθuziˈæstɪk,
entity,実在物；実体；存在,ˈɛntəti,
entrant,参加者；受験者；新しく入った人；新人；新入生,ˈɛntrənt,
entrepreneur,起業家；興行主,ˌɑntrəprəˈnɜr,
entrepreneurial,起業家の,ˌɑntrəprəˈnɜriəl,
equality,平等,ɪˈkwɑləti,
equate,等式,ɪˈkweɪt,
equilibrium,平衡,ˌikwəˈlɪbriəm,
equip,"備え付ける, 装備する",ɪˈkwɪp,
equity,株式,ˈɛkwəti,
erode,侵食する；腐食させる；徐々に失わせる,ɪˈroʊd,
essence,本質；もっとも重要なところ；真髄；根本,ˈɛsəns,
essentially,本来,ɪˈsɛnʃəli,
estimation,推定,ˌɛstəˈmeɪʃən,
ethanol,エタノール,ˈɛθəˌnɔl,
ethical,倫理的な,ˈɛθɪkəl,
ethics,倫理,ˈɛθɪks,
euro,ユーロ,ˈjuroʊ,
eventual,最終的な,əˈvɛnʧuəl,
evident,明らか,ˈɛvədənt,
ex,...がない；...渡しで；前の；外へ；完全に,ɛks,
exaggerate,誇張する,ɪgˈzæʤəˌreɪt,
excellence,優秀,ˈɛksələns,
exceptional,"卓越した,優秀な；例外的な,特別な,異常な；特別支援教育が必要な.",ɪkˈsɛpʃənəl,
excessive,過大,ɪkˈsɛsɪv,
exclusion,除外,ɪkˈskluʒən,
exclusive,排他的,ɪkˈsklusɪv,
exclusively,排他的に,ɪkˈsklusɪvli,
execute,実行,ˈɛksəˌkjut,
execution,実行,ˌɛksəˈkjuʃən,
exempt,免除する,ɪgˈzɛmpt,
exemption,免除,ɪgˈzɛmpʃən,
exert,発揮,ɪgˈzɜrt,
exile,亡命,ˈɛgˌzaɪl,
exit,出口,ˈɛgzɪt,
expectancy,期待,ɪkˈspɛktənsi,
expertise,熟練,ˌɛkspərˈtiz,
expiration,満了,ˌɛkspəˈreɪʃən,
expire,期限切れ,ɪkˈspaɪr,
explicit,明示的な,ɪkˈsplɪsət,
explicitly,明示的,ɪkˈsplɪsətli,
explode,爆発する；急増する,ɪkˈsploʊd,
exploit,つけこむ；不当に利用する；勇敢な行為,ˈɛkˌsplɔɪt,
exploration,探検,ˌɛkspləˈreɪʃən,
explosion,爆発,ɪkˈsploʊʒən,
explosive,爆発的,ɪkˈsploʊsɪv,
exporter,輸出,ɪkˈspɔrtər,
externality,外部性,externality,
extremist,過激派,ɛkˈstrimɪst,
facilitate,促進する,fəˈsɪləˌteɪt,
faction,派閥；対立グループ；少数派；派閥争い；内紛；ドキュメンタリー番組,ˈfækʃən,
faculty,学部,ˈfækəlti,
fairness,公正,ˈfɛrnəs,
fare,運賃,fɛr,
fate,運命,feɪt,
favorable,好ましい,ˈfeɪvərəbəl,
fax,ファックス,fæks,
feasible,可能,ˈfizəbəl,
feedback,フィードバック,ˈfidˌbæk,
fiber,繊維；食物繊維；糸；ファイバー,ˈfaɪbər,
fiduciary,受託,fəˈduʃiˌɛri,
fierce,"激しい；荒れ狂う,激高した；凶暴な；ひどい；すばらしい",fɪrs,
fighter,戦士,ˈfaɪtər,
financially,財政,fəˈnænʃəli,
fiscal,年度,ˈfɪskəl,
flavor,味,ˈfleɪvər,
flaw,欠点,flɔ,
flee,逃げる,fli,
fleet,艦隊,flit,
flexibility,柔軟性,ˌflɛksəˈbɪləti,
flotation,浮選,floʊˈteɪʃən,
flourish,活躍する；栄える；はびこる；見せびらかす；振り回す,ˈflərɪʃ,
fluctuate,変動する,ˈflʌkʧəˌweɪt,
fluctuation,変動,ˌflʌkʧuˈeɪʃən,
follower,信者；追随者；ファン；フォロワー,ˈfɑloʊər,
forbid,禁じる,fərˈbɪd,
forecaster,予報士,ˈfɔrˌkæstər,
foreigner,外国人,ˈfɔrənər,
forge,築く；偽造する,fɔrʤ,
formally,正式に,ˈfɔrməli,
formerly,先に,ˈfɔrmərli,
formulate,策定,ˈfɔrmjəˌleɪt,
formulation,"策定, 案出; 公式化, 体系化；明確な表現；調合,成分；薬剤",ˌfɔrmjəˈleɪʃən,
forthcoming,来たる,ˈfɔrθˈkʌmɪŋ,
forum,フォーラム；公開討論会,ˈfɔrəm,
foster,育む；促進する；心に抱く,ˈfɑstər,
founder,創業者,ˈfaʊndər,
fraction,分数,ˈfrækʃən,
fragile,脆い；壊れやすい；脆弱な；虚弱な,ˈfræʤəl,
franc,フラン,fræŋk,
franchise,特権；営業販売権；選手権；参政権,ˈfrænˌʧaɪz,
fraud,詐欺,frɔd,
fraudulent,詐欺の,ˈfrɔʤələnt,
freely,自由に,ˈfrili,
freight,貨物運送,freɪt,
fret,くよくよする；すり減る,frɛt,
fringe,前髪；ふさ飾り；少数派；周辺,frɪnʤ,
frontier,国境；辺境；フロンティア,frənˈtɪr,
frustrate,いらいらさせる；欲求不満にさせる,ˈfrʌˌstreɪt,
frustration,欲求不満,frəˈstreɪʃən,
furnish,備え付ける；用意する,ˈfɜrnɪʃ,
gallon,ガロン；(~s of A)多量のA,ˈgælən,
gamble,賭け,ˈgæmbəl,
gang,集団；ギャング；集まる；集団で襲う,gæŋ,
gauge,ゲージ；計器；規格,geɪʤ,
generalize,一般化,ˈʤɛnərəˌlaɪz,
generator,発生器,ˈʤɛnəˌreɪtər,
generic,属の；一般的な；商標登録されていない,ʤəˈnɛrɪk,
generous,寛容な,ˈʤɛnərəs,
genocide,大虐殺,ˈʤɛnəˌsaɪd,
genuinely,純粋に,ˈʤɛnjəwənli,
geographic,地理的な；地勢の；地理学上の,ˌʤiəˈgræfɪk,
geographical,地理的,ˌʤiəˈgræfɪkəl,
geography,地理学；地理；地形；間取り,ʤiˈɑgrəfi,
globalization,グローバル化,ˌgloʊbəlɪˈzeɪʃən,
globally,世界的に；世界規模で,ˈgloʊbəli,
globe,地球儀；地球,gloʊb,
gloomy,悲観的,ˈglumi,
goods,品,gʊdz,
goodwill,善意,ˈgʊˈdwɪl,
governance,ガバナンス；統治；運営,ˈgʌvərnəns,
governmental,政府の,ˈgʌvərˌmɛntəl,
graph,グラフ,græf,
graphics,作画；画像処理；挿絵,ˈgræfɪks,
grasp,把握,græsp,
grave,墓,greɪv,
greenhouse,温室,ˈgrinˌhaʊs,
grid,格子；マス目,grɪd,
grim,厳しい；残酷な；不快な,grɪm,
grip,握ること；支配力；影響力,grɪp,
grocery,食料品,ˈgroʊsəri,
gross,キモい,groʊs,
guerrilla,ゲリラ,gəˈrɪlə,
guidance,ガイダンス；案内；指導,ˈgaɪdəns,
halt,止まる,hɔlt,
handful,一握り,ˈhændˌfʊl,
handset,受話器,ˈhændˌsɛt,
hardware,ハードウェア,ˈhɑrˌdwɛr,
harsh,厳しい；過酷な；ひどくけなす,hɑrʃ,
harvest,収穫,ˈhɑrvəst,
haul,"引っぱる；引きずる；運ぶ；盗品,違法品； (移動)距離；大量得点；一網分の漁獲量；引っぱること",hɔl,
hazard,危険,ˈhæzərd,
headline,見出し,ˈhɛˌdlaɪn,
headquarter,本社,ˈhɛdˌkwɔrtər,
healthcare,健康管理,ˈhɛlθˌkɛr,
hedge,生垣；防衛手段；境界線,hɛʤ,
heir,後継者,ɛr,
helicopter,ヘリコプター,ˈhɛlɪˌkɑptər,
hierarchy,階層,ˈhaɪəˌrɑrki,
highway,高速道路,ˈhaɪˌweɪ,
histogram,ヒストグラム；柱状図；度数分布図,ˈhɪstəˌgræm,
historically,歴史上,hɪˈstɔrɪkəli,
hitherto,これまで,ˈhɪˌðɜrˈtu,
homeowner,家主,ˈhoʊˌmoʊnər,
horizon,地平線,həˈraɪzən,
horizontal,水平な,ˌhɔrəˈzɑntəl,
horror,恐怖；うろたえ,ˈhɔrər,
hostile,敵の；敵意のある；不利な,ˈhɑstəl,
hostility,敵意,hɑˈstɪləti,
hub,中心；中核；中枢；集線装置,hʌb,
hugely,非常に,ˈhjuʤli,
hungry,空腹の,ˈhʌŋgri,
hurdle,障害；困難；ハードル,ˈhɜrdəl,
hybrid,交配種；ハイブリッド,ˈhaɪbrəd,
hydrogen,水素,ˈhaɪdrəʤən,
hypothetical,仮定の,ˌhaɪpəˈθɛtəkəl,
icon,アイコン；像,ˈaɪkɑn,
ideally,理想的には；,aɪˈdili,
identical,同じ,aɪˈdɛntɪkəl,
identification,識別,aɪˌdɛntəfəˈkeɪʃən,
ideological,イデオロギー上の,ˌaɪdiəˈlɑʤɪkəl,
ideology,イデオロギー；観念形態,ˌaɪdiˈɑləʤi,
idle,仕事をしていない；動いていない,ˈaɪdəl,
imbalance,不均衡,ɪmˈbæləns,
immigration,移民,ˌɪməˈgreɪʃən,
imminent,差し迫った,ˈɪmənənt,
immune,免疫,ɪmˈjun,
impact,影響,ˈɪmpækt,
impair,弱める；悪くする,ɪmˈpɛr,
impairment,減損,ɪmˈpɛrmənt,
implicit,暗黙,ɪmˈplɪsət,
importantly,重要なこと,ɪmˈpɔrtəntli,
importer,輸入,ɪmˈpɔrtər,
inability,できないこと,ˌɪnəˈbɪlɪti,
inadequate,不十分な,ɪˈnædəkwət,
inappropriate,不適切,ˌɪnəˈproʊpriɪt,
incline,勾配,ɪnˈklaɪn,
inclusion,算入,ɪnˈkluʒən,
incomplete,不完全な,ɪnkəmˈplit,
inconsistent,矛盾,ˌɪnkənˈsɪstənt,
incorporation,取り込み,ɪnˌkɔrpəˈreɪʃən,
incorrect,不正確,ɪnkəˈrɛkt,
incremental,増分,ˌɪnkrəˈmɛntəl,
incumbent,現職,ɪnˈkʌmbənt,
incur,招く；被る；負う,ɪnˈkɜr,
independently,単独で,ˌɪndɪˈpɛndəntli,
indicator,インジケーター；指示する人；表示計器,ˈɪndəˌkeɪtər,
indifference,冷淡,ɪnˈdɪfərəns,
indirect,間接の,ɪndəˈrɛkt,
indirectly,間接的,ɪndəˈrɛktli,
individually,個々に,ˌɪndɪˈvɪʤuəli,
induce,誘発する,ɪnˈdus,
ineffective,"効果のない,無益な；役に立たない",ɪnɪˈfɛktɪv,
inefficiency,無能,ɪnɪˈfɪʃənsi,
inefficient,非効率的な,ɪnɪˈfɪʃənt,
inequality,不平等,ˌɪnɪˈkwɑləti,
inevitable,必然,ɪˈnɛvətəbəl,
inevitably,必然的に,ɪˈnɛvətəbli,
infect,感染,ɪnˈfɛkt,
inference,"(推論による)結論,推論, 推量, 推察, 推測",ˈɪnfərəns,
inflate,ふくらませる；上昇させる,ɪnˈfleɪt,
inflationary,インフレの；インフレを誘発する,ɪnˈfleɪʃəˌnɛri,
inflow,流入,ˈɪnˌfloʊ,
influential,影響力の強い；有力な,ˌɪnfluˈɛnʧəl,
info,情報,ˈɪnfoʊ,
informal,非公式,ɪnˈfɔrməl,
infrastructure,インフラ；社会基盤施設,ˌɪnfrəˈstrʌkʧər,
ingredient,成分,ɪnˈgridiənt,
inherent,固有,ɪnˈhɪrənt,
inherit,"を相続する,受け継ぐ ；のあとを継ぐ；を引き継ぐ",ɪnˈhɛrət,
initiate,始める,ɪˈnɪʃiɪt,
injection,注入,ɪnˈʤɛkʃən,
ink,インク,ɪŋk,
innovative,革新的な,ˈɪnəˌveɪtɪv,
insert,挿入する；書き入れる,ɪnˈsɜrt,
insider,内情に通じた人；内部の人間；会員,ɪnˈsaɪdər,
inspect,調べる；検査する；検閲する,ɪnˈspɛkt,
inspection,検査,ɪnˈspɛkʃən,
inspector,調査官；検査官；警視正,ɪnˈspɛktər,
instability,不安定,ˌɪnstəˈbɪlɪti,
installation,設置,ˌɪnstəˈleɪʃən,
installment,(分割払いの)1回分の支払い；(連載記事･小説などの)1回分,ɪnˈstɔlmənt,
instant,インスタント；即座の；即席の；瞬間,ˈɪnstənt,
instinct,本能,ˈɪnstɪŋkt,
institute,学院,ˈɪnstəˌtut,
instruct,指示を与える；命じる；教える；知らせを受ける,ɪnˈstrʌkt,
instructor,指導者；先生；専任講師,ɪnˈstrʌktər,
insufficient,不十分,ɪnsəˈfɪʃənt,
insurer,保険会社,ɪnˈʃʊrər,
insurgency,反乱,ɪnˈsɜrʤənsi,
insurgent,暴徒,ɪnˈsɜrʤənt,
intangible,無形,ɪnˈtænʤəbəl,
integral,積分,ˈɪntəgrəl,
integration,統合,ˌɪntəˈgreɪʃən,
integrity,整合性,ɪnˈtɛgrəti,
intelligent,知的な,ɪnˈtɛləʤənt,
intensify,激化,ɪnˈtɛnsəˌfaɪ,
intensity,強烈さ；激しさ；熱心さ；強度,ɪnˈtɛnsəti,
intensive,集中的な,ɪnˈtɛnsɪv,
intent,意図,ɪnˈtɛnt,
inter,インター；...間の；相互の,ɪnˈtɜr,
interact,相互作用する,ˌɪntəˈrækt,
interactive,対話,ˌɪntəˈræktɪv,
intercept,途中で奪う；傍受する；迎撃する,ˌɪntərˈsɛpt,
interface,インターフェース；境界面；接面,ˈɪntərˌfeɪs,
interfere,干渉する,ˌɪntərˈfɪr,
interference,干渉,ˌɪntərˈfɪrəns,
interim,中間の；仮の；一時的な；暫定的な；合間；暫定,ˈɪntərəm,
intermediary,媒介,ˌɪnərˈmidiɛri,
intermediate,中間体,ˌɪntərˈmidiɪt,
internally,内部,ɪnˈtɜrnəli,
internationally,国際,ˌɪntərˈnæʃənəli,
internet,インターネット,ˈɪntərˌnɛt,
interval,間隔,ˈɪntərvəl,
intervene,介入,ˌɪntərˈvin,
intrigue,陰謀,ɪnˈtrig,
intrinsic,内在的,ɪnˈtrɪnsɪk,
invade,侵入する,ɪnˈveɪd,
invasion,侵入,ɪnˈveɪʒən,
invention,発明,ɪnˈvɛnʃən,
inventory,在庫,ˌɪnvənˈtɔri,
investigator,求道者,ɪnˈvɛstəˌgeɪtər,
invoice,請求書,ˈɪnvɔɪs,
irrelevant,無関係,ɪˈrɛləvənt,
isolation,隔離,ˌaɪsəˈleɪʃən,
issuance,発行,ˈɪʃuəns,
issuer,発行者,ˈɪʃuər,
jet,ジェット機；噴出；噴出する,ʤɛt,
jointly,"共同で,合同で;連合して,連帯的に",ˈʤɔɪntli,
judicial,裁判上,ʤuˈdɪʃəl,
junior,後輩の；経験が浅い；子供の,ˈʤunjər,
junk,がらくた；くず；くだらないもの,ʤʌŋk,
jurisdiction,管轄,ˌʤʊrəsˈdɪkʃən,
justification,正当化,ˌʤʌstəfəˈkeɪʃən,
kidnap,誘拐犯,ˈkɪdˌnæp,
killer,殺人犯；とても難しいもの；とても魅力的な人,ˈkɪlər,
lab,実験室；試験所；研究所,læb,
lag,遅れ,læg,
landlord,家主,ˈlænˌdlɔrd,
laptop,ノートパソコン,ˈlæpˌtɑp,
laser,レーザー；レーザー装置,ˈleɪzər,
lately,近頃,ˈleɪtli,
launder,〈金〉を洗浄する；を洗濯する; を洗ってアイロンをかける；洗える,ˈlɔndər,
lawsuit,訴訟,ˈlɔˌsut,
layout,レイアウト；設計,ˈleɪˌaʊt,
leak,漏れる；漏らす；穴；ひび割れ,lik,
lease,賃貸借契約；リース,lis,
ledger,元帳,ˈlɛʤər,
legacy,伝承のもの；遺産；レガシー,ˈlɛgəsi,
legally,合法的に,ˈligəli,
legislative,立法,ˈlɛʤəˌsleɪtɪv,
legislature,議会,ˈlɛʤəˌsleɪʧər,
legitimacy,正当性,ləˈʤɪtəməsi,
legitimate,正当,ləˈʤɪtəmət,
leisure,余暇,ˈlɛʒər,
lender,貸し手,ˈlɛndər,
lessee,賃借人,lɛˈsi,
lesser,より小さい；より劣る；重要でない方,ˈlɛsər,
lessor,賃貸人,ˈlɛsər,
leverage,影響力；支配力；てこの力；レバレッジ,ˈlɛvərɪʤ,
levy,徴収,ˈlɛvi,
liable,しがちだ；責任がある,ˈlaɪəbəl,（be liable to do）は；likelyと異なり；好ましくないときに使う
liberalization,自由化,ˌlɪbərəlɪˈzeɪʃən,
liberalize,緩和する；自由化する；広くする；寛大になる,ˈlɪbərəˌlaɪz,
liberty,自由,ˈlɪbərti,
lifestyle,生活様式；暮らしぶり；ライフスタイル,ˈlaɪfˌstaɪl,
lifetime,一生,ˈlaɪfˌtaɪm,
likelihood,可能性,ˈlaɪkliˌhʊd,
likewise,同様に,ˈlaɪˌkwaɪz,
linear,線形,ˈlɪniər,
liquidate,清算する,ˈlɪkwɪˌdeɪt,
liquidation,清算,ˌlɪkwɪˈdeɪʃən,
liquidity,流動性,lɪˈkwɪdəti,
liter,リットル,ˈlitər,
litigation,訴訟,ˌlɪtəˈgeɪʃən,
lobby,ホール；ロビー；政治的圧力団体,ˈlɑbi,
locally,地元で；この近くで,ˈloʊkəli,
logical,論理的,ˈlɑʤɪkəl,
logistics,ロジスティックス；物流；兵站学,ləˈʤɪstɪks,
logo,ロゴ,ˈloʊgoʊ,
loom,織機,lum,
loop,輪；取っ手；輪にする；繰り返し流す,lup,
loser,敗者,ˈluzər,
loyal,忠誠な；忠誠心のある；誠実な；熱心な,ˈlɔɪəl,
loyalty,誠実さ；忠誠；友愛；義務感,ˈlɔɪəlti,
lucrative,"利益が得られる,もうかる",ˈlukrətɪv,
lump,塊,lʌmp,
lure,誘惑する；誘い込む；誘い出す；誘惑,lʊr,
machinery,"(特に大きな)機械(類)；作動部；機構,機関,体制；勢力,分子；方策,手順",məˈʃinəri,
macro,大きい,ˈmækroʊ,
macroeconomic,マクロ経済,ˌmækroʊɛkəˈnɑmɪk,
macroeconomics,マクロ経済学,ˌmækroʊɛkəˈnɑmɪks,
magnetic,磁気,mægˈnɛtɪk,
magnitude,マグニチュード,ˈmægnəˌtud,
mainland,本土,ˈmeɪnˌlænd,
mainstream,主流,ˈmeɪnˌstrim,
mall,ショッピングモール；木陰のある散歩道,mɔl,
managerial,経営者の,ˌmænɪˈʤɪriəl,
mandate,委任,ˈmænˌdeɪt,
mandatory,必須の,ˈmændəˌtɔri,
maneuver,機動,məˈnuvər,
manipulate,操る；操作する；改竄する,məˈnɪpjəˌleɪt,
manipulation,操作,məˌnɪpjəˈleɪʃən,
manual,手動の；手引書；マニュアル,ˈmænjuəl,
mar,擦り傷,mɑr,
marginal,ごくわずかな；ささいな；限界の,ˈmɑrʤənəl,
marketable,市場性,ˈmɑrkətəbəl,
marketer,マーケティング担当者,ˈmɑrkətər,
marketplace,市場,ˈmɑrkətˌpleɪs,
materially,実質,məˈtɪriəli,
mathematical,数学の,ˌmæθəˈmætɪkəl,
matrix,マトリックス；配列；細胞間質；基盤,ˈmeɪtrɪks,
maturity,成熟,məˈʧʊrəti,
maximization,最大化,ˌmæksɪmɪˈzeɪʃən,
maximize,最大化する,ˈmæksəˌmaɪz,
meaningful,重要,ˈminɪŋfəl,
meantime,その間に,ˈminˌtaɪm,
mechanical,機械的,məˈkænɪkəl,
media,メディア,ˈmidiə,
median,中央値,ˈmidiən,
memo,連絡票；連絡メモ；メモ用紙,ˈmɛˌmoʊ,
memorandum,連絡票；覚書契約書；定款；報告書,ˌmɛməˈrændəm,
mentor,師匠,ˈmɛnˌtɔr,
merchandise,商品,ˈmɜrʧənˌdaɪz,
merchant,商人,ˈmɜrʧənt,
merge,合併する；一つになる；同化する,mɜrʤ,
merger,合併,ˈmɜrʤər,
merit,値する,ˈmɛrət,
methodology,方法論,ˌmɛθəˈdɑləʤi,
metric,メートル法の,ˈmɛtrɪk,
micro,小；微小；100万分の１,ˈmaɪˌkroʊ,
mid,中央の；中部の,mɪd,
migrant,移民,ˈmaɪgrənt,
migration,移動,maɪˈgreɪʃən,
mild,軽い；ちょっとした；穏やかな,maɪld,
milestone,重要な出来事；標石；マイルストーン,ˈmaɪlˌstoʊn,
militant,好戦的な,ˈmɪlətənt,
militia,民兵,məˈlɪʃə,
mill,"製粉場；工場；製粉機,ひきうす；粉砕器；製粉する；粉砕する",mɪl,
mineral,鉱物；鉱石；無機物,ˈmɪnərəl,
mini,極小の；小型の,ˈmɪni,
minimal,最小の,ˈmɪnəməl,
minimize,最小限にする；見くびる；軽視する,ˈmɪnəˌmaɪz,
ministry,省,ˈmɪnəstri,
minus,マイナス,ˈmaɪnəs,
mislead,誤解,mɪsˈlid,
missile,ミサイル,ˈmɪsəl,
mister,さん；だんな；あんた,ˈmɪstər,
misunderstand,誤解,ˌmɪsəndərˈstænd,
mitigate,"を和らげる,静める,緩和する；〈刑罰など〉を軽減する",ˈmɪtəˌgeɪt,
mobility,可動性,moʊˈbɪləti,
modest,控えめ,ˈmɑdəst,
modification,変形,ˌmɑdəfəˈkeɪʃən,
mold,"型；型に入れて作ったもの；性格, 性質；型に入れて作る；形作る；ぴったり合わせる",moʊld,
molecule,分子,ˈmɑləˌkjul,
momentum,弾み,moʊˈmɛntəm,
monetary,金銭的な,ˈmɑnəˌtɛri,
monopolist,独占企業,məˈnɑpələst,
monopoly,独占,məˈnɑpəli,
morale,士気,məˈræl,
mosque,モスク,mɑsk,
motive,動かす,ˈmoʊtɪv,
multi,マルチ；多数；多数倍の,ˈmʌlti,
multinational,多国籍,ˌmʌlˌtaɪˈnæʃənəl,
multiplier,乗数,ˈmʌltəˌplaɪər,
multiply,を(大幅に)増やす；を掛ける；繁殖させる；（副）多くの要素から成って；多くの方法[点]で,ˈmʌltəˌplaɪ, 〖～ A by B/A and B〗 A〈数など〉にB〈数など〉を掛ける
municipal,市立,mjuˈnɪsəpəl,
mutually,互いに,ˈmjuʧuəli,
myth,神話,mɪθ,
namely,つまり,ˈneɪmli,
nasty,不快な,ˈnæsti,
nationalism,ナショナリズム；国家主義；国粋主義,ˈnæʃənəˌlɪzəm,
nationalist,民族主義者,ˈnæʃənələst,
nationalize,国有化する,ˈnæʃənəˌlaɪz,
nationwide,全国の,ˈneɪʃənˈwaɪd,
necessity,必要性,nəˈsɛsəti,
negligence,怠慢,ˈnɛgləʤəns,
negotiable,交渉の余地のある；面談の上の；通過できる,nəˈgoʊʃəbəl,
negotiator,交渉人；譲渡者,nəˈgoʊʃiˌeɪtər,
neo,ネオ；新しい；近代の；復活した,ˈnioʊ,
neutral,中性,ˈnutrəl,
newcomer,新しく来た人；新たに出現したもの,ˈnuˌkʌmər,
newsletter,公報；社報；会報,ˈnuˌzlɛtər,
niche,適所；すきま市場；壁龕,nɪʧ,
node,ノード；結び目；節点；交点；節,noʊd,
nominal,名目,ˈnɑmənəl,
nominate,推薦する；任命する,ˈnɑmənət,
nomination,指名,ˌnɑməˈneɪʃən,
non,ノン；非；無,nɑn,
nonetheless,それにもかかわらず,ˌnʌnðəˈlɛs,
norm,規範,nɔrm,
notable,"注目に値する, 興味を引く；著名な,重要な,優秀な；著名人,名士,重要人物",ˈnoʊtəbəl,
notably,とりわけ,ˈnoʊtəbli,
notify,知らせる；通知する,ˈnoʊtəˌfaɪ,
null,法的効力のない；無効な；存在しない；空の,nʌl,
numerical,数の,nuˈmɛrəkəl,
obituary,死亡記事,oʊˈbɪʧuˌɛri,
objection,異議,əbˈʤɛkʃən,
oblige,強制される；義務付けられている；喜ばせる,əˈblaɪʤ,
obscure,不明,əbˈskjʊr,
observer,観察者,əbˈzɜrvər,
obstacle,障害,ˈɑbstəkəl,
obtain,入手する；獲得する；得させる,əbˈteɪn,
occasional,偶発的,əˈkeɪʒənəl,
occupation,職業；仕事；職種,ˌɑkjəˈpeɪʃən,
occurrence,発生,əˈkɜrəns,
odds,可能性；見込み；困難；勝てる度合い；オッズ,ɑdz,
offensive,攻撃,əˈfɛnsɪv,
officially,正式に,əˈfɪʃəli,
offset,埋め合わせする；相殺する；よりよく見せる；（壁面に）段をつくる,ɔfˈsɛt,
offshore,（形）沖合いの；海外に移された；（副）沖合いに；海外で,ˈɔfˈʃɔr,
omit,除外する；あえて省く；(to do)しないでおく,oʊˈmɪt,
ongoing,現在進行中,ˈɑnˌgoʊɪŋ,
openly,公然と,ˈoʊpənli,
operational,操作可能,ˌɑpəˈreɪʃənəl,
operative,手術,ˈɑpərətɪv,
opt,選択する；決める,ɑpt,
optimal,最適な,ˈɑptəməl,
optimism,楽観,ˈɑptəˌmɪzəm,
optimistic,楽観的,ˌɑptəˈmɪstɪk,
optimization,最適化,ɑptəməˈzeɪʃən,
optimize,最適化,ˈɑptəˌmaɪz,
optimum,最適,ˈɑptəməm,
oral,口伝えの；口に関する；経口の,ˈɔrəl,
ordinate,縦,ordinate,
organ,器官,ˈɔrgən,
organizational,"（形）組織[企画]化する；組織的な,構造上の；組織の",ˌɔrgənəˈzeɪʃənəl,
orient,順応する；慣れる；東洋；東方の,ˈɔriənt,
orientation,方針；目的；入門指導；オリエンテーション,ˌɔriɛnˈteɪʃən,
originate,始まる；生じる；起源を発する；最初に行う,əˈrɪʤəˌneɪt,
ounce,オンス,aʊns,
oust,追放する；失脚させる；奪い取る,aʊst,
outbreak,発生,ˈaʊtˌbreɪk,
outfit,服,ˈaʊtˌfɪt,
outflow,流出,ˈaʊtˌfloʊ,
outgoing,"社交的な,(対人関係で)積極的な；引退間際の；発送用の,出発の； (定期的)出費",ˈaʊtˌgoʊɪŋ,
outlay,経費,ˈaʊtˌleɪ,
outlet,出口,ˈaʊtˌlɛt,
outlook,見通し,ˈaʊtˌlʊk,
outperform,優れる,ˈaʊtpərˌfɔrm,
outrage,暴虐,ˈaʊˌtreɪʤ,
outright,"（形）完全な, 徹底した；はっきりした,あからさまな,直接的な；（副）ずばりと；完全に, 完璧に；即座に",ˈaʊtˌraɪt,
outsider,よそ者；第三者；部外者,aʊtˈsaɪdər,
outsource,外部発注する,ˌaʊtˈsɔrs,
outstanding,未解決の,ˌaʊtˈstændɪŋ,
outweigh,より重要である；より価値がある,ˈaʊˌtweɪ,
overhaul,全体的に点検修理する,ˈoʊvərˌhɔl,
overhead,頭上を；上空を；間接費,ˈoʊvərˌhɛd,
overlap,重なり合う；共通点,ˌoʊvərˈlæp,
overlook,見落とす;気づかない ;見下ろす,ˈoʊvərˌlʊk,
overnight,一晩,ˈoʊvərˈnaɪt,
oversee,監督,ˈoʊvərˌsi,
oversight,見落とし,ˈoʊvərˌsaɪt,
overstate,誇張する,ˈoʊvərˌsteɪt,
overtime,時間とともに,ˈoʊvərˌtaɪm,
overview,概要,ˈoʊvərˌvju,
overwhelm,圧倒する,ˌoʊvərˈwɛlm,
packet,パケット；パッケージ；包装；袋,ˈpækət,
pact,協定,pækt,
painful,痛い,ˈpeɪnfəl,
pan,鍋；酷評；(be ~ed)酷評される,pæn,
par,同等；同位；等価；パーで上回る,pɑr,
parameter,パラメーター,pəˈræmətər,
paramilitary,準軍事,ˌpɛrəˈmɪləˌtɛri,
parity,同等であること；類似；パリティ；偶奇性；奇遇性,ˈpɛrəti,
parliament,"議会,国会,英国議会,(議会の)会期",ˈpɑrləmənt,
parliamentary,議会の,ˌpɑrləˈmɛntəri,
partial,部分的,ˈpɑrʃəl,
partially,部分的に,ˈpɑrʃəli,
particle,粒子,ˈpɑrtəkəl,
partition,衝立；分離；衝立で仕切る,pɑrˈtɪʃən,
passive,"受動的な,受け身の,消極的な；無抵抗の；受動態",ˈpæsɪv,
passport,旅券；通行許可証；確実な手段,ˈpæˌspɔrt,
patch,パッチ；部分；斑点；継ぎ当て,pæʧ,
patent,特許,ˈpætənt,
payable,支払い可能,ˈpeɪəbəl,
payback,投資回収,ˈpeɪˌbæk,
payoff,精算,ˈpeɪˌɔf,
payout,支払い,ˈpeɪˌaʊt,
payroll,給与計算,ˈpeɪˌroʊl,
peaceful,平穏,ˈpisfəl,
peacekeeping,平和維持,ˈpiˌskipɪŋ,
peg,フック；かけ釘；きっかけ；ペグ,pɛg,
pending,保留中,ˈpɛndɪŋ,
pensioner,年金受給者,ˈpɛnʃənər,
performer,出演者,pərˈfɔrmər,
periodic,周期性,ˌpɪriˈɑdɪk,
periodically,定期的に,ˌpiriˈɑdɪkəli,
permanently,永久に,ˈpɜrmənəntli,
perpetual,永久的な,pərˈpɛʧuəl,
persist,持続,pərˈsɪst,
persistent,持続的,pərˈsɪstənt,
peso,ペソ,ˈpeɪsoʊ,
pet,愛玩動物；大好きな；お気に入りの；支持している,pɛt,
petition,嘆願,pəˈtɪʃən,
petrol,ガソリン,ˈpɛtroʊl,
petty,ささいな,ˈpɛti,
pharmaceutical,製薬,ˌfɑrməˈsutɪkəl,
physically,物理的に,ˈfɪzɪkəli,
physician,医師；内科医,fəˈzɪʃən,
physics,物理,ˈfɪzɪks,
pill,錠剤；経口避妊薬,pɪl,
pin,ピン；ピンで留める；組み伏せる；なすりつける；期待をかける,pɪn,
pioneer,先駆者；開拓者；開拓する,ˌpaɪəˈnɪr,
pipeline,送油菅；機密ルート；パイプライン,ˈpaɪˌplaɪn,
pit,穴；採石場；くぼみ；ピット,pɪt,
pizza,ピザ,ˈpitsə,
placement,配置,ˈpleɪsmənt,
plague,ペスト,pleɪg,
plainly,はっきり,ˈpleɪnli,
plaintiff,原告,ˈpleɪntəf,
planner,計画者；立案者；スケジュール表,ˈplænər,
plausible,もっともらしい；口先のうまい；見込みのある,ˈplɔzəbəl,
plead,懇願する；抗弁する；言い訳をする,plid,
pledge,誓約；公約；抵当；誓う；質に入れる,plɛʤ,
plug,プラグ；つなぐ；インターネットに接続する,plʌg,
plunge,飛び込み,plʌnʤ,
poison,毒,ˈpɔɪzən,
policeman,警官,pəˈlismən,
policyholder,保険契約者,ˈpɑləsiˌhoʊldər,
policymaker,政策立案者,ˈpɑləsiˌmeɪkər,
politically,政治的に,pəˈlɪtɪkəli,
poorly,不完全に,ˈpurli,
popularity,人気,ˌpɑpjəˈlɛrəti,
populist,人民主義者；ポピュリスト,ˈpɑpjələst,
portable,携帯用の；移動式の,ˈpɔrtəbəl,
portfolio,書類入れ；自作の作品集；ポートフォリオ,pɔrtˈfoʊliˌoʊ,
portray,描写,pɔrˈtreɪ,
positively,積極的に,ˈpɑzətɪvli,
poster,ポスター,ˈpoʊstər,
postpone,後回し,poʊstˈpoʊn,
practitioner,開業医,prækˈtɪʃənər,
pre,前,pri,
precede,先行,prɪˈsid,
precedent,先例,ˈprɛsɪdənt,
precious,貴重,ˈprɛʃəs,
precision,精度,priˈsɪʒən,
predecessor,前任者,ˈprɛdəˌsɛsər,
predetermine,"…を前もって決める[方向を定める, 仕向ける]",ˌpridɪˈtɜrmən,
predictable,予測可能な,prɪˈdɪktəbəl,
prediction,予測,priˈdɪkʃən,
predictor,予測因子,prɪˈdɪktər,
prejudice,偏見,ˈprɛʤədɪs,
preliminary,予備的,prɪˈlɪməˌnɛri,
premier,首相,prɛˈmɪr,
premium,保険料；割増料金；賞品；高級な,ˈprimiəm,
prepayment,元払い,priˈpeɪmənt,
prescribe,処方する；規定する；時効で無効にする,prəˈskraɪb,
prescription,処方,prəˈskrɪpʃən,
presidency,大統領,ˈprɛzədənsi,
presume,推定する,prɪˈzum,
prevail,普及している；勝つ；説得する,prɪˈveɪl,
prevention,防止,priˈvɛnʃən,
privacy,プライバシー；私的な自由,ˈpraɪvəsi,
privately,個人的に,ˈpraɪvətli,
privatization,民営化,ˈpraɪvətəˈzeɪʃən,
privatize,民営化,ˈprɪvəˌtaɪz,
probable,ありそう,ˈprɑbəbəl,
probe,調査,proʊb,
processor,プロセッサ；中央演算装置；加工するもの,ˈprɑˌsɛsər,
proclaim,宣言する,proʊˈkleɪm,
procurement,調達,proʊˈkjʊrmənt,
prod,突く；促す；駆り立てる；刺激；促進,prɑd,
productive,"（形）生産的な,多産な；実りのある,建設的な；利益をもたらす",prəˈdʌktɪv,
productivity,生産性,ˌproʊdəkˈtɪvəti,
profitability,採算性,ˌprɑfɪtəˈbɪlɪti,
profitable,有益,ˈprɑfətəbəl,
programmer,プログラマー,ˈproʊˌgræmər,
progressive,進歩的な；革新的な,prəˈgrɛsɪv,
prohibit,禁止する,proʊˈhɪbət,
projection,投影,prəˈʤɛkʃən,
proliferation,"急増, 激増; (核兵器の)拡散；(細胞などの急激な)増殖",ˌproʊlɪfəˈreɪʃən,
prolong,長くする；延長する,prəˈlɔŋ,
prominent,主要,ˈprɑmənənt,
promotional,販売促進用の；宣伝用の,prəˈmoʊʃənəl,
promptly," 迅速に, 即刻; 即座に, にわかに; ちょうど",ˈprɑmptli,
prone,起こりやすい,proʊn,
pronounce,発音する,prəˈnaʊns,
prop,小道具,prɑp,
proportional,比例した；釣り合った；文字幅を調整した,prəˈpɔrʃənəl,
proposition,命題,ˌprɑpəˈzɪʃən,
proprietary,所有者,prəˈpraɪəˌtɛri,
proprietorship,所有権,prəˈpraɪətərˌʃɪp,
prosecute,起訴する；陳述する；遂行する；被告を追訴する,ˈprɑsəˌkjut,
prosecution,起訴,ˌprɑsəˈkjuʃən,
prosecutor,検察,ˈprɑsɪˌkjutər,
prospective,期待される；起こりそうな,prəˈspɛktɪv,
prospectus,目論見書,prəˈspɛktəs,
prosper,繁栄する；成長する,ˈprɑspər,
prosperity,繁栄,prɑˈspɛrəti,
prosperous,繁栄している；成功した；裕福な,ˈprɑspərəs,
protester,抗議,ˈproʊˌtɛstər,
protocol,外交儀礼；議定書；プロトコル,ˈproʊtəˌkɑl,
prototype,プロトタイプ；試作品,ˈproʊtəˌtaɪp,
provider,プロバイダ；接続事業者；供給者,prəˈvaɪdər,
provincial,州の,prəˈvɪnʃəl,
provoke,"〈人の反応など〉を引き起こす, 誘発する；怒らせる, 挑発する；駆り立てる",prəˈvoʊk,
proxy,代理,ˈprɑksi,
prudent,慎重な,ˈprudənt,
psychology,心理学,saɪˈkɑləʤi,
publicity,宣伝,pəˈblɪsəti,
publicly,公に,ˈpʌblɪkli,
publish,発行する,ˈpʌblɪʃ,
punish,罰する；酷い目に合わせる；ペロリと平らげる,ˈpʌnɪʃ,
punishment,罰,ˈpʌnɪʃmənt,
purchaser,購入者,ˈpɜrʧəsər,
purely,純粋に,ˈpjʊrli,
pursuant,従う,pərˈsuənt,
pursuit,"追求；実行；追跡；追求するもの（娯楽,学業,仕事）",pərˈsut,
puzzle,パズル,ˈpʌzəl,
qualitative,定性,ˈkwɑləˌteɪtɪv,
quantify,定量化,ˈkwɑntɪˌfaɪ,
quantitative,量的な,ˈkwɑntɪˌteɪtɪv,
quarterly,季刊,ˈkwɔrtərli,
quasi,疑似,ˈkwɑsi,
query,質問,ˈkwiri,
questionnaire,アンケート,ˌkwɛsʧəˈnɛr,
queue,行列；順番を待つ人々；待ち行列に入れる,kju,
quit,終了する,kwɪt,
quota,分け前；割り当て；定員,ˈkwoʊtə,
quotation,引用,kwoʊˈteɪʃən,
rage,激怒,reɪʤ,
raid,襲撃,reɪd,
railway,鉄道,ˈreɪlˌweɪ,
rally,集まる；回復する；打ち合う,ˈræli,
randomly,無作為に,ˈrændəmli,
rape,レイプ,reɪp,
ratify,批准する,ˈrætəˌfaɪ,
ration,食糧,ˈræʃən,
rational,合理的な,ˈræʃənəl,
rationale,根拠,ˌræʃəˈnæl,
ray,光線；熱線；発する,reɪ,
reactor,原子炉；反応器；反応を示す人,riˈæktər,
readily,容易に,ˈrɛdəli,
realistic,現実的,ˌriəˈlɪstɪk,
realizable,実現,ˌriəˈlaɪzəbəl,
realization,実現,ˈriləˈzeɪʃən,
reap,得る；享受する；刈り取る；,rip,
reassure,安心させる；元気づける,ˌriəˈʃʊr,
rebate,払い戻し；割引金,ˈriˌbeɪt,日本語の「リベート」と異なり非合法な意味はない
rebel,反乱,ˈrɛbəl,
rebound,はね返る；再び上昇する,riˈbaʊnd,
rebuild,再構築,riˈbɪld,
receipt,領収書,rɪˈsit,
receivable,受取,rɪˈsivəbəl,
receiver,受信機,rəˈsivər,
recession,不況,rɪˈsɛʃən,
recipe,調理法；原因；秘訣,ˈrɛsəpi,
recipient,受信者,rəˈsɪpiənt,
reconcile,和解させる；調停する；一致させる,ˈrɛkənˌsaɪl,
reconciliation,和解,ˌrɛkənˌsɪliˈeɪʃən,
reconstruction,復興,ˌrikənˈstrʌkʃən,
recruitment,募集,rəˈkrutmənt,
recycle,再利用する,riˈsaɪkəl,
redeem,改善する；名誉挽回する；救済する；履行する；返済する；償還する；現金[商品]に換える；買い戻す,rɪˈdim,基本にあるのは「取り戻す」という意味。
redemption,"救済,解放,救い；(株式･債券などの)償還,買い戻し；質受け",rɪˈdɛmpʃən,
redesign,再設計,ˌridɪˈzaɪn,
redundancy,冗長性,rɪˈdʌndənsi,
referendum,人民投票,ˌrɛfəˈrɛndəm,
referral,照会,rɪˈfɜrəl,
refinance,借り換え,ˌrifəˈnæns,
refine,洗練する；向上させる,rəˈfaɪn,
reformer,改革者；宗教改革者,rɪˈfɔrmər,
reformist,改革,rɪˈfɔrmɪst,
refund,返金,ˈriˌfʌnd,
refusal,拒否,rəˈfjuzəl,
regain,取り戻す；回復する,rɪˈgeɪn,
regime,領域,rəʒˈim,
regression,回帰,rəˈgrɛʃən,
regulator,規制者,ˈrɛgjəˌleɪtər,
regulatory,規制,ˈrɛgjələˌtɔri,
rein,手綱；統御；制御；抑制,reɪn,
reinforce,強化する,ˌriɪnˈfɔrs,
reinforcement,強化,ˌriɪnˈfɔrsmənt,
reinvest,再び投資する,ˌriɪnˈvɛst,
reinvestment,再投資,ˌriɪnˈvɛstmənt,
rejection,拒絶,rɪˈʤɛkʃən,
relational,関連した,riˈleɪʃənəl,
relevance,関連性,ˈrɛləvəns,
reliability,確実,riˌlaɪəˈbɪləti,
reliance,依存,rɪˈlaɪəns,
relieve,取り除く；和らげる；安心させる,rɪˈliv,
reluctance,不本意,rɪˈlʌktəns,
reluctant,消極的,rɪˈlʌktənt,
remainder,余り,rɪˈmeɪndər,
remarkably,著しく,rɪˈmɑrkəbli,
remedy,療法,ˈrɛmədi,
reminder,リマインダー；思い出させるもの,riˈmaɪndər,
removal,除去,rɪˈmuvəl,
render,(~ A B)AをBにする；伝える,ˈrɛndər,
renew,更新する；継続する；再開する,rɪˈnu,
renewable,"再生可能な；〈契約などが〉更新できる, 継続できる；再生可能エネルギー",riˈnuəbəl,
renewal,再開；復活；更新,rɪˈnuəl,
rental,賃貸；賃貸料,ˈrɛntəl,
reorganization,再編,ˌriɔrgənəˈzeɪʃən,
repay,返済する；報いる,riˈpeɪ,
repayment,返済；報酬,riˈpeɪmənt,
repeatedly,繰り返し,rɪˈpitɪdli,
repertoire,レパートリー；能力範囲,ˈrɛpərˌtwɑr,
replacement,置換,rɪˈpleɪsmənt,
replicate,複製,ˈrɛpləˌkeɪt,
reportedly,報道によれば；うわさによると,rɪˈpɔrtədli,
reprint,再版,riˈprɪnt,
reproduce,再生,ˌriprəˈdus,
republic,共和国,riˈpʌblək,
repurchase,買戻し,riˈpɜrʧəs,
resale,転売,ˈriˌseɪl,
resemble,似ている；たとえる,rɪˈzɛmbəl,
reservation,予約,ˌrɛzərˈveɪʃən,
residence,住宅；家；邸宅；居住すること,ˈrɛzɪdəns,
residential,居住の,ˌrɛzɪˈdɛnʧəl,
residual,残りの,rɪˈzɪʤuəl,
resignation,辞任,ˌrɛzəgˈneɪʃən,
respective,それぞれの,rɪˈspɛktɪv,
respondent,被告,rɪˈspɑndənt,
restate,言い換える,riˈsteɪt,
restrain,制止する；禁じる；拘束する；抑える,riˈstreɪn,
restraint,拘束,rɪˈstreɪnt,
restrictive,限定的,riˈstrɪktɪv,
restructure,再構築,riˈstrʌkʧər,
resume,履歴書,rɪˈzum,
retailer,小売店,ˈriˌteɪlər,
retention,保持,riˈtɛnʃən,
retreat,退却,riˈtrit,
retrieve,取り戻す；回収する；検索する；挽回する,rɪˈtriv,
revaluation,再評価,riˈvæljuˈeɪʃən,
reversal,逆転,rɪˈvɜrsəl,
revision,修正；改正,riˈvɪʒən,
revival,復活,rɪˈvaɪvəl,
revive,蘇生させる；復活させる；生き返る,rɪˈvaɪv,
revolutionary,革命的,ˌrɛvəˈluʃəˌnɛri,
rewrite,書き直す；改正する,riˈraɪt,
rhetoric,レトリック,ˈrɛtərɪk,
rig,"艤装する；備える；用具一式；〈投票･価格･市場など〉を不正に操作する, 操る",rɪg,
rightly,正しく,ˈraɪtli,
rigid,厳格,ˈrɪʤəd,
rigorous,厳しい,ˈrɪgərəs,
riot,暴動,ˈraɪət,
risky,危険な；危険を伴った,ˈrɪski,
robot,ロボット,ˈroʊˌbɑt,
robust,"強靭な, 壮健な;頑丈な",roʊˈbʌst,
rocket,ロケット,ˈrɑkət,
rose,バラ；バラ色の,roʊz,
routinely,日常,ruˈtinli,
royalty,皇族,ˈrɔɪəlti,
ruler,定規,ˈrulər,
rumor,噂,ˈrumər,
sack,袋,sæk,
sacrifice,犠牲,ˈsækrəˌfaɪs,
sadly,悲しげに,ˈsædli,
safeguard,安全対策,ˈseɪfˌgɑrd,
salespeople,営業担当者,ˈseɪlzˌpipəl,
salesperson,店員,ˈseɪlzˌpɜrsən,
salvage,引き上げ,ˈsælvəʤ,
satellite,衛星,ˈsætəˌlaɪt,
satisfactory,満足のいく；納得のいく,ˌsætəˈsfæktri,
saver,節約するもの；貯蓄家,ˈseɪvər,
scandal,スキャンダル；醜聞；汚職事件,ˈskændəl,
scarce,不足して；十分にない；,skɛrs,
scatter,散布,ˈskætər,
scenario,筋書き；(予想される)事態；台本,sɪˈnɛrioʊ,
scorecard,得点表；選手リスト；検査手順,ˈskɔrˌkɑrd,
scrap,切れ端；かけら；スクラップ,skræp,
scratch,かく；引っ掻き傷をつける,skræʧ,
script,脚本,skrɪpt,
scrutiny,検討,ˈskrutəni,
seasonal,季節的,ˈsizənəl,
secular,世俗的な,ˈsɛkjələr,
seeker,探し求める人；探求者,ˈsikər,
seemingly,一見,ˈsimɪŋli,
segmentation,分解；分割,ˌsɛgmənˈteɪʃən,
seize,つかむ,siz,
seldom,滅多,ˈsɛldəm,
selective,選択,səˈlɛktɪv,
seller,売り手,ˈsɛlər,
semi,半；やや；いくぶん；不十分な,ˈsɛmi,
seminar,ゼミ；少人数の演習；研究会；研究科,ˈsɛməˌnɑr,
senator,上院議員,ˈsɛnətər,
sensible,"分別がある,思慮深い；実用的な,実用本位の；顕著な,目立つ；認識している",ˈsɛnsəbəl,
sensitivity,感度,ˌsɛnsɪˈtɪvɪti,
sensor,センサー,ˈsɛnsər,
sentiment,感情,ˈsɛntəmənt,
separately,別々に,ˈsɛpərətli,
separation,分離,ˌsɛpəˈreɪʃən,
separatist,分離主義者,ˈsɛpərətɪst,
serial,連続もの；連続的な；直列の,ˈsɪˌriəl,
setup,セットアップ；準備,ˈsɛˌtʌp,
severely,厳しく,səˈvɪrli,
sharply,鋭く,ˈʃɑrpli,
shed,小屋,ʃɛd,
sheer,（形）まったくの；純粋な；すさまじい；垂直の；非常に薄い；（副）垂直に；まったく；（名）透けるような薄い織物,ʃɪr,
shield,盾,ʃild,
shipment,出荷,ˈʃɪpmənt,
shopper,消費者,ˈʃɑpər,
shortage,不足；欠乏,ˈʃɔrtəʤ,
shortfall,不足額,ˈʃɔrtˌfɔl,
shortly,まもなく,ˈʃɔrtli,
shrink,縮む；減少する；縮ませる,ʃrɪŋk,
signature,署名,ˈsɪgnəʧər,
similarity,相似,ˌsɪməˈlɛrəti,
simplicity,単純,sɪmˈplɪsəti,
simplify,簡素化する,ˈsɪmpləˌfaɪ,
simulate,擬似的に作り出す；模擬的に行う,ˈsɪmjələt,
simulation,模擬実験,ˌsɪmjəˈleɪʃən,
simultaneously,同時に,ˌsaɪməlˈteɪniəsli,
skeptic,疑り深い人；無神論者；懐疑論者,ˈskɛptɪk,
skeptical,懐疑的な；疑い深い,ˈskɛptəkəl,
slack,ゆるんだ；活気のない；怠慢な；ゆるみ,slæk,
slash,切り裂く；深傷を負わせる；斬りつけること,slæʃ,
slim,ほっそりとした；わずかな,slɪm,
slogan,スローガン；標語,ˈsloʊgən,
slot,スロット,slɑt,
slowdown,速度を落とす,ˈsloʊˌdaʊn,
slump,どすんと落ちる；暴落する；不振,slʌmp,
smuggle,密輸,ˈsmʌgəl,
soar,舞い上がる,sɔr,
socialist,社会主義者,ˈsoʊʃələst,
socially,社会的に,ˈsoʊʃəli,
solar,太陽,ˈsoʊlər,
sole,唯一,soʊl,
solely,単に,ˈsoʊəli,
sometime,いつか,ˈsʌmˌtaɪm,
sophisticate,高度化,səˈfɪstəˌkeɪt,
sovereign,主権者,ˈsɑvrən,
sovereignty,主権,ˈsɑvrənti,
span,期間；またがる,spæn,
spark,火花；ひらめき,spɑrk,
specialization,専門化,ˌspɛʃələˈzeɪʃən,
specialty,専門,ˈspɛʃəlti,
specification,仕様,ˌspɛsɪfɪˈkeɪʃən,
spectacular,壮観な,spɛkˈtækjələr,
spectrum,(a ~of A)Aの変動範囲；スペクトル；残像,ˈspɛktrəm,
speculate,推測する；投機する,ˈspɛkjəˌleɪt,
speculation,推測；憶測；考察；投機；思惑買い,ˌspɛkjəˈleɪʃən,
speculative,推測的な；投機的な；思索にふける,ˈspɛkjələtɪv,
speculator,投機家；思索家,ˈspɛkjəˌleɪtər,
spill,溢流,spɪl,
spite,悪意,spaɪt,
spokesman,代弁者,ˈspoʊksmən,
sponsorship,主催,ˈspɑnsərˌʃɪp,
spouse,配偶者,spaʊs,
spreadsheet,スプレッドシート；表計算ソフト,ˈsprɛdˌʃit,
spur,拍車,spɜr,
spy,スパイ,spaɪ,
squeeze,圧搾する；強く握る；絞る；割り込む；詰め込む,skwiz,
stabilize,安定させる,ˈsteɪbəˌlaɪz,
stack,積み重ね；積み重ねる,stæk,
stakeholder,利害関係者,ˈsteɪkˌhoʊldər,
stall,失速,stɔl,
stance,態度；立場；構え；姿勢,stæns,
standardize,標準化,ˈstændərˌdaɪz,
static,静的,ˈstætɪk,
statistical,統計的,stəˈtɪstɪkəl,
statistically,統計的に,stəˈtɪstɪkəli,
statistics,統計,stəˈtɪstɪks,
statute,法令,ˈstæʧut,
statutory,法定の,ˈstæʧəˌtɔri,
steadily,どんどん,ˈstɛdəli,
steam,蒸気,stim,
steep,急勾配の,stip,
steer,操縦する；連れて行く；進む,stɪr,
sterling,英貨；ポンド,ˈstɜrlɪŋ,
stimulus,刺激,ˈstɪmjələs,
stochastic,"確率的な,確率論的な,推計学的な",stoʊˈkæstɪk,
stockholder,株主,ˈstɑkˌhoʊldər,
stockmarket,株式市場,ˈstɑkˌmɑrkɪt,
straightforward,わかりやすい,ˈstreɪtˈfɔrwərd,
strategic,戦略的,strəˈtiʤɪk,
streamline,流線,ˈstrimˌlaɪn,
strictly,厳密に,ˈstrɪktli,
strive,努力,straɪv,
sub,補欠；補充員；補助的；次位の,sʌb,
subjective,主観的,səbˈʤɛktɪv,
subordinate,下位,səˈbɔrdənət,
subprime,上位に次ぐ位；信用リスクの大きい消費者,subprime,
subscribe,申し込む,səbˈskraɪb,
subscriber,加入者,səbˈskraɪbər,
subscription,購読,səbˈskrɪpʃən,
subsection,小区分,ˈsʌbsɛkʃən,
subsidiary,子会社,səbˈsɪdiˌɛri,
subsidize,助成,ˈsʌbsɪˌdaɪz,
subsidy,補助金,ˈsʌbsɪdi,
substantially,実質的,səbˈstænʃəli,
substitution,代入,ˌsʌbstɪˈtuʃən,
subtle,"微妙な,目立たない,わずかな；かすかな,淡い；希薄な；巧妙な；狡猾な；鋭敏な,敏感な",ˈsʌtəl,
subtract,引く；減じる；控除する；引き算する,səbˈtrækt,
suburb,郊外,ˈsʌbərb,
succession,継承,səkˈsɛʃən,
successive,連続した,səkˈsɛsɪv,
successor,後継,səkˈsɛsər,
sue,訴える,su,
sufficiently,十分に,səˈfɪʃəntli,
suicide,自殺,ˈsuəˌsaɪd,
suite,ひとつづきの部屋；ひと組；ソフトウェアパッケージ；組曲,swit,
summit,首脳会談；山頂；頂点,ˈsʌmət,
super,素晴らしい,ˈsupər,
superior,優れている,suˈpɪriər,
supermarket,スーパーマーケット,ˈsupərˌmɑrkɪt,
supervise,監督する,ˈsupərˌvaɪz,
supervision,監督,ˌsupərˈvɪʒən,
supervisor,監督者,ˈsupərˌvaɪzər,
supervisory,監督上の；監督者の,ˌsupərˈvaɪzəri,
supposedly,たぶん,səˈpoʊzədli,
suppress,抑制,səˈprɛs,
surge,殺到する；こみ上げてくる；高揚,sɜrʤ,
surplus,余剰,ˈsɜrpləs,
surrender,降伏,səˈrɛndər,
surveillance,監視,sərˈveɪləns,
suspicion,疑い,səˈspɪʃən,
suspicious,疑わしい,səˈspɪʃəs,
sustainability,持続可能性,səˌsteɪnəˈbɪlɪti,
sustainable,持続可能な,səˈsteɪnəbəl,
swap,交換する；交換,swɑp,
swell,うねり,swɛl,
swiftly,素早く,ˈswɪftli,
sympathy,同情,ˈsɪmpəθi,
syndicate,企業連合；犯罪組織；理事会；通信社を通じて同時に流れる,ˈsɪndɪkət,
synergy,相乗効果,ˈsɪnərʤi,
synthetic,合成,sɪnˈθɛtɪk,
systematic,系統的,ˌsɪstəˈmætɪk,
tactic,作戦；かけひき；戦術；配列の,ˈtæktɪk,
tactical,戦術的な,ˈtæktɪkəl,
tag,鬼ごっこ,tæg,
tailor,洋服屋；仕立て屋；服を仕立てる,ˈteɪlər,
takeover,買収,ˈteɪˌkoʊvər,
tangible,有形,ˈtænʤəbəl,
tariff,関税,ˈtɛrəf,
taxable,課税対象となる；課税対象者,ˈtæksəbəl,
taxation,課税；税金額,tækˈseɪʃən,
taxpayer,納税者,ˈtækˌspeɪər,
tech,工科大学；技術；技術者；技術系の,tɛk,
technically,技術的に,ˈtɛknɪkəli,
technological,科学技術の,ˌtɛknəˈlɑʤɪkəl,
telecom,遠距離通信；電気通信技術,ˈtɛləkɑm,
telecommunication,電気通信,ˌtɛləkəmˌjunɪˈkeɪʃən,
template,型板；ひな型；定型書式,ˈtɛmplət,
temporarily,仮に,ˌtɛmpəˈrɛrəli,
tempt,誘惑する,tɛmpt,
tenant,賃借人；占有者；賃借されている,ˈtɛnənt,
tenure,任期,ˈtɛnjər,
terminal,末期の；最終の；発着場；端末；端子,ˈtɜrmənəl,
terminate,終わらせる；中絶する；解雇する；暗殺する,ˈtɜrməˌneɪt,
termination,終了；中絶；解雇,tərməˈneɪʃən,
terror,恐怖；暴力行為；テロ,ˈtɛrər,
terrorism,テロ,ˈtɛrəˌrɪzəm,
testify,証言する,ˈtɛstəˌfaɪ,
testimony,証言,ˈtɛstəˌmoʊni,
textbook,教科書,ˈtɛkstˌbʊk,
textile,繊維,ˈtɛkˌstaɪl,
theft,盗難,θɛft,
thereafter,以降,ðɛˈræftər,
thereby,それによって,ˈðɛrˈbaɪ,
thorough,綿密な,ˈθɜroʊ,
thoroughly,徹底的に,ˈθɜroʊli,
threshold,しきい値,ˈθrɛˌʃoʊld,
thrive,繁栄,θraɪv,
thumb,親指,θʌm,
tick,ダニ,tɪk,
tide,潮,taɪd,
tier,座席；段；階層,ˈtaɪər,
tighten,しっかりと締める；厳しくする；ピンと張る,ˈtaɪtən,
timber,木材,ˈtɪmbər,
timely,タイミングの良い；おりよく,ˈtaɪmli,
timetable,時刻表,ˈtaɪmˌteɪbəl,
tobacco,タバコ,təˈbæˌkoʊ,
tolerance,寛容,ˈtɑlərəns,
tolerate,容認,ˈtɑləˌreɪt,
toll,通行料金,toʊl,
ton,トン；馬鹿げた重さ；多量,tʌn,
tonne,メートルトン,tʌn,
tort,不法行為,tɔrt,
torture,拷問,ˈtɔrʧər,
trademark,商標,ˈtreɪdˌmɑrk,
trader,商売をする人；貿易業者；商船；,ˈtreɪdər,
traditionally,伝統的に,trəˈdɪʃənəli,
trainee,研修生,ˈtreɪˈni,
trait,特徴；特性；性質,treɪt,
tranche,分割払い込み金,trænʧ,
transaction,取引；業務の処理；議事録,trænˈzækʃən,
transformation,変換,ˌtrænsfərˈmeɪʃən,
transit,運送；運送機関；通過；横切る,ˈtrænzɪt,
translation,翻訳,trænˈzleɪʃən,
transmission,送信；伝達；放送；変速機；伝導,trænˈsmɪʃən,
transmit,送信,trænzˈmɪt,
transparency,透明度,trænˈspɛrənsi,
transparent,透明な；見えすいた；わかりやすい；公正明大な,trænˈspɛrənt,
traveler,旅行者,ˈtrævələr,
treasury,"財務省,大蔵省；宝庫,宝物殿,貴重品室；国庫,歳入;公庫,基金,資金",ˈtrɛʒəri,
treaty,条約,ˈtriti,
tremendous,ものすごい；すばらしい；恐ろしい,trəˈmɛndəs,
tribal,部族,ˈtraɪbəl,
tribe,部族,traɪb,
tribunal,審判,trəˈbjunəl,
tricky,巧妙な；手の込んだ；扱いにくい；狡猾な,ˈtrɪki,
trim,刈り込む；摘み取る,trɪm,
triple,3部からなる,ˈtrɪpəl,
triumph,勝利,ˈtraɪəmf,
trustee,"(他人の財産管理などの)受託者, 被信託人,管財人；評議員,理事；委託する.",ˌtrʌˈsti,
tumble,転ぶ；倒れる,ˈtʌmbəl,
tunnel,トンネル,ˈtʌnəl,
tuple,組；タプル,tuple,順序付けられた複数の要素で構成される組。
turmoil,騒ぎ,ˈtɜrˌmɔɪl,
turnover,売上高,ˈtɜrˌnoʊvər,
ultimate,究極,ˈʌltəmət,
unauthorized,不正,əˈnɔθəˌraɪzd,
uncertain,不確実,ənˈsɜrtən,
unchanged,変更なし,ənˈʧeɪnʤd,
uncover,ふたをとる；身につけたものを脱ぐ；暴露する,ənˈkʌvər,
underestimate,過小評価,ˈʌndəˈrɛstəmət,
underground,地下,ˈʌndərˌgraʊnd,
undermine,ひそかに傷つける；阻む,ˈʌndərˌmaɪn,
underpin,支える,ˈʌndərˌpɪn,
undervalue,過小評価,ˈʌndərˌvælju,
underwrite,引き受ける,ˈʌndərˌraɪt,
underwriter,引受,ˈʌndərˌraɪtər,
undoubtedly,きっと,ənˈdaʊtɪdli,
unemployed,失業者,ˌʌnɛmˈplɔɪd,
unexpected,予想外,ˌʌnɪkˈspɛktɪd,
unexpectedly,意外と,ˌʌnɪkˈspɛktɪdli,
unfair,不公平な；不正な,ənˈfɛr,
unfavorable,不利,ˌʌnˈfeɪvərəbəl,
unhappy,不幸,ənˈhæpi,
unify,統一,ˈjunəˌfaɪ,
unity,"単一(性),統一,統合；団結；一貫性；一致；調和",ˈjunəti,
unlimited,無制限,ənˈlɪmətəd,
unnecessary,不要,ənˈnɛsəˌsɛri,
unpaid,未払い,ənˈpeɪd,
unpopular,不人気,ˌʌnˈpɑpjələr,
unprecedented,未曾有,ənˈprɛsɪˌdɛntɪd,
unpredictable,予測不可能な,ˌʌnprɪˈdɪktəbəl,
unrelated,無関係,ˌʌnrɪˈleɪtɪd,
unsecured,無担保の; 施錠されていない,ˌʌnsɪˈkjʊrd,
unusually,異常,ənˈjuʒˌuəli,
unveil,"を初公開する, 明らかにする；の除幕(式)を行う；ベール（覆い）を取る；正体を現す",ənˈveɪl,
unwilling,不本意,ənˈwɪlɪŋ,
upgrade,アップグレード,əpˈgreɪd,
upward,上向きに,ˈʌpwərd,
uranium,ウラン,jəˈreɪniəm,
urgent,緊急,ˈɜrʤənt,
usage,使用法,ˈjusəʤ,
utility,公共事業体；有用；役に立つもの,juˈtɪləti,
utilization,利用,ˌjutələˈzeɪʃən,
utilize,利用する；活用する,ˈjutəˌlaɪz,
vacation,休暇,veɪˈkeɪʃən,
vaccine,ワクチン,ˌvækˈsin,
vague,あいまい,veɪg,
valid,妥当,ˈvæləd,
validity,有効,vəˈlɪdəti,
valuation,評価,væljuˈeɪʃən,
variability,変動,vɛriəˈbɪlɪti,
variance,分散,ˈvɛriəns,
vector,ベクトル；方向量；病原菌媒介生物,ˈvɛktər,
vendor,物売り；製造販売会社,ˈvɛndər,
verbal,口頭,ˈvɜrbəl,
verdict,評決,ˈvɜrdɪkt,
verify,確認,ˈvɛrəˌfaɪ,
vertical,垂直,ˈvɜrtɪkəl,
vest,ベスト；チョッキ,vɛst,
veto,拒否,ˈvitoʊ,
viable,実現可能な；実行可能な：成功の見込める；成長可能な；生存可能な,ˈvaɪəbəl,
viewer,見るひと；検査官；ビューア,ˈvjuər,
violate,違反する,ˈvaɪəleɪt,
violation,違反,vaɪəˈleɪʃən,
virtual,実質上の；仮想の,ˈvɜrʧuəl,
virtue,美徳,ˈvɜrʧu,
visa,ビザ；査証；査証する,ˈvizə,
void,無効な；空虚な；あいた；効果のない；虚空；喪失感；欠如；無効にする；からにする,vɔɪd,
volatile,揮発性,ˈvɑlətəl,
volatility,揮発度,ˌvɑləˈtɪləti,
voucher,伝票,ˈvaʊʧər,
vow,誓い,vaʊ,
vulnerable,脆弱,ˈvʌlnərəbəl,
warehouse,倉庫,ˈwɛrˌhaʊs,
warrant,令状,ˈwɔrənt,
warranty,保証,ˈwɔrənti,
wary,警戒している,ˈwɛri,
weaken,弱める；弱体化する,ˈwikən,
website,ウェブサイト,ˈwɛbˌsaɪt,
wheat,小麦,wit,
whereby,これにより,wɛrˈbaɪ,
wholesale,卸し,ˈhoʊlˌseɪl,
wholesaler,卸売業者,ˈhoʊlˌseɪlər,
wholly,全く,ˈhoʊli,
widen,広げる,ˈwaɪdən,
widespread,広範,ˈwaɪdˈsprɛd,
willingness,意欲,ˈwɪlɪŋnəs,
wireless,無線,ˈwaɪrlɪs,
wisdom,知恵,ˈwɪzdəm,
withdrawal,撤退,wɪðˈdrɔəl,
withhold,差し控える,wɪθˈhoʊld,
woe,悲哀,woʊ,
workforce,労働力,ˈwɜrkˌfɔrs,
workplace,職場,ˈwɜrkˌpleɪs,
worksheet,練習問題；作業の進行表,ˈwɜrkˌʃit,
workshop,工房,ˈwɜrkˌʃɑp,
worldwide,世界的に,ˈwɜrlˈdwaɪd,
worsen,さらに悪くなる；悪化する,ˈwɜrsən,
worthwhile,やりがいのある,ˈwɜrˈθwaɪl,
worthy,ふさわしい,ˈwɜrði,
yearly,毎年,ˈjɪrli,
yen,円,jɛn,
yuan,元,juˈɑn,